2026-01-08 02:03:40,851 [INFO] === Congress.gov Ingestion Pipeline Started ===
2026-01-08 02:03:42,252 [INFO] Found source_type constraint: CHECK ((source_type = ANY (ARRAY['vote'::text, 'bill'::text, 'donation'::text, 'statement'::text, 'member'::text, 'profile'::text, 'press_release'::text, 'social_media'::text])))
2026-01-08 02:03:42,252 [INFO] Allowed source_types: ['vote', 'bill', 'donation', 'statement', 'member', 'profile', 'press_release', 'social_media']
2026-01-08 02:03:42,252 [INFO] === Starting members ingestion for house, Congress 118 ===
2026-01-08 02:03:42,252 [INFO] Fetching house members for Congress 118
2026-01-08 02:03:56,627 [INFO] Retrieved 2600 house members
2026-01-08 02:03:56,627 [INFO] Found 2600 members
2026-01-08 02:03:57,275 [ERROR] Failed to ingest member L000578: column "full_name" does not exist
LINE 3:                     WHERE full_name = '' AND state = 'Califo...
                                  ^

2026-01-08 02:03:58,112 [ERROR] Failed to ingest member G000596: column "full_name" does not exist
LINE 3:                     WHERE full_name = '' AND state = 'Georgi...
                                  ^

2026-01-08 02:03:58,912 [ERROR] Failed to ingest member Z000008: column "full_name" does not exist
LINE 3:                     WHERE full_name = '' AND state = 'New Je...
                                  ^

2026-01-08 02:03:59,728 [ERROR] Failed to ingest member S000146: column "full_name" does not exist
LINE 3:                     WHERE full_name = '' AND state = 'Pennsy...
                                  ^

2026-01-08 02:04:00,557 [ERROR] Failed to ingest member C000077: column "full_name" does not exist
LINE 3:                     WHERE full_name = '' AND state = 'Colora...
                                  ^

2026-01-08 02:04:01,374 [ERROR] Failed to ingest member R000619: column "full_name" does not exist
LINE 3:                     WHERE full_name = '' AND state = 'Ohio' ...
                                  ^

2026-01-08 02:04:02,179 [ERROR] Failed to ingest member J000312: column "full_name" does not exist
LINE 3:                     WHERE full_name = '' AND state = 'West V...
                                  ^

2026-01-08 02:04:02,971 [ERROR] Failed to ingest member D000628: column "full_name" does not exist
LINE 3:                     WHERE full_name = '' AND state = 'Florid...
                                  ^

2026-01-08 02:04:03,777 [ERROR] Failed to ingest member N000147: column "full_name" does not exist
LINE 3:                     WHERE full_name = '' AND state = 'Distri...
                                  ^

2026-01-08 02:04:04,578 [ERROR] Failed to ingest member D000216: column "full_name" does not exist
LINE 3:                     WHERE full_name = '' AND state = 'Connec...
                                  ^

2026-01-08 02:04:05,375 [ERROR] Failed to ingest member W000187: column "full_name" does not exist
LINE 3:                     WHERE full_name = '' AND state = 'Califo...
                                  ^

2026-01-08 02:04:06,193 [ERROR] Failed to ingest member P000197: column "full_name" does not exist
LINE 3:                     WHERE full_name = '' AND state = 'Califo...
                                  ^

2026-01-08 02:04:06,995 [ERROR] Failed to ingest member V000139: column "full_name" does not exist
LINE 3:                     WHERE full_name = '' AND state = 'Tennes...
                                  ^

2026-01-08 02:04:07,815 [ERROR] Failed to ingest member S001207: column "full_name" does not exist
LINE 3:                     WHERE full_name = '' AND state = 'New Je...
                                  ^

2026-01-08 02:04:08,620 [ERROR] Failed to ingest member G000606: column "full_name" does not exist
LINE 3:                     WHERE full_name = '' AND state = 'Arizon...
                                  ^

2026-01-08 02:04:09,425 [ERROR] Failed to ingest member C001087: column "full_name" does not exist
LINE 3:                     WHERE full_name = '' AND state = 'Arkans...
                                  ^

2026-01-08 02:04:10,298 [ERROR] Failed to ingest member C000344: column "full_name" does not exist
LINE 3:                     WHERE full_name = '' AND state = 'Wyomin...
                                  ^

2026-01-08 02:04:11,137 [ERROR] Failed to ingest member S000785: column "full_name" does not exist
LINE 3:                     WHERE full_name = '' AND state = 'Idaho'...
                                  ^

2026-01-08 02:04:11,930 [ERROR] Failed to ingest member K000180: column "full_name" does not exist
LINE 3:                     WHERE full_name = '' AND state = 'Michig...
                                  ^

2026-01-08 02:04:12,731 [ERROR] Failed to ingest member Y000064: column "full_name" does not exist
LINE 3:                     WHERE full_name = '' AND state = 'Indian...
                                  ^

2026-01-08 02:04:13,575 [ERROR] Failed to ingest member W000779: column "full_name" does not exist
LINE 3:                     WHERE full_name = '' AND state = 'Oregon...
                                  ^

2026-01-08 02:04:14,371 [ERROR] Failed to ingest member W000817: column "full_name" does not exist
LINE 3:                     WHERE full_name = '' AND state = 'Massac...
                                  ^

2026-01-08 02:04:15,201 [ERROR] Failed to ingest member W000802: column "full_name" does not exist
LINE 3:                     WHERE full_name = '' AND state = 'Rhode ...
                                  ^

2026-01-08 02:04:15,993 [ERROR] Failed to ingest member W000800: column "full_name" does not exist
LINE 3:                     WHERE full_name = '' AND state = 'Vermon...
                                  ^

2026-01-08 02:04:16,835 [ERROR] Failed to ingest member W000437: column "full_name" does not exist
LINE 3:                     WHERE full_name = '' AND state = 'Missis...
                                  ^

2026-01-08 02:04:17,654 [ERROR] Failed to ingest member W000790: column "full_name" does not exist
LINE 3:                     WHERE full_name = '' AND state = 'Georgi...
                                  ^

2026-01-08 02:04:18,557 [ERROR] Failed to ingest member T000278: column "full_name" does not exist
LINE 3:                     WHERE full_name = '' AND state = 'Alabam...
                                  ^

2026-01-08 02:04:19,355 [ERROR] Failed to ingest member W000805: column "full_name" does not exist
LINE 3:                     WHERE full_name = '' AND state = 'Virgin...
                                  ^

2026-01-08 02:04:20,153 [ERROR] Failed to ingest member V000128: column "full_name" does not exist
LINE 3:                     WHERE full_name = '' AND state = 'Maryla...
                                  ^

2026-01-08 02:04:20,960 [ERROR] Failed to ingest member S001203: column "full_name" does not exist
LINE 3:                     WHERE full_name = '' AND state = 'Minnes...
                                  ^

2026-01-08 02:04:21,750 [ERROR] Failed to ingest member T000476: column "full_name" does not exist
LINE 3:                     WHERE full_name = '' AND state = 'North ...
                                  ^

2026-01-08 02:04:22,596 [ERROR] Failed to ingest member S001198: column "full_name" does not exist
LINE 3:                     WHERE full_name = '' AND state = 'Alaska...
                                  ^

2026-01-08 02:04:23,391 [ERROR] Failed to ingest member T000250: column "full_name" does not exist
LINE 3:                     WHERE full_name = '' AND state = 'South ...
                                  ^

2026-01-08 02:04:24,251 [ERROR] Failed to ingest member S001232: column "full_name" does not exist
LINE 3:                     WHERE full_name = '' AND state = 'Montan...
                                  ^

2026-01-08 02:04:25,033 [ERROR] Failed to ingest member S001217: column "full_name" does not exist
LINE 3:                     WHERE full_name = '' AND state = 'Florid...
                                  ^

2026-01-08 02:04:25,873 [ERROR] Failed to ingest member S001208: column "full_name" does not exist
LINE 3:                     WHERE full_name = '' AND state = 'Michig...
                                  ^

2026-01-08 02:04:26,704 [ERROR] Failed to ingest member S001184: column "full_name" does not exist
LINE 3:                     WHERE full_name = '' AND state = 'South ...
                                  ^

2026-01-08 02:04:27,516 [ERROR] Failed to ingest member S001181: column "full_name" does not exist
LINE 3:                     WHERE full_name = '' AND state = 'New Ha...
                                  ^

2026-01-08 02:04:28,287 [ERROR] Failed to ingest member S001227: column "full_name" does not exist
LINE 3:                     WHERE full_name = '' AND state = 'Missou...
                                  ^

2026-01-08 02:04:29,070 [ERROR] Failed to ingest member R000605: column "full_name" does not exist
LINE 3:                     WHERE full_name = '' AND state = 'South ...
                                  ^

2026-01-08 02:04:29,891 [ERROR] Failed to ingest member S001194: column "full_name" does not exist
LINE 3:                     WHERE full_name = '' AND state = 'Hawaii...
                                  ^

2026-01-08 02:04:30,694 [ERROR] Failed to ingest member S000148: column "full_name" does not exist
LINE 3:                     WHERE full_name = '' AND state = 'New Yo...
                                  ^

2026-01-08 02:04:31,471 [ERROR] Failed to ingest member S000033: column "full_name" does not exist
LINE 3:                     WHERE full_name = '' AND state = 'Vermon...
                                  ^

2026-01-08 02:04:32,278 [ERROR] Failed to ingest member S001150: column "full_name" does not exist
LINE 3:                     WHERE full_name = '' AND state = 'Califo...
                                  ^

2026-01-08 02:04:33,097 [ERROR] Failed to ingest member R000618: column "full_name" does not exist
LINE 3:                     WHERE full_name = '' AND state = 'Nebras...
                                  ^

2026-01-08 02:04:33,905 [ERROR] Failed to ingest member R000608: column "full_name" does not exist
LINE 3:                     WHERE full_name = '' AND state = 'Nevada...
                                  ^

2026-01-08 02:04:34,710 [ERROR] Failed to ingest member P000603: column "full_name" does not exist
LINE 3:                     WHERE full_name = '' AND state = 'Kentuc...
                                  ^

2026-01-08 02:04:35,534 [ERROR] Failed to ingest member P000595: column "full_name" does not exist
LINE 3:                     WHERE full_name = '' AND state = 'Michig...
                                  ^

2026-01-08 02:04:36,314 [ERROR] Failed to ingest member R000584: column "full_name" does not exist
LINE 3:                     WHERE full_name = '' AND state = 'Idaho'...
                                  ^

2026-01-08 02:04:37,112 [ERROR] Failed to ingest member R000122: column "full_name" does not exist
LINE 3:                     WHERE full_name = '' AND state = 'Rhode ...
                                  ^

2026-01-08 02:04:37,919 [ERROR] Failed to ingest member P000145: column "full_name" does not exist
LINE 3:                     WHERE full_name = '' AND state = 'Califo...
                                  ^

2026-01-08 02:04:38,738 [ERROR] Failed to ingest member O000174: column "full_name" does not exist
LINE 3:                     WHERE full_name = '' AND state = 'Georgi...
                                  ^

2026-01-08 02:04:39,536 [ERROR] Failed to ingest member M001190: column "full_name" does not exist
LINE 3:                     WHERE full_name = '' AND state = 'Oklaho...
                                  ^

2026-01-08 02:04:40,338 [ERROR] Failed to ingest member M001169: column "full_name" does not exist
LINE 3:                     WHERE full_name = '' AND state = 'Connec...
                                  ^

2026-01-08 02:04:41,128 [ERROR] Failed to ingest member M001111: column "full_name" does not exist
LINE 3:                     WHERE full_name = '' AND state = 'Washin...
                                  ^

2026-01-08 02:04:41,932 [ERROR] Failed to ingest member M001153: column "full_name" does not exist
LINE 3:                     WHERE full_name = '' AND state = 'Alaska...
                                  ^

2026-01-08 02:04:42,728 [ERROR] Failed to ingest member M001244: column "full_name" does not exist
LINE 3:                     WHERE full_name = '' AND state = 'Florid...
                                  ^

2026-01-08 02:04:43,515 [ERROR] Failed to ingest member M001243: column "full_name" does not exist
LINE 3:                     WHERE full_name = '' AND state = 'Pennsy...
                                  ^

2026-01-08 02:04:44,316 [ERROR] Failed to ingest member M001242: column "full_name" does not exist
LINE 3:                     WHERE full_name = '' AND state = 'Ohio' ...
                                  ^

2026-01-08 02:04:45,118 [ERROR] Failed to ingest member M001176: column "full_name" does not exist
LINE 3:                     WHERE full_name = '' AND state = 'Oregon...
                                  ^

2026-01-08 02:04:45,932 [ERROR] Failed to ingest member M000934: column "full_name" does not exist
LINE 3:                     WHERE full_name = '' AND state = 'Kansas...
                                  ^

2026-01-08 02:04:46,740 [ERROR] Failed to ingest member M000355: column "full_name" does not exist
LINE 3:                     WHERE full_name = '' AND state = 'Kentuc...
                                  ^

2026-01-08 02:04:47,533 [ERROR] Failed to ingest member M001198: column "full_name" does not exist
LINE 3:                     WHERE full_name = '' AND state = 'Kansas...
                                  ^

2026-01-08 02:04:48,356 [ERROR] Failed to ingest member K000367: column "full_name" does not exist
LINE 3:                     WHERE full_name = '' AND state = 'Minnes...
                                  ^

2026-01-08 02:04:49,155 [ERROR] Failed to ingest member L000577: column "full_name" does not exist
LINE 3:                     WHERE full_name = '' AND state = 'Utah' ...
                                  ^

2026-01-08 02:04:49,955 [ERROR] Failed to ingest member L000575: column "full_name" does not exist
LINE 3:                     WHERE full_name = '' AND state = 'Oklaho...
                                  ^

2026-01-08 02:04:50,761 [ERROR] Failed to ingest member L000571: column "full_name" does not exist
LINE 3:                     WHERE full_name = '' AND state = 'Wyomin...
                                  ^

2026-01-08 02:04:51,574 [ERROR] Failed to ingest member L000570: column "full_name" does not exist
LINE 3:                     WHERE full_name = '' AND state = 'New Me...
                                  ^

2026-01-08 02:04:52,394 [ERROR] Failed to ingest member M000133: column "full_name" does not exist
LINE 3:                     WHERE full_name = '' AND state = 'Massac...
                                  ^

2026-01-08 02:04:53,230 [ERROR] Failed to ingest member K000377: column "full_name" does not exist
LINE 3:                     WHERE full_name = '' AND state = 'Arizon...
                                  ^

2026-01-08 02:04:54,038 [ERROR] Failed to ingest member K000394: column "full_name" does not exist
LINE 3:                     WHERE full_name = '' AND state = 'New Je...
                                  ^

2026-01-08 02:04:54,849 [ERROR] Failed to ingest member K000393: column "full_name" does not exist
LINE 3:                     WHERE full_name = '' AND state = 'Louisi...
                                  ^

2026-01-08 02:04:55,653 [ERROR] Failed to ingest member K000383: column "full_name" does not exist
LINE 3:                     WHERE full_name = '' AND state = 'Maine'...
                                  ^

2026-01-08 02:04:56,482 [ERROR] Failed to ingest member K000384: column "full_name" does not exist
LINE 3:                     WHERE full_name = '' AND state = 'Virgin...
                                  ^

2026-01-08 02:04:57,284 [ERROR] Failed to ingest member J000293: column "full_name" does not exist
LINE 3:                     WHERE full_name = '' AND state = 'Wiscon...
                                  ^

2026-01-08 02:04:58,084 [ERROR] Failed to ingest member H001104: column "full_name" does not exist
LINE 3:                     WHERE full_name = '' AND state = 'Ohio' ...
                                  ^

2026-01-08 02:04:58,875 [ERROR] Failed to ingest member H000273: column "full_name" does not exist
LINE 3:                     WHERE full_name = '' AND state = 'Colora...
                                  ^

2026-01-08 02:04:59,701 [ERROR] Failed to ingest member H001089: column "full_name" does not exist
LINE 3:                     WHERE full_name = '' AND state = 'Missou...
                                  ^

2026-01-08 02:05:00,552 [ERROR] Failed to ingest member H001079: column "full_name" does not exist
LINE 3:                     WHERE full_name = '' AND state = 'Missis...
                                  ^

2026-01-08 02:05:01,355 [ERROR] Failed to ingest member H001061: column "full_name" does not exist
LINE 3:                     WHERE full_name = '' AND state = 'North ...
                                  ^

2026-01-08 02:05:02,204 [ERROR] Failed to ingest member H001042: column "full_name" does not exist
LINE 3:                     WHERE full_name = '' AND state = 'Hawaii...
                                  ^

2026-01-08 02:05:03,041 [ERROR] Failed to ingest member H001046: column "full_name" does not exist
LINE 3:                     WHERE full_name = '' AND state = 'New Me...
                                  ^

2026-01-08 02:05:03,864 [ERROR] Failed to ingest member H000601: column "full_name" does not exist
LINE 3:                     WHERE full_name = '' AND state = 'Tennes...
                                  ^

2026-01-08 02:05:04,697 [ERROR] Failed to ingest member H001076: column "full_name" does not exist
LINE 3:                     WHERE full_name = '' AND state = 'New Ha...
                                  ^

2026-01-08 02:05:05,519 [ERROR] Failed to ingest member G000574: column "full_name" does not exist
LINE 3:                     WHERE full_name = '' AND state = 'Arizon...
                                  ^

2026-01-08 02:05:06,322 [ERROR] Failed to ingest member G000555: column "full_name" does not exist
LINE 3:                     WHERE full_name = '' AND state = 'New Yo...
                                  ^

2026-01-08 02:05:07,121 [ERROR] Failed to ingest member G000386: column "full_name" does not exist
LINE 3:                     WHERE full_name = '' AND state = 'Iowa' ...
                                  ^

2026-01-08 02:05:07,944 [ERROR] Failed to ingest member G000359: column "full_name" does not exist
LINE 3:                     WHERE full_name = '' AND state = 'South ...
                                  ^

2026-01-08 02:05:08,786 [ERROR] Failed to ingest member F000479: column "full_name" does not exist
LINE 3:                     WHERE full_name = '' AND state = 'Pennsy...
                                  ^

2026-01-08 02:05:09,624 [ERROR] Failed to ingest member C001114: column "full_name" does not exist
LINE 3:                     WHERE full_name = '' AND state = 'Utah' ...
                                  ^

2026-01-08 02:05:10,447 [ERROR] Failed to ingest member E000295: column "full_name" does not exist
LINE 3:                     WHERE full_name = '' AND state = 'Iowa' ...
                                  ^

2026-01-08 02:05:11,581 [ERROR] Failed to ingest member F000463: column "full_name" does not exist
LINE 3:                     WHERE full_name = '' AND state = 'Nebras...
                                  ^

2026-01-08 02:05:12,382 [ERROR] Failed to ingest member C001098: column "full_name" does not exist
LINE 3:                     WHERE full_name = '' AND state = 'Texas'...
                                  ^

2026-01-08 02:05:13,216 [ERROR] Failed to ingest member D000618: column "full_name" does not exist
LINE 3:                     WHERE full_name = '' AND state = 'Montan...
                                  ^

2026-01-08 02:05:14,066 [ERROR] Failed to ingest member D000622: column "full_name" does not exist
LINE 3:                     WHERE full_name = '' AND state = 'Illino...
                                  ^

2026-01-08 02:05:14,900 [ERROR] Failed to ingest member D000563: column "full_name" does not exist
LINE 3:                     WHERE full_name = '' AND state = 'Illino...
                                  ^

2026-01-08 02:05:15,736 [ERROR] Failed to ingest member C001113: column "full_name" does not exist
LINE 3:                     WHERE full_name = '' AND state = 'Nevada...
                                  ^

2026-01-08 02:05:16,537 [ERROR] Failed to ingest member C001096: column "full_name" does not exist
LINE 3:                     WHERE full_name = '' AND state = 'North ...
                                  ^

2026-01-08 02:05:17,376 [ERROR] Failed to ingest member C001095: column "full_name" does not exist
LINE 3:                     WHERE full_name = '' AND state = 'Arkans...
                                  ^

2026-01-08 02:05:18,175 [ERROR] Failed to ingest member C001088: column "full_name" does not exist
LINE 3:                     WHERE full_name = '' AND state = 'Delawa...
                                  ^

2026-01-08 02:05:18,980 [ERROR] Failed to ingest member C001035: column "full_name" does not exist
LINE 3:                     WHERE full_name = '' AND state = 'Maine'...
                                  ^

2026-01-08 02:05:19,796 [ERROR] Failed to ingest member C001056: column "full_name" does not exist
LINE 3:                     WHERE full_name = '' AND state = 'Texas'...
                                  ^

2026-01-08 02:05:20,616 [ERROR] Failed to ingest member C000880: column "full_name" does not exist
LINE 3:                     WHERE full_name = '' AND state = 'Idaho'...
                                  ^

2026-01-08 02:05:21,447 [ERROR] Failed to ingest member B001319: column "full_name" does not exist
LINE 3:                     WHERE full_name = '' AND state = 'Alabam...
                                  ^

2026-01-08 02:05:22,280 [ERROR] Failed to ingest member B001305: column "full_name" does not exist
LINE 3:                     WHERE full_name = '' AND state = 'North ...
                                  ^

2026-01-08 02:05:23,093 [ERROR] Failed to ingest member B001288: column "full_name" does not exist
LINE 3:                     WHERE full_name = '' AND state = 'New Je...
                                  ^

2026-01-08 02:05:23,898 [ERROR] Failed to ingest member C001075: column "full_name" does not exist
LINE 3:                     WHERE full_name = '' AND state = 'Louisi...
                                  ^

2026-01-08 02:05:24,681 [ERROR] Failed to ingest member B001236: column "full_name" does not exist
LINE 3:                     WHERE full_name = '' AND state = 'Arkans...
                                  ^

2026-01-08 02:05:25,473 [ERROR] Failed to ingest member C001047: column "full_name" does not exist
LINE 3:                     WHERE full_name = '' AND state = 'West V...
                                  ^

2026-01-08 02:05:26,321 [ERROR] Failed to ingest member C000127: column "full_name" does not exist
LINE 3:                     WHERE full_name = '' AND state = 'Washin...
                                  ^

2026-01-08 02:05:27,157 [ERROR] Failed to ingest member B001299: column "full_name" does not exist
LINE 3:                     WHERE full_name = '' AND state = 'Indian...
                                  ^

2026-01-08 02:05:27,967 [ERROR] Failed to ingest member B001303: column "full_name" does not exist
LINE 3:                     WHERE full_name = '' AND state = 'Delawa...
                                  ^

2026-01-08 02:05:28,766 [ERROR] Failed to ingest member B001277: column "full_name" does not exist
LINE 3:                     WHERE full_name = '' AND state = 'Connec...
                                  ^

2026-01-08 02:05:29,564 [ERROR] Failed to ingest member B001261: column "full_name" does not exist
LINE 3:                     WHERE full_name = '' AND state = 'Wyomin...
                                  ^

2026-01-08 02:05:30,400 [ERROR] Failed to ingest member B001267: column "full_name" does not exist
LINE 3:                     WHERE full_name = '' AND state = 'Colora...
                                  ^

2026-01-08 02:05:31,193 [ERROR] Failed to ingest member B001230: column "full_name" does not exist
LINE 3:                     WHERE full_name = '' AND state = 'Wiscon...
                                  ^

2026-01-08 02:05:31,976 [ERROR] Failed to ingest member B001243: column "full_name" does not exist
LINE 3:                     WHERE full_name = '' AND state = 'Tennes...
                                  ^

2026-01-08 02:05:32,751 [ERROR] Failed to ingest member A000382: column "full_name" does not exist
LINE 3:                     WHERE full_name = '' AND state = 'Maryla...
                                  ^

2026-01-08 02:05:33,589 [ERROR] Failed to ingest member W000830: column "full_name" does not exist
LINE 3:                     WHERE full_name = '' AND state = 'Califo...
                                  ^

2026-01-08 02:05:34,408 [ERROR] Failed to ingest member F000484: column "full_name" does not exist
LINE 3:                     WHERE full_name = '' AND state = 'Florid...
                                  ^

2026-01-08 02:05:35,207 [ERROR] Failed to ingest member P000622: column "full_name" does not exist
LINE 3:                     WHERE full_name = '' AND state = 'Florid...
                                  ^

2026-01-08 02:05:36,031 [ERROR] Failed to ingest member V000138: column "full_name" does not exist
LINE 3:                     WHERE full_name = '' AND state = 'Virgin...
                                  ^

2026-01-08 02:05:36,858 [ERROR] Failed to ingest member T000490: column "full_name" does not exist
LINE 3:                     WHERE full_name = '' AND state = 'Ohio' ...
                                  ^

2026-01-08 02:05:37,709 [ERROR] Failed to ingest member S001230: column "full_name" does not exist
LINE 3:                     WHERE full_name = '' AND state = 'Virgin...
                                  ^

2026-01-08 02:05:38,501 [ERROR] Failed to ingest member S001229: column "full_name" does not exist
LINE 3:                     WHERE full_name = '' AND state = 'Indian...
                                  ^

2026-01-08 02:05:39,369 [ERROR] Failed to ingest member S001228: column "full_name" does not exist
LINE 3:                     WHERE full_name = '' AND state = 'Kansas...
                                  ^

2026-01-08 02:05:40,265 [ERROR] Failed to ingest member R000622: column "full_name" does not exist
LINE 3:                     WHERE full_name = '' AND state = 'New Yo...
                                  ^

2026-01-08 02:05:41,075 [ERROR] Failed to ingest member P000621: column "full_name" does not exist
LINE 3:                     WHERE full_name = '' AND state = 'New Je...
                                  ^

2026-01-08 02:05:41,881 [ERROR] Failed to ingest member O000176: column "full_name" does not exist
LINE 3:                     WHERE full_name = '' AND state = 'Maryla...
                                  ^

2026-01-08 02:05:42,679 [ERROR] Failed to ingest member M001240: column "full_name" does not exist
LINE 3:                     WHERE full_name = '' AND state = 'North ...
                                  ^

2026-01-08 02:05:43,498 [ERROR] Failed to ingest member M001239: column "full_name" does not exist
LINE 3:                     WHERE full_name = '' AND state = 'Virgin...
                                  ^

2026-01-08 02:05:44,302 [ERROR] Failed to ingest member M001237: column "full_name" does not exist
LINE 3:                     WHERE full_name = '' AND state = 'Michig...
                                  ^

2026-01-08 02:05:45,118 [ERROR] Failed to ingest member M001236: column "full_name" does not exist
LINE 3:                     WHERE full_name = '' AND state = 'North ...
                                  ^

2026-01-08 02:05:45,920 [ERROR] Failed to ingest member M001235: column "full_name" does not exist
LINE 3:                     WHERE full_name = '' AND state = 'West V...
                                  ^

2026-01-08 02:05:46,765 [ERROR] Failed to ingest member M001233: column "full_name" does not exist
LINE 3:                     WHERE full_name = '' AND state = 'Indian...
                                  ^

2026-01-08 02:05:47,604 [ERROR] Failed to ingest member M001232: column "full_name" does not exist
LINE 3:                     WHERE full_name = '' AND state = 'Maryla...
                                  ^

2026-01-08 02:05:48,400 [ERROR] Failed to ingest member M001231: column "full_name" does not exist
LINE 3:                     WHERE full_name = '' AND state = 'New Yo...
                                  ^

2026-01-08 02:05:49,190 [ERROR] Failed to ingest member M001230: column "full_name" does not exist
LINE 3:                     WHERE full_name = '' AND state = 'Pennsy...
                                  ^

2026-01-08 02:05:50,026 [ERROR] Failed to ingest member L000606: column "full_name" does not exist
LINE 3:                     WHERE full_name = '' AND state = 'New Yo...
                                  ^

2026-01-08 02:05:50,873 [ERROR] Failed to ingest member K000405: column "full_name" does not exist
LINE 3:                     WHERE full_name = '' AND state = 'North ...
                                  ^

2026-01-08 02:05:51,683 [ERROR] Failed to ingest member K000403: column "full_name" does not exist
LINE 3:                     WHERE full_name = '' AND state = 'Utah' ...
                                  ^

2026-01-08 02:05:52,521 [ERROR] Failed to ingest member J000310: column "full_name" does not exist
LINE 3:                     WHERE full_name = '' AND state = 'Texas'...
                                  ^

2026-01-08 02:05:53,355 [ERROR] Failed to ingest member H001103: column "full_name" does not exist
LINE 3:                     WHERE full_name = '' AND state = 'Puerto...
                                  ^

2026-01-08 02:05:54,175 [ERROR] Failed to ingest member H001102: column "full_name" does not exist
LINE 3:                     WHERE full_name = '' AND state = 'North ...
                                  ^

2026-01-08 02:05:54,969 [ERROR] Failed to ingest member H001101: column "full_name" does not exist
LINE 3:                     WHERE full_name = '' AND state = 'North ...
                                  ^

2026-01-08 02:05:55,771 [ERROR] Failed to ingest member G000604: column "full_name" does not exist
LINE 3:                     WHERE full_name = '' AND state = 'New Ha...
                                  ^

2026-01-08 02:05:56,592 [ERROR] Failed to ingest member G000603: column "full_name" does not exist
LINE 3:                     WHERE full_name = '' AND state = 'Texas'...
                                  ^

2026-01-08 02:05:57,410 [ERROR] Failed to ingest member G000602: column "full_name" does not exist
LINE 3:                     WHERE full_name = '' AND state = 'New Yo...
                                  ^

2026-01-08 02:05:58,213 [ERROR] Failed to ingest member G000601: column "full_name" does not exist
LINE 3:                     WHERE full_name = '' AND state = 'Texas'...
                                  ^

2026-01-08 02:05:59,091 [ERROR] Failed to ingest member F000483: column "full_name" does not exist
LINE 3:                     WHERE full_name = '' AND state = 'Califo...
                                  ^

2026-01-08 02:05:59,902 [ERROR] Failed to ingest member F000482: column "full_name" does not exist
LINE 3:                     WHERE full_name = '' AND state = 'North ...
                                  ^

2026-01-08 02:06:00,703 [ERROR] Failed to ingest member E000301: column "full_name" does not exist
LINE 3:                     WHERE full_name = '' AND state = 'Maryla...
                                  ^

2026-01-08 02:06:01,520 [ERROR] Failed to ingest member D000635: column "full_name" does not exist
LINE 3:                     WHERE full_name = '' AND state = 'Oregon...
                                  ^

2026-01-08 02:06:02,323 [ERROR] Failed to ingest member D000634: column "full_name" does not exist
LINE 3:                     WHERE full_name = '' AND state = 'Montan...
                                  ^

2026-01-08 02:06:03,142 [ERROR] Failed to ingest member C001136: column "full_name" does not exist
LINE 3:                     WHERE full_name = '' AND state = 'New Je...
                                  ^

2026-01-08 02:06:03,954 [ERROR] Failed to ingest member B001327: column "full_name" does not exist
LINE 3:                     WHERE full_name = '' AND state = 'Pennsy...
                                  ^

2026-01-08 02:06:04,752 [ERROR] Failed to ingest member B001326: column "full_name" does not exist
LINE 3:                     WHERE full_name = '' AND state = 'Oregon...
                                  ^

2026-01-08 02:06:05,571 [ERROR] Failed to ingest member B001325: column "full_name" does not exist
LINE 3:                     WHERE full_name = '' AND state = 'South ...
                                  ^

2026-01-08 02:06:06,376 [ERROR] Failed to ingest member B001322: column "full_name" does not exist
LINE 3:                     WHERE full_name = '' AND state = 'Washin...
                                  ^

2026-01-08 02:06:07,188 [ERROR] Failed to ingest member B001321: column "full_name" does not exist
LINE 3:                     WHERE full_name = '' AND state = 'Michig...
                                  ^

2026-01-08 02:06:08,014 [ERROR] Failed to ingest member M001218: column "full_name" does not exist
LINE 3:                     WHERE full_name = '' AND state = 'Georgi...
                                  ^

2026-01-08 02:06:08,819 [ERROR] Failed to ingest member S001188: column "full_name" does not exist
LINE 3:                     WHERE full_name = '' AND state = 'Indian...
                                  ^

2026-01-08 02:06:09,622 [ERROR] Failed to ingest member F000110: column "full_name" does not exist
LINE 3:                     WHERE full_name = '' AND state = 'Louisi...
                                  ^

2026-01-08 02:06:10,422 [ERROR] Failed to ingest member O000177: column "full_name" does not exist
LINE 3:                     WHERE full_name = '' AND state = 'Missou...
                                  ^

2026-01-08 02:06:11,220 [ERROR] Failed to ingest member M001238: column "full_name" does not exist
LINE 3:                     WHERE full_name = '' AND state = 'Delawa...
                                  ^

2026-01-08 02:06:12,015 [ERROR] Failed to ingest member M001234: column "full_name" does not exist
LINE 3:                     WHERE full_name = '' AND state = 'Minnes...
                                  ^

2026-01-08 02:06:12,808 [ERROR] Failed to ingest member K000404: column "full_name" does not exist
LINE 3:                     WHERE full_name = '' AND state = 'Northe...
                                  ^

2026-01-08 02:06:13,614 [ERROR] Failed to ingest member J000311: column "full_name" does not exist
LINE 3:                     WHERE full_name = '' AND state = 'Georgi...
                                  ^

2026-01-08 02:06:14,419 [ERROR] Failed to ingest member H001099: column "full_name" does not exist
LINE 3:                     WHERE full_name = '' AND state = 'Florid...
                                  ^

2026-01-08 02:06:15,215 [ERROR] Failed to ingest member F000481: column "full_name" does not exist
LINE 3:                     WHERE full_name = '' AND state = 'Alabam...
                                  ^

2026-01-08 02:06:16,014 [ERROR] Failed to ingest member E000300: column "full_name" does not exist
LINE 3:                     WHERE full_name = '' AND state = 'Colora...
                                  ^

2026-01-08 02:06:16,818 [ERROR] Failed to ingest member C001137: column "full_name" does not exist
LINE 3:                     WHERE full_name = '' AND state = 'Colora...
                                  ^

2026-01-08 02:06:17,674 [ERROR] Failed to ingest member B001324: column "full_name" does not exist
LINE 3:                     WHERE full_name = '' AND state = 'Missou...
                                  ^

2026-01-08 02:06:18,506 [ERROR] Failed to ingest member W000829: column "full_name" does not exist
LINE 3:                     WHERE full_name = '' AND state = 'Wiscon...
                                  ^

2026-01-08 02:06:19,333 [ERROR] Failed to ingest member M001229: column "full_name" does not exist
LINE 3:                     WHERE full_name = '' AND state = 'New Je...
                                  ^

2026-01-08 02:06:20,118 [ERROR] Failed to ingest member F000480: column "full_name" does not exist
LINE 3:                     WHERE full_name = '' AND state = 'Califo...
                                  ^

2026-01-08 02:06:20,926 [ERROR] Failed to ingest member K000402: column "full_name" does not exist
LINE 3:                     WHERE full_name = '' AND state = 'New Yo...
                                  ^

2026-01-08 02:06:21,735 [ERROR] Failed to ingest member M001228: column "full_name" does not exist
LINE 3:                     WHERE full_name = '' AND state = 'Utah' ...
                                  ^

2026-01-08 02:06:22,537 [ERROR] Failed to ingest member A000380: column "full_name" does not exist
LINE 3:                     WHERE full_name = '' AND state = 'Rhode ...
                                  ^

2026-01-08 02:06:23,322 [ERROR] Failed to ingest member M001227: column "full_name" does not exist
LINE 3:                     WHERE full_name = '' AND state = 'Virgin...
                                  ^

2026-01-08 02:06:24,132 [ERROR] Failed to ingest member V000135: column "full_name" does not exist
LINE 3:                     WHERE full_name = '' AND state = 'Wiscon...
                                  ^

2026-01-08 02:06:24,938 [ERROR] Failed to ingest member S001224: column "full_name" does not exist
LINE 3:                     WHERE full_name = '' AND state = 'Texas'...
                                  ^

2026-01-08 02:06:25,734 [ERROR] Failed to ingest member G000600: column "full_name" does not exist
LINE 3:                     WHERE full_name = '' AND state = 'Washin...
                                  ^

2026-01-08 02:06:26,578 [ERROR] Failed to ingest member O000175: column "full_name" does not exist
LINE 3:                     WHERE full_name = '' AND state = 'Tennes...
                                  ^

2026-01-08 02:06:27,374 [ERROR] Failed to ingest member M001224: column "full_name" does not exist
LINE 3:                     WHERE full_name = '' AND state = 'Texas'...
                                  ^

2026-01-08 02:06:28,196 [ERROR] Failed to ingest member M001223: column "full_name" does not exist
LINE 3:                     WHERE full_name = '' AND state = 'Rhode ...
                                  ^

2026-01-08 02:06:29,014 [ERROR] Failed to ingest member L000603: column "full_name" does not exist
LINE 3:                     WHERE full_name = '' AND state = 'Texas'...
                                  ^

2026-01-08 02:06:29,826 [ERROR] Failed to ingest member L000602: column "full_name" does not exist
LINE 3:                     WHERE full_name = '' AND state = 'Pennsy...
                                  ^

2026-01-08 02:06:30,664 [ERROR] Failed to ingest member K000399: column "full_name" does not exist
LINE 3:                     WHERE full_name = '' AND state = 'Virgin...
                                  ^

2026-01-08 02:06:31,485 [ERROR] Failed to ingest member H001095: column "full_name" does not exist
LINE 3:                     WHERE full_name = '' AND state = 'Texas'...
                                  ^

2026-01-08 02:06:32,284 [ERROR] Failed to ingest member H001096: column "full_name" does not exist
LINE 3:                     WHERE full_name = '' AND state = 'Wyomin...
                                  ^

2026-01-08 02:06:33,107 [ERROR] Failed to ingest member F000478: column "full_name" does not exist
LINE 3:                     WHERE full_name = '' AND state = 'South ...
                                  ^

2026-01-08 02:06:33,937 [ERROR] Failed to ingest member D000530: column "full_name" does not exist
LINE 3:                     WHERE full_name = '' AND state = 'Pennsy...
                                  ^

2026-01-08 02:06:34,715 [ERROR] Failed to ingest member D000594: column "full_name" does not exist
LINE 3:                     WHERE full_name = '' AND state = 'Texas'...
                                  ^

2026-01-08 02:06:35,523 [ERROR] Failed to ingest member C001130: column "full_name" does not exist
LINE 3:                     WHERE full_name = '' AND state = 'Texas'...
                                  ^

2026-01-08 02:06:36,327 [ERROR] Failed to ingest member C001131: column "full_name" does not exist
LINE 3:                     WHERE full_name = '' AND state = 'Texas'...
                                  ^

2026-01-08 02:06:37,155 [ERROR] Failed to ingest member B001318: column "full_name" does not exist
LINE 3:                     WHERE full_name = '' AND state = 'Vermon...
                                  ^

2026-01-08 02:06:37,966 [ERROR] Failed to ingest member M001212: column "full_name" does not exist
LINE 3:                     WHERE full_name = '' AND state = 'Alabam...
                                  ^

2026-01-08 02:06:38,755 [ERROR] Failed to ingest member F000472: column "full_name" does not exist
LINE 3:                     WHERE full_name = '' AND state = 'Florid...
                                  ^

2026-01-08 02:06:39,561 [ERROR] Failed to ingest member B000825: column "full_name" does not exist
LINE 3:                     WHERE full_name = '' AND state = 'Colora...
                                  ^

2026-01-08 02:06:40,360 [ERROR] Failed to ingest member M001205: column "full_name" does not exist
LINE 3:                     WHERE full_name = '' AND state = 'West V...
                                  ^

2026-01-08 02:06:41,168 [ERROR] Failed to ingest member M001208: column "full_name" does not exist
LINE 3:                     WHERE full_name = '' AND state = 'Georgi...
                                  ^

2026-01-08 02:06:42,007 [ERROR] Failed to ingest member C001123: column "full_name" does not exist
LINE 3:                     WHERE full_name = '' AND state = 'Califo...
                                  ^

2026-01-08 02:06:42,818 [ERROR] Failed to ingest member S001205: column "full_name" does not exist
LINE 3:                     WHERE full_name = '' AND state = 'Pennsy...
                                  ^

2026-01-08 02:06:43,625 [ERROR] Failed to ingest member G000581: column "full_name" does not exist
LINE 3:                     WHERE full_name = '' AND state = 'Texas'...
                                  ^

2026-01-08 02:06:44,426 [ERROR] Failed to ingest member S001201: column "full_name" does not exist
LINE 3:                     WHERE full_name = '' AND state = 'New Yo...
                                  ^

2026-01-08 02:06:45,224 [ERROR] Failed to ingest member G000553: column "full_name" does not exist
LINE 3:                     WHERE full_name = '' AND state = 'Texas'...
                                  ^

2026-01-08 02:06:46,060 [ERROR] Failed to ingest member D000399: column "full_name" does not exist
LINE 3:                     WHERE full_name = '' AND state = 'Texas'...
                                  ^

2026-01-08 02:06:46,898 [ERROR] Failed to ingest member V000136: column "full_name" does not exist
LINE 3:                     WHERE full_name = '' AND state = 'New Me...
                                  ^

2026-01-08 02:06:47,710 [ERROR] Failed to ingest member T000487: column "full_name" does not exist
LINE 3:                     WHERE full_name = '' AND state = 'Hawaii...
                                  ^

2026-01-08 02:06:48,524 [ERROR] Failed to ingest member T000488: column "full_name" does not exist
LINE 3:                     WHERE full_name = '' AND state = 'Michig...
                                  ^

2026-01-08 02:06:49,335 [ERROR] Failed to ingest member S001223: column "full_name" does not exist
LINE 3:                     WHERE full_name = '' AND state = 'Ohio' ...
                                  ^

2026-01-08 02:06:50,136 [ERROR] Failed to ingest member S001225: column "full_name" does not exist
LINE 3:                     WHERE full_name = '' AND state = 'Illino...
                                  ^

2026-01-08 02:06:50,958 [ERROR] Failed to ingest member S001221: column "full_name" does not exist
LINE 3:                     WHERE full_name = '' AND state = 'Michig...
                                  ^

2026-01-08 02:06:51,764 [ERROR] Failed to ingest member S001226: column "full_name" does not exist
LINE 3:                     WHERE full_name = '' AND state = 'Oregon...
                                  ^

2026-01-08 02:06:52,560 [ERROR] Failed to ingest member R000617: column "full_name" does not exist
LINE 3:                     WHERE full_name = '' AND state = 'Illino...
                                  ^

2026-01-08 02:06:53,373 [ERROR] Failed to ingest member N000193: column "full_name" does not exist
LINE 3:                     WHERE full_name = '' AND state = 'Iowa' ...
                                  ^

2026-01-08 02:06:54,211 [ERROR] Failed to ingest member M001219: column "full_name" does not exist
LINE 3:                     WHERE full_name = '' AND state = 'Guam' ...
                                  ^

2026-01-08 02:06:55,028 [ERROR] Failed to ingest member M001217: column "full_name" does not exist
LINE 3:                     WHERE full_name = '' AND state = 'Florid...
                                  ^

2026-01-08 02:06:55,838 [ERROR] Failed to ingest member M001216: column "full_name" does not exist
LINE 3:                     WHERE full_name = '' AND state = 'Florid...
                                  ^

2026-01-08 02:06:56,657 [ERROR] Failed to ingest member M001222: column "full_name" does not exist
LINE 3:                     WHERE full_name = '' AND state = 'Ohio' ...
                                  ^

2026-01-08 02:06:57,474 [ERROR] Failed to ingest member M001226: column "full_name" does not exist
LINE 3:                     WHERE full_name = '' AND state = 'New Je...
                                  ^

2026-01-08 02:06:58,307 [ERROR] Failed to ingest member M001220: column "full_name" does not exist
LINE 3:                     WHERE full_name = '' AND state = 'Kentuc...
                                  ^

2026-01-08 02:06:59,112 [ERROR] Failed to ingest member L000596: column "full_name" does not exist
LINE 3:                     WHERE full_name = '' AND state = 'Florid...
                                  ^

2026-01-08 02:06:59,897 [ERROR] Failed to ingest member L000597: column "full_name" does not exist
LINE 3:                     WHERE full_name = '' AND state = 'Florid...
                                  ^

2026-01-08 02:07:00,735 [ERROR] Failed to ingest member L000599: column "full_name" does not exist
LINE 3:                     WHERE full_name = '' AND state = 'New Yo...
                                  ^

2026-01-08 02:07:01,534 [ERROR] Failed to ingest member L000600: column "full_name" does not exist
LINE 3:                     WHERE full_name = '' AND state = 'New Yo...
                                  ^

2026-01-08 02:07:02,334 [ERROR] Failed to ingest member L000601: column "full_name" does not exist
LINE 3:                     WHERE full_name = '' AND state = 'Ohio' ...
                                  ^

2026-01-08 02:07:03,160 [ERROR] Failed to ingest member L000598: column "full_name" does not exist
LINE 3:                     WHERE full_name = '' AND state = 'New Yo...
                                  ^

2026-01-08 02:07:03,960 [ERROR] Failed to ingest member K000398: column "full_name" does not exist
LINE 3:                     WHERE full_name = '' AND state = 'New Je...
                                  ^

2026-01-08 02:07:04,756 [ERROR] Failed to ingest member J000307: column "full_name" does not exist
LINE 3:                     WHERE full_name = '' AND state = 'Michig...
                                  ^

2026-01-08 02:07:05,594 [ERROR] Failed to ingest member J000309: column "full_name" does not exist
LINE 3:                     WHERE full_name = '' AND state = 'Illino...
                                  ^

2026-01-08 02:07:06,425 [ERROR] Failed to ingest member I000058: column "full_name" does not exist
LINE 3:                     WHERE full_name = '' AND state = 'Maryla...
                                  ^

2026-01-08 02:07:07,273 [ERROR] Failed to ingest member H001094: column "full_name" does not exist
LINE 3:                     WHERE full_name = '' AND state = 'Oregon...
                                  ^

2026-01-08 02:07:08,072 [ERROR] Failed to ingest member H001093: column "full_name" does not exist
LINE 3:                     WHERE full_name = '' AND state = 'Indian...
                                  ^

2026-01-08 02:07:08,885 [ERROR] Failed to ingest member G000599: column "full_name" does not exist
LINE 3:                     WHERE full_name = '' AND state = 'New Yo...
                                  ^

2026-01-08 02:07:09,708 [ERROR] Failed to ingest member F000476: column "full_name" does not exist
LINE 3:                     WHERE full_name = '' AND state = 'Florid...
                                  ^

2026-01-08 02:07:10,506 [ERROR] Failed to ingest member F000477: column "full_name" does not exist
LINE 3:                     WHERE full_name = '' AND state = 'North ...
                                  ^

2026-01-08 02:07:11,303 [ERROR] Failed to ingest member E000235: column "full_name" does not exist
LINE 3:                     WHERE full_name = '' AND state = 'Missis...
                                  ^

2026-01-08 02:07:12,094 [ERROR] Failed to ingest member E000246: column "full_name" does not exist
LINE 3:                     WHERE full_name = '' AND state = 'North ...
                                  ^

2026-01-08 02:07:12,904 [ERROR] Failed to ingest member D000230: column "full_name" does not exist
LINE 3:                     WHERE full_name = '' AND state = 'North ...
                                  ^

2026-01-08 02:07:13,716 [ERROR] Failed to ingest member C001129: column "full_name" does not exist
LINE 3:                     WHERE full_name = '' AND state = 'Georgi...
                                  ^

2026-01-08 02:07:14,519 [ERROR] Failed to ingest member B001316: column "full_name" does not exist
LINE 3:                     WHERE full_name = '' AND state = 'Missou...
                                  ^

2026-01-08 02:07:15,309 [ERROR] Failed to ingest member B001315: column "full_name" does not exist
LINE 3:                     WHERE full_name = '' AND state = 'Illino...
                                  ^

2026-01-08 02:07:16,095 [ERROR] Failed to ingest member B001317: column "full_name" does not exist
LINE 3:                     WHERE full_name = '' AND state = 'Oklaho...
                                  ^

2026-01-08 02:07:16,927 [ERROR] Failed to ingest member A000379: column "full_name" does not exist
LINE 3:                     WHERE full_name = '' AND state = 'Missou...
                                  ^

2026-01-08 02:07:17,717 [ERROR] Failed to ingest member R000579: column "full_name" does not exist
LINE 3:                     WHERE full_name = '' AND state = 'New Yo...
                                  ^

2026-01-08 02:07:18,517 [ERROR] Failed to ingest member M001215: column "full_name" does not exist
LINE 3:                     WHERE full_name = '' AND state = 'Iowa' ...
                                  ^

2026-01-08 02:07:19,315 [ERROR] Failed to ingest member M001136: column "full_name" does not exist
LINE 3:                     WHERE full_name = '' AND state = 'Michig...
                                  ^

2026-01-08 02:07:20,139 [ERROR] Failed to ingest member H001091: column "full_name" does not exist
LINE 3:                     WHERE full_name = '' AND state = 'Iowa' ...
                                  ^

2026-01-08 02:07:20,957 [ERROR] Failed to ingest member G000593: column "full_name" does not exist
LINE 3:                     WHERE full_name = '' AND state = 'Florid...
                                  ^

2026-01-08 02:07:21,754 [ERROR] Failed to ingest member T000481: column "full_name" does not exist
LINE 3:                     WHERE full_name = '' AND state = 'Michig...
                                  ^

2026-01-08 02:07:22,563 [ERROR] Failed to ingest member T000478: column "full_name" does not exist
LINE 3:                     WHERE full_name = '' AND state = 'New Yo...
                                  ^

2026-01-08 02:07:23,367 [ERROR] Failed to ingest member M001199: column "full_name" does not exist
LINE 3:                     WHERE full_name = '' AND state = 'Florid...
                                  ^

2026-01-08 02:07:24,184 [ERROR] Failed to ingest member R000609: column "full_name" does not exist
LINE 3:                     WHERE full_name = '' AND state = 'Florid...
                                  ^

2026-01-08 02:07:25,032 [ERROR] Failed to ingest member L000585: column "full_name" does not exist
LINE 3:                     WHERE full_name = '' AND state = 'Illino...
                                  ^

2026-01-08 02:07:25,835 [ERROR] Failed to ingest member Z000018: column "full_name" does not exist
LINE 3:                     WHERE full_name = '' AND state = 'Montan...
                                  ^

2026-01-08 02:07:26,653 [ERROR] Failed to ingest member D000624: column "full_name" does not exist
LINE 3:                     WHERE full_name = '' AND state = 'Michig...
                                  ^

2026-01-08 02:07:27,533 [ERROR] Failed to ingest member M001194: column "full_name" does not exist
LINE 3:                     WHERE full_name = '' AND state = 'Michig...
                                  ^

2026-01-08 02:07:28,387 [ERROR] Failed to ingest member H001067: column "full_name" does not exist
LINE 3:                     WHERE full_name = '' AND state = 'North ...
                                  ^

2026-01-08 02:07:29,187 [ERROR] Failed to ingest member F000462: column "full_name" does not exist
LINE 3:                     WHERE full_name = '' AND state = 'Florid...
                                  ^

2026-01-08 02:07:30,059 [ERROR] Failed to ingest member H001058: column "full_name" does not exist
LINE 3:                     WHERE full_name = '' AND state = 'Michig...
                                  ^

2026-01-08 02:07:30,880 [ERROR] Failed to ingest member W000798: column "full_name" does not exist
LINE 3:                     WHERE full_name = '' AND state = 'Michig...
                                  ^

2026-01-08 02:07:31,666 [ERROR] Failed to ingest member N000002: column "full_name" does not exist
LINE 3:                     WHERE full_name = '' AND state = 'New Yo...
                                  ^

2026-01-08 02:07:32,458 [ERROR] Failed to ingest member W000797: column "full_name" does not exist
LINE 3:                     WHERE full_name = '' AND state = 'Florid...
                                  ^

2026-01-08 02:07:33,301 [ERROR] Failed to ingest member D000600: column "full_name" does not exist
LINE 3:                     WHERE full_name = '' AND state = 'Florid...
                                  ^

2026-01-08 02:07:34,097 [ERROR] Failed to ingest member S001220: column "full_name" does not exist
LINE 3:                     WHERE full_name = '' AND state = 'Alabam...
                                  ^

2026-01-08 02:07:34,912 [ERROR] Failed to ingest member P000620: column "full_name" does not exist
LINE 3:                     WHERE full_name = '' AND state = 'Colora...
                                  ^

2026-01-08 02:07:35,736 [ERROR] Failed to ingest member M001225: column "full_name" does not exist
LINE 3:                     WHERE full_name = '' AND state = 'Califo...
                                  ^

2026-01-08 02:07:36,575 [ERROR] Failed to ingest member K000401: column "full_name" does not exist
LINE 3:                     WHERE full_name = '' AND state = 'Califo...
                                  ^

2026-01-08 02:07:37,396 [ERROR] Failed to ingest member K000400: column "full_name" does not exist
LINE 3:                     WHERE full_name = '' AND state = 'Califo...
                                  ^

2026-01-08 02:07:38,199 [ERROR] Failed to ingest member G000598: column "full_name" does not exist
LINE 3:                     WHERE full_name = '' AND state = 'Califo...
                                  ^

2026-01-08 02:07:39,036 [ERROR] Failed to ingest member C001132: column "full_name" does not exist
LINE 3:                     WHERE full_name = '' AND state = 'Arizon...
                                  ^

2026-01-08 02:07:39,867 [ERROR] Failed to ingest member C001133: column "full_name" does not exist
LINE 3:                     WHERE full_name = '' AND state = 'Arizon...
                                  ^

2026-01-08 02:07:40,682 [ERROR] Failed to ingest member B001314: column "full_name" does not exist
LINE 3:                     WHERE full_name = '' AND state = 'Florid...
                                  ^

2026-01-08 02:07:41,498 [ERROR] Failed to ingest member Y000067: column "full_name" does not exist
LINE 3:                     WHERE full_name = '' AND state = 'Indian...
                                  ^

2026-01-08 02:07:42,358 [ERROR] Failed to ingest member F000475: column "full_name" does not exist
LINE 3:                     WHERE full_name = '' AND state = 'Minnes...
                                  ^

2026-01-08 02:07:43,159 [ERROR] Failed to ingest member F000474: column "full_name" does not exist
LINE 3:                     WHERE full_name = '' AND state = 'Nebras...
                                  ^

2026-01-08 02:07:43,976 [ERROR] Failed to ingest member C001127: column "full_name" does not exist
LINE 3:                     WHERE full_name = '' AND state = 'Florid...
                                  ^

2026-01-08 02:07:44,798 [ERROR] Failed to ingest member C001126: column "full_name" does not exist
LINE 3:                     WHERE full_name = '' AND state = 'Ohio' ...
                                  ^

2026-01-08 02:07:45,595 [ERROR] Failed to ingest member B001313: column "full_name" does not exist
LINE 3:                     WHERE full_name = '' AND state = 'Ohio' ...
                                  ^

2026-01-08 02:07:46,414 [ERROR] Failed to ingest member E000071: column "full_name" does not exist
LINE 3:                     WHERE full_name = '' AND state = 'Texas'...
                                  ^

2026-01-08 02:07:47,223 [ERROR] Failed to ingest member S001218: column "full_name" does not exist
LINE 3:                     WHERE full_name = '' AND state = 'New Me...
                                  ^

2026-01-08 02:07:48,022 [ERROR] Failed to ingest member C001125: column "full_name" does not exist
LINE 3:                     WHERE full_name = '' AND state = 'Louisi...
                                  ^

2026-01-08 02:07:48,826 [ERROR] Failed to ingest member L000595: column "full_name" does not exist
LINE 3:                     WHERE full_name = '' AND state = 'Louisi...
                                  ^

2026-01-08 02:07:49,683 [ERROR] Failed to ingest member O000019: column "full_name" does not exist
LINE 3:                     WHERE full_name = '' AND state = 'Califo...
                                  ^

2026-01-08 02:07:50,477 [ERROR] Failed to ingest member K000397: column "full_name" does not exist
LINE 3:                     WHERE full_name = '' AND state = 'Califo...
                                  ^

2026-01-08 02:07:51,280 [ERROR] Failed to ingest member V000134: column "full_name" does not exist
LINE 3:                     WHERE full_name = '' AND state = 'Texas'...
                                  ^

2026-01-08 02:07:52,104 [ERROR] Failed to ingest member S001159: column "full_name" does not exist
LINE 3:                     WHERE full_name = '' AND state = 'Washin...
                                  ^

2026-01-08 02:07:52,912 [ERROR] Failed to ingest member O000086: column "full_name" does not exist
LINE 3:                     WHERE full_name = '' AND state = 'Utah' ...
                                  ^

2026-01-08 02:07:53,720 [ERROR] Failed to ingest member N000026: column "full_name" does not exist
LINE 3:                     WHERE full_name = '' AND state = 'Texas'...
                                  ^

2026-01-08 02:07:54,543 [ERROR] Failed to ingest member M001213: column "full_name" does not exist
LINE 3:                     WHERE full_name = '' AND state = 'Utah' ...
                                  ^

2026-01-08 02:07:55,347 [ERROR] Failed to ingest member J000305: column "full_name" does not exist
LINE 3:                     WHERE full_name = '' AND state = 'Califo...
                                  ^

2026-01-08 02:07:56,161 [ERROR] Failed to ingest member J000304: column "full_name" does not exist
LINE 3:                     WHERE full_name = '' AND state = 'Texas'...
                                  ^

2026-01-08 02:07:56,963 [ERROR] Failed to ingest member G000594: column "full_name" does not exist
LINE 3:                     WHERE full_name = '' AND state = 'Texas'...
                                  ^

2026-01-08 02:07:57,804 [ERROR] Failed to ingest member F000471: column "full_name" does not exist
LINE 3:                     WHERE full_name = '' AND state = 'Wiscon...
                                  ^

2026-01-08 02:07:58,583 [ERROR] Failed to ingest member H001090: column "full_name" does not exist
LINE 3:                     WHERE full_name = '' AND state = 'Califo...
                                  ^

2026-01-08 02:07:59,392 [ERROR] Failed to ingest member S001211: column "full_name" does not exist
LINE 3:                     WHERE full_name = '' AND state = 'Arizon...
                                  ^

2026-01-08 02:08:00,195 [ERROR] Failed to ingest member P000613: column "full_name" does not exist
LINE 3:                     WHERE full_name = '' AND state = 'Califo...
                                  ^

2026-01-08 02:08:01,018 [ERROR] Failed to ingest member L000582: column "full_name" does not exist
LINE 3:                     WHERE full_name = '' AND state = 'Califo...
                                  ^

2026-01-08 02:08:01,896 [ERROR] Failed to ingest member A000371: column "full_name" does not exist
LINE 3:                     WHERE full_name = '' AND state = 'Califo...
                                  ^

2026-01-08 02:08:02,699 [ERROR] Failed to ingest member D000623: column "full_name" does not exist
LINE 3:                     WHERE full_name = '' AND state = 'Califo...
                                  ^

2026-01-08 02:08:03,572 [ERROR] Failed to ingest member P000608: column "full_name" does not exist
LINE 3:                     WHERE full_name = '' AND state = 'Califo...
                                  ^

2026-01-08 02:08:04,378 [ERROR] Failed to ingest member V000130: column "full_name" does not exist
LINE 3:                     WHERE full_name = '' AND state = 'Califo...
                                  ^

2026-01-08 02:08:05,219 [ERROR] Failed to ingest member T000472: column "full_name" does not exist
LINE 3:                     WHERE full_name = '' AND state = 'Califo...
                                  ^

2026-01-08 02:08:06,022 [ERROR] Failed to ingest member R000599: column "full_name" does not exist
LINE 3:                     WHERE full_name = '' AND state = 'Califo...
                                  ^

2026-01-08 02:08:06,875 [ERROR] Failed to ingest member V000129: column "full_name" does not exist
LINE 3:                     WHERE full_name = '' AND state = 'Califo...
                                  ^

2026-01-08 02:08:07,660 [ERROR] Failed to ingest member S001193: column "full_name" does not exist
LINE 3:                     WHERE full_name = '' AND state = 'Califo...
                                  ^

2026-01-08 02:08:08,456 [ERROR] Failed to ingest member B001287: column "full_name" does not exist
LINE 3:                     WHERE full_name = '' AND state = 'Califo...
                                  ^

2026-01-08 02:08:09,337 [ERROR] Failed to ingest member G000559: column "full_name" does not exist
LINE 3:                     WHERE full_name = '' AND state = 'Califo...
                                  ^

2026-01-08 02:08:10,176 [ERROR] Failed to ingest member C001080: column "full_name" does not exist
LINE 3:                     WHERE full_name = '' AND state = 'Califo...
                                  ^

2026-01-08 02:08:10,984 [ERROR] Failed to ingest member S001183: column "full_name" does not exist
LINE 3:                     WHERE full_name = '' AND state = 'Arizon...
                                  ^

2026-01-08 02:08:11,793 [ERROR] Failed to ingest member G000565: column "full_name" does not exist
LINE 3:                     WHERE full_name = '' AND state = 'Arizon...
                                  ^

2026-01-08 02:08:12,673 [ERROR] Failed to ingest member M001177: column "full_name" does not exist
LINE 3:                     WHERE full_name = '' AND state = 'Califo...
                                  ^

2026-01-08 02:08:13,490 [ERROR] Failed to ingest member M001163: column "full_name" does not exist
LINE 3:                     WHERE full_name = '' AND state = 'Califo...
                                  ^

2026-01-08 02:08:14,278 [ERROR] Failed to ingest member T000460: column "full_name" does not exist
LINE 3:                     WHERE full_name = '' AND state = 'Califo...
                                  ^

2026-01-08 02:08:15,138 [ERROR] Failed to ingest member S000344: column "full_name" does not exist
LINE 3:                     WHERE full_name = '' AND state = 'Califo...
                                  ^

2026-01-08 02:08:15,941 [ERROR] Failed to ingest member S000250: column "full_name" does not exist
LINE 3:                     WHERE full_name = '' AND state = 'Texas'...
                                  ^

2026-01-08 02:08:16,746 [ERROR] Failed to ingest member C001059: column "full_name" does not exist
LINE 3:                     WHERE full_name = '' AND state = 'Califo...
                                  ^

2026-01-08 02:08:17,544 [ERROR] Failed to ingest member I000056: column "full_name" does not exist
LINE 3:                     WHERE full_name = '' AND state = 'Califo...
                                  ^

2026-01-08 02:08:18,401 [ERROR] Failed to ingest member C000059: column "full_name" does not exist
LINE 3:                     WHERE full_name = '' AND state = 'Califo...
                                  ^

2026-01-08 02:08:19,230 [ERROR] Failed to ingest member L000397: column "full_name" does not exist
LINE 3:                     WHERE full_name = '' AND state = 'Califo...
                                  ^

2026-01-08 02:08:20,056 [ERROR] Failed to ingest member W000788: column "full_name" does not exist
LINE 3:                     WHERE full_name = '' AND state = 'Georgi...
                                  ^

2026-01-08 02:08:20,879 [ERROR] Failed to ingest member T000486: column "full_name" does not exist
LINE 3:                     WHERE full_name = '' AND state = 'New Yo...
                                  ^

2026-01-08 02:08:21,705 [ERROR] Failed to ingest member S000929: column "full_name" does not exist
LINE 3:                     WHERE full_name = '' AND state = 'Indian...
                                  ^

2026-01-08 02:08:22,524 [ERROR] Failed to ingest member S000168: column "full_name" does not exist
LINE 3:                     WHERE full_name = '' AND state = 'Florid...
                                  ^

2026-01-08 02:08:23,336 [ERROR] Failed to ingest member R000305: column "full_name" does not exist
LINE 3:                     WHERE full_name = '' AND state = 'North ...
                                  ^

2026-01-08 02:08:24,177 [ERROR] Failed to ingest member P000048: column "full_name" does not exist
LINE 3:                     WHERE full_name = '' AND state = 'Texas'...
                                  ^

2026-01-08 02:08:24,979 [ERROR] Failed to ingest member M001214: column "full_name" does not exist
LINE 3:                     WHERE full_name = '' AND state = 'Indian...
                                  ^

2026-01-08 02:08:25,837 [ERROR] Failed to ingest member M001211: column "full_name" does not exist
LINE 3:                     WHERE full_name = '' AND state = 'Illino...
                                  ^

2026-01-08 02:08:26,659 [ERROR] Failed to ingest member M000871: column "full_name" does not exist
LINE 3:                     WHERE full_name = '' AND state = 'Kansas...
                                  ^

2026-01-08 02:08:27,478 [ERROR] Failed to ingest member M000317: column "full_name" does not exist
LINE 3:                     WHERE full_name = '' AND state = 'New Yo...
                                  ^

2026-01-08 02:08:28,299 [ERROR] Failed to ingest member M000194: column "full_name" does not exist
LINE 3:                     WHERE full_name = '' AND state = 'South ...
                                  ^

2026-01-08 02:08:29,122 [ERROR] Failed to ingest member L000273: column "full_name" does not exist
LINE 3:                     WHERE full_name = '' AND state = 'New Me...
                                  ^

2026-01-08 02:08:29,937 [ERROR] Failed to ingest member H001086: column "full_name" does not exist
LINE 3:                     WHERE full_name = '' AND state = 'Tennes...
                                  ^

2026-01-08 02:08:30,774 [ERROR] Failed to ingest member G000597: column "full_name" does not exist
LINE 3:                     WHERE full_name = '' AND state = 'New Yo...
                                  ^

2026-01-08 02:08:31,602 [ERROR] Failed to ingest member F000470: column "full_name" does not exist
LINE 3:                     WHERE full_name = '' AND state = 'Minnes...
                                  ^

2026-01-08 02:08:32,416 [ERROR] Failed to ingest member F000446: column "full_name" does not exist
LINE 3:                     WHERE full_name = '' AND state = 'Iowa' ...
                                  ^

2026-01-08 02:08:33,222 [ERROR] Failed to ingest member F000246: column "full_name" does not exist
LINE 3:                     WHERE full_name = '' AND state = 'Texas'...
                                  ^

2026-01-08 02:08:34,030 [ERROR] Failed to ingest member D000032: column "full_name" does not exist
LINE 3:                     WHERE full_name = '' AND state = 'Florid...
                                  ^

2026-01-08 02:08:34,837 [ERROR] Failed to ingest member C001116: column "full_name" does not exist
LINE 3:                     WHERE full_name = '' AND state = 'Georgi...
                                  ^

2026-01-08 02:08:35,658 [ERROR] Failed to ingest member C001039: column "full_name" does not exist
LINE 3:                     WHERE full_name = '' AND state = 'Florid...
                                  ^

2026-01-08 02:08:36,464 [ERROR] Failed to ingest member B000740: column "full_name" does not exist
LINE 3:                     WHERE full_name = '' AND state = 'Oklaho...
                                  ^

2026-01-08 02:08:37,279 [ERROR] Failed to ingest member B000668: column "full_name" does not exist
LINE 3:                     WHERE full_name = '' AND state = 'Oregon...
                                  ^

2026-01-08 02:08:38,084 [ERROR] Failed to ingest member A000148: column "full_name" does not exist
LINE 3:                     WHERE full_name = '' AND state = 'Massac...
                                  ^

2026-01-08 02:08:38,960 [ERROR] Failed to ingest member T000165: column "full_name" does not exist
LINE 3:                     WHERE full_name = '' AND state = 'Wiscon...
                                  ^

2026-01-08 02:08:39,767 [ERROR] Failed to ingest member M001210: column "full_name" does not exist
LINE 3:                     WHERE full_name = '' AND state = 'North ...
                                  ^

2026-01-08 02:08:40,597 [ERROR] Failed to ingest member G000592: column "full_name" does not exist
LINE 3:                     WHERE full_name = '' AND state = 'Maine'...
                                  ^

2026-01-08 02:08:41,402 [ERROR] Failed to ingest member S001213: column "full_name" does not exist
LINE 3:                     WHERE full_name = '' AND state = 'Wiscon...
                                  ^

2026-01-08 02:08:42,242 [ERROR] Failed to ingest member S001216: column "full_name" does not exist
LINE 3:                     WHERE full_name = '' AND state = 'Washin...
                                  ^

2026-01-08 02:08:43,038 [ERROR] Failed to ingest member C001118: column "full_name" does not exist
LINE 3:                     WHERE full_name = '' AND state = 'Virgin...
                                  ^

2026-01-08 02:08:43,845 [ERROR] Failed to ingest member G000587: column "full_name" does not exist
LINE 3:                     WHERE full_name = '' AND state = 'Texas'...
                                  ^

2026-01-08 02:08:44,647 [ERROR] Failed to ingest member R000614: column "full_name" does not exist
LINE 3:                     WHERE full_name = '' AND state = 'Texas'...
                                  ^

2026-01-08 02:08:45,484 [ERROR] Failed to ingest member E000299: column "full_name" does not exist
LINE 3:                     WHERE full_name = '' AND state = 'Texas'...
                                  ^

2026-01-08 02:08:46,279 [ERROR] Failed to ingest member F000468: column "full_name" does not exist
LINE 3:                     WHERE full_name = '' AND state = 'Texas'...
                                  ^

2026-01-08 02:08:47,127 [ERROR] Failed to ingest member G000589: column "full_name" does not exist
LINE 3:                     WHERE full_name = '' AND state = 'Texas'...
                                  ^

2026-01-08 02:08:48,000 [ERROR] Failed to ingest member C001120: column "full_name" does not exist
LINE 3:                     WHERE full_name = '' AND state = 'Texas'...
                                  ^

2026-01-08 02:08:48,830 [ERROR] Failed to ingest member R000612: column "full_name" does not exist
LINE 3:                     WHERE full_name = '' AND state = 'Tennes...
                                  ^

2026-01-08 02:08:49,665 [ERROR] Failed to ingest member B001309: column "full_name" does not exist
LINE 3:                     WHERE full_name = '' AND state = 'Tennes...
                                  ^

2026-01-08 02:08:50,601 [ERROR] Failed to ingest member J000301: column "full_name" does not exist
LINE 3:                     WHERE full_name = '' AND state = 'South ...
                                  ^

2026-01-08 02:08:51,437 [ERROR] Failed to ingest member T000480: column "full_name" does not exist
LINE 3:                     WHERE full_name = '' AND state = 'South ...
                                  ^

2026-01-08 02:08:52,356 [ERROR] Failed to ingest member R000610: column "full_name" does not exist
LINE 3:                     WHERE full_name = '' AND state = 'Pennsy...
                                  ^

2026-01-08 02:08:53,266 [ERROR] Failed to ingest member J000302: column "full_name" does not exist
LINE 3:                     WHERE full_name = '' AND state = 'Pennsy...
                                  ^

2026-01-08 02:08:54,060 [ERROR] Failed to ingest member M001204: column "full_name" does not exist
LINE 3:                     WHERE full_name = '' AND state = 'Pennsy...
                                  ^

2026-01-08 02:08:54,879 [ERROR] Failed to ingest member H001085: column "full_name" does not exist
LINE 3:                     WHERE full_name = '' AND state = 'Pennsy...
                                  ^

2026-01-08 02:08:55,723 [ERROR] Failed to ingest member D000631: column "full_name" does not exist
LINE 3:                     WHERE full_name = '' AND state = 'Pennsy...
                                  ^

2026-01-08 02:08:56,613 [ERROR] Failed to ingest member V000133: column "full_name" does not exist
LINE 3:                     WHERE full_name = '' AND state = 'New Je...
                                  ^

2026-01-08 02:08:57,541 [ERROR] Failed to ingest member C001119: column "full_name" does not exist
LINE 3:                     WHERE full_name = '' AND state = 'Minnes...
                                  ^

2026-01-08 02:08:58,446 [ERROR] Failed to ingest member G000586: column "full_name" does not exist
LINE 3:                     WHERE full_name = '' AND state = 'Illino...
                                  ^

2026-01-08 02:08:59,323 [ERROR] Failed to ingest member S001199: column "full_name" does not exist
LINE 3:                     WHERE full_name = '' AND state = 'Pennsy...
                                  ^

2026-01-08 02:09:00,162 [ERROR] Failed to ingest member E000296: column "full_name" does not exist
LINE 3:                     WHERE full_name = '' AND state = 'Pennsy...
                                  ^

2026-01-08 02:09:01,047 [ERROR] Failed to ingest member B001296: column "full_name" does not exist
LINE 3:                     WHERE full_name = '' AND state = 'Pennsy...
                                  ^

2026-01-08 02:09:01,955 [ERROR] Failed to ingest member P000605: column "full_name" does not exist
LINE 3:                     WHERE full_name = '' AND state = 'Pennsy...
                                  ^

2026-01-08 02:09:02,842 [ERROR] Failed to ingest member K000376: column "full_name" does not exist
LINE 3:                     WHERE full_name = '' AND state = 'Pennsy...
                                  ^

2026-01-08 02:09:03,747 [ERROR] Failed to ingest member T000467: column "full_name" does not exist
LINE 3:                     WHERE full_name = '' AND state = 'Pennsy...
                                  ^

2026-01-08 02:09:04,580 [ERROR] Failed to ingest member M000687: column "full_name" does not exist
LINE 3:                     WHERE full_name = '' AND state = 'Maryla...
                                  ^

2026-01-08 02:09:05,407 [ERROR] Failed to ingest member W000831: column "full_name" does not exist
LINE 3:                     WHERE full_name = '' AND state = 'Virgin...
                                  ^

2026-01-08 02:09:06,293 [ERROR] Failed to ingest member O000172: column "full_name" does not exist
LINE 3:                     WHERE full_name = '' AND state = 'New Yo...
                                  ^

2026-01-08 02:09:07,291 [ERROR] Failed to ingest member L000590: column "full_name" does not exist
LINE 3:                     WHERE full_name = '' AND state = 'Nevada...
                                  ^

2026-01-08 02:09:08,183 [ERROR] Failed to ingest member P000614: column "full_name" does not exist
LINE 3:                     WHERE full_name = '' AND state = 'New Ha...
                                  ^

2026-01-08 02:09:09,030 [ERROR] Failed to ingest member G000591: column "full_name" does not exist
LINE 3:                     WHERE full_name = '' AND state = 'Missis...
                                  ^

2026-01-08 02:09:09,943 [ERROR] Failed to ingest member S001212: column "full_name" does not exist
LINE 3:                     WHERE full_name = '' AND state = 'Minnes...
                                  ^

2026-01-08 02:09:10,807 [ERROR] Failed to ingest member O000173: column "full_name" does not exist
LINE 3:                     WHERE full_name = '' AND state = 'Minnes...
                                  ^

2026-01-08 02:09:11,671 [ERROR] Failed to ingest member S001215: column "full_name" does not exist
LINE 3:                     WHERE full_name = '' AND state = 'Michig...
                                  ^

2026-01-08 02:09:12,598 [ERROR] Failed to ingest member P000617: column "full_name" does not exist
LINE 3:                     WHERE full_name = '' AND state = 'Massac...
                                  ^

2026-01-08 02:09:13,563 [ERROR] Failed to ingest member T000482: column "full_name" does not exist
LINE 3:                     WHERE full_name = '' AND state = 'Massac...
                                  ^

2026-01-08 02:09:14,501 [ERROR] Failed to ingest member D000629: column "full_name" does not exist
LINE 3:                     WHERE full_name = '' AND state = 'Kansas...
                                  ^

2026-01-08 02:09:15,404 [ERROR] Failed to ingest member B001307: column "full_name" does not exist
LINE 3:                     WHERE full_name = '' AND state = 'Indian...
                                  ^

2026-01-08 02:09:16,212 [ERROR] Failed to ingest member U000040: column "full_name" does not exist
LINE 3:                     WHERE full_name = '' AND state = 'Illino...
                                  ^

2026-01-08 02:09:17,156 [ERROR] Failed to ingest member C001117: column "full_name" does not exist
LINE 3:                     WHERE full_name = '' AND state = 'Illino...
                                  ^

2026-01-08 02:09:18,008 [ERROR] Failed to ingest member F000469: column "full_name" does not exist
LINE 3:                     WHERE full_name = '' AND state = 'Idaho'...
                                  ^

2026-01-08 02:09:18,920 [ERROR] Failed to ingest member S001214: column "full_name" does not exist
LINE 3:                     WHERE full_name = '' AND state = 'Florid...
                                  ^

2026-01-08 02:09:19,829 [ERROR] Failed to ingest member H001081: column "full_name" does not exist
LINE 3:                     WHERE full_name = '' AND state = 'Connec...
                                  ^

2026-01-08 02:09:20,755 [ERROR] Failed to ingest member C001121: column "full_name" does not exist
LINE 3:                     WHERE full_name = '' AND state = 'Colora...
                                  ^

2026-01-08 02:09:21,677 [ERROR] Failed to ingest member N000191: column "full_name" does not exist
LINE 3:                     WHERE full_name = '' AND state = 'Colora...
                                  ^

2026-01-08 02:09:22,553 [ERROR] Failed to ingest member L000593: column "full_name" does not exist
LINE 3:                     WHERE full_name = '' AND state = 'Califo...
                                  ^

2026-01-08 02:09:23,508 [ERROR] Failed to ingest member H001082: column "full_name" does not exist
LINE 3:                     WHERE full_name = '' AND state = 'Oklaho...
                                  ^

2026-01-08 02:09:24,438 [ERROR] Failed to ingest member M001206: column "full_name" does not exist
LINE 3:                     WHERE full_name = '' AND state = 'New Yo...
                                  ^

2026-01-08 02:09:25,454 [ERROR] Failed to ingest member B001306: column "full_name" does not exist
LINE 3:                     WHERE full_name = '' AND state = 'Ohio' ...
                                  ^

2026-01-08 02:09:26,400 [ERROR] Failed to ingest member C001115: column "full_name" does not exist
LINE 3:                     WHERE full_name = '' AND state = 'Texas'...
                                  ^

2026-01-08 02:09:27,322 [ERROR] Failed to ingest member G000585: column "full_name" does not exist
LINE 3:                     WHERE full_name = '' AND state = 'Califo...
                                  ^

2026-01-08 02:09:28,261 [ERROR] Failed to ingest member N000190: column "full_name" does not exist
LINE 3:                     WHERE full_name = '' AND state = 'South ...
                                  ^

2026-01-08 02:09:29,203 [ERROR] Failed to ingest member E000298: column "full_name" does not exist
LINE 3:                     WHERE full_name = '' AND state = 'Kansas...
                                  ^

2026-01-08 02:09:30,164 [ERROR] Failed to ingest member J000298: column "full_name" does not exist
LINE 3:                     WHERE full_name = '' AND state = 'Washin...
                                  ^

2026-01-08 02:09:31,129 [ERROR] Failed to ingest member A000375: column "full_name" does not exist
LINE 3:                     WHERE full_name = '' AND state = 'Texas'...
                                  ^

2026-01-08 02:09:32,031 [ERROR] Failed to ingest member K000392: column "full_name" does not exist
LINE 3:                     WHERE full_name = '' AND state = 'Tennes...
                                  ^

2026-01-08 02:09:32,963 [ERROR] Failed to ingest member F000466: column "full_name" does not exist
LINE 3:                     WHERE full_name = '' AND state = 'Pennsy...
                                  ^

2026-01-08 02:09:33,896 [ERROR] Failed to ingest member E000297: column "full_name" does not exist
LINE 3:                     WHERE full_name = '' AND state = 'New Yo...
                                  ^

2026-01-08 02:09:34,768 [ERROR] Failed to ingest member G000583: column "full_name" does not exist
LINE 3:                     WHERE full_name = '' AND state = 'New Je...
                                  ^

2026-01-08 02:09:35,759 [ERROR] Failed to ingest member B001298: column "full_name" does not exist
LINE 3:                     WHERE full_name = '' AND state = 'Nebras...
                                  ^

2026-01-08 02:09:36,621 [ERROR] Failed to ingest member B001301: column "full_name" does not exist
LINE 3:                     WHERE full_name = '' AND state = 'Michig...
                                  ^

2026-01-08 02:09:37,489 [ERROR] Failed to ingest member R000606: column "full_name" does not exist
LINE 3:                     WHERE full_name = '' AND state = 'Maryla...
                                  ^

2026-01-08 02:09:38,388 [ERROR] Failed to ingest member J000299: column "full_name" does not exist
LINE 3:                     WHERE full_name = '' AND state = 'Louisi...
                                  ^

2026-01-08 02:09:39,256 [ERROR] Failed to ingest member H001077: column "full_name" does not exist
LINE 3:                     WHERE full_name = '' AND state = 'Louisi...
                                  ^

2026-01-08 02:09:40,120 [ERROR] Failed to ingest member K000391: column "full_name" does not exist
LINE 3:                     WHERE full_name = '' AND state = 'Illino...
                                  ^

2026-01-08 02:09:41,041 [ERROR] Failed to ingest member S001200: column "full_name" does not exist
LINE 3:                     WHERE full_name = '' AND state = 'Florid...
                                  ^

2026-01-08 02:09:41,951 [ERROR] Failed to ingest member C001110: column "full_name" does not exist
LINE 3:                     WHERE full_name = '' AND state = 'Califo...
                                  ^

2026-01-08 02:09:42,764 [ERROR] Failed to ingest member B001300: column "full_name" does not exist
LINE 3:                     WHERE full_name = '' AND state = 'Califo...
                                  ^

2026-01-08 02:09:43,709 [ERROR] Failed to ingest member C001112: column "full_name" does not exist
LINE 3:                     WHERE full_name = '' AND state = 'Califo...
                                  ^

2026-01-08 02:09:44,574 [ERROR] Failed to ingest member H001066: column "full_name" does not exist
LINE 3:                     WHERE full_name = '' AND state = 'Nevada...
                                  ^

2026-01-08 02:09:45,508 [ERROR] Failed to ingest member S001190: column "full_name" does not exist
LINE 3:                     WHERE full_name = '' AND state = 'Illino...
                                  ^

2026-01-08 02:09:46,427 [ERROR] Failed to ingest member W000806: column "full_name" does not exist
LINE 3:                     WHERE full_name = '' AND state = 'Florid...
                                  ^

2026-01-08 02:09:47,357 [ERROR] Failed to ingest member C001055: column "full_name" does not exist
LINE 3:                     WHERE full_name = '' AND state = 'Hawaii...
                                  ^

2026-01-08 02:09:48,181 [ERROR] Failed to ingest member M001241: column "full_name" does not exist
LINE 3:                     WHERE full_name = '' AND state = 'Califo...
                                  ^

2026-01-08 02:09:49,067 [ERROR] Failed to ingest member H001100: column "full_name" does not exist
LINE 3:                     WHERE full_name = '' AND state = 'Colora...
                                  ^

2026-01-08 02:09:50,051 [ERROR] Failed to ingest member B001302: column "full_name" does not exist
LINE 3:                     WHERE full_name = '' AND state = 'Arizon...
                                  ^

2026-01-08 02:09:51,095 [ERROR] Failed to ingest member K000389: column "full_name" does not exist
LINE 3:                     WHERE full_name = '' AND state = 'Califo...
                                  ^

2026-01-08 02:09:52,088 [ERROR] Failed to ingest member C001108: column "full_name" does not exist
LINE 3:                     WHERE full_name = '' AND state = 'Kentuc...
                                  ^

2026-01-08 02:09:53,019 [ERROR] Failed to ingest member D000626: column "full_name" does not exist
LINE 3:                     WHERE full_name = '' AND state = 'Ohio' ...
                                  ^

2026-01-08 02:09:54,009 [ERROR] Failed to ingest member K000388: column "full_name" does not exist
LINE 3:                     WHERE full_name = '' AND state = 'Missis...
                                  ^

2026-01-08 02:09:54,941 [ERROR] Failed to ingest member G000576: column "full_name" does not exist
LINE 3:                     WHERE full_name = '' AND state = 'Wiscon...
                                  ^

2026-01-08 02:09:55,791 [ERROR] Failed to ingest member N000189: column "full_name" does not exist
LINE 3:                     WHERE full_name = '' AND state = 'Washin...
                                  ^

2026-01-08 02:09:56,685 [ERROR] Failed to ingest member P000610: column "full_name" does not exist
LINE 3:                     WHERE full_name = '' AND state = 'Virgin...
                                  ^

2026-01-08 02:09:57,574 [ERROR] Failed to ingest member B001292: column "full_name" does not exist
LINE 3:                     WHERE full_name = '' AND state = 'Virgin...
                                  ^

2026-01-08 02:09:58,492 [ERROR] Failed to ingest member B001291: column "full_name" does not exist
LINE 3:                     WHERE full_name = '' AND state = 'Texas'...
                                  ^

2026-01-08 02:09:59,483 [ERROR] Failed to ingest member S001196: column "full_name" does not exist
LINE 3:                     WHERE full_name = '' AND state = 'New Yo...
                                  ^

2026-01-08 02:10:00,370 [ERROR] Failed to ingest member W000822: column "full_name" does not exist
LINE 3:                     WHERE full_name = '' AND state = 'New Je...
                                  ^

2026-01-08 02:10:01,265 [ERROR] Failed to ingest member R000603: column "full_name" does not exist
LINE 3:                     WHERE full_name = '' AND state = 'North ...
                                  ^

2026-01-08 02:10:02,132 [ERROR] Failed to ingest member E000294: column "full_name" does not exist
LINE 3:                     WHERE full_name = '' AND state = 'Minnes...
                                  ^

2026-01-08 02:10:02,986 [ERROR] Failed to ingest member M001196: column "full_name" does not exist
LINE 3:                     WHERE full_name = '' AND state = 'Massac...
                                  ^

2026-01-08 02:10:03,887 [ERROR] Failed to ingest member B001295: column "full_name" does not exist
LINE 3:                     WHERE full_name = '' AND state = 'Illino...
                                  ^

2026-01-08 02:10:04,747 [ERROR] Failed to ingest member A000372: column "full_name" does not exist
LINE 3:                     WHERE full_name = '' AND state = 'Georgi...
                                  ^

2026-01-08 02:10:05,552 [ERROR] Failed to ingest member L000583: column "full_name" does not exist
LINE 3:                     WHERE full_name = '' AND state = 'Georgi...
                                  ^

2026-01-08 02:10:06,378 [ERROR] Failed to ingest member C001103: column "full_name" does not exist
LINE 3:                     WHERE full_name = '' AND state = 'Georgi...
                                  ^

2026-01-08 02:10:07,253 [ERROR] Failed to ingest member T000474: column "full_name" does not exist
LINE 3:                     WHERE full_name = '' AND state = 'Califo...
                                  ^

2026-01-08 02:10:08,092 [ERROR] Failed to ingest member W000821: column "full_name" does not exist
LINE 3:                     WHERE full_name = '' AND state = 'Arkans...
                                  ^

2026-01-08 02:10:08,967 [ERROR] Failed to ingest member H001072: column "full_name" does not exist
LINE 3:                     WHERE full_name = '' AND state = 'Arkans...
                                  ^

2026-01-08 02:10:09,808 [ERROR] Failed to ingest member R000600: column "full_name" does not exist
LINE 3:                     WHERE full_name = '' AND state = 'Americ...
                                  ^

2026-01-08 02:10:10,818 [ERROR] Failed to ingest member P000609: column "full_name" does not exist
LINE 3:                     WHERE full_name = '' AND state = 'Alabam...
                                  ^

2026-01-08 02:10:11,912 [ERROR] Failed to ingest member N000188: column "full_name" does not exist
LINE 3:                     WHERE full_name = '' AND state = 'New Je...
                                  ^

2026-01-08 02:10:12,786 [ERROR] Failed to ingest member A000370: column "full_name" does not exist
LINE 3:                     WHERE full_name = '' AND state = 'North ...
                                  ^

2026-01-08 02:10:13,680 [ERROR] Failed to ingest member C001101: column "full_name" does not exist
LINE 3:                     WHERE full_name = '' AND state = 'Massac...
                                  ^

2026-01-08 02:10:14,559 [ERROR] Failed to ingest member S001195: column "full_name" does not exist
LINE 3:                     WHERE full_name = '' AND state = 'Missou...
                                  ^

2026-01-08 02:10:15,431 [ERROR] Failed to ingest member B001282: column "full_name" does not exist
LINE 3:                     WHERE full_name = '' AND state = 'Kentuc...
                                  ^

2026-01-08 02:10:16,284 [ERROR] Failed to ingest member C001067: column "full_name" does not exist
LINE 3:                     WHERE full_name = '' AND state = 'New Yo...
                                  ^

2026-01-08 02:10:17,165 [ERROR] Failed to ingest member T000469: column "full_name" does not exist
LINE 3:                     WHERE full_name = '' AND state = 'New Yo...
                                  ^

2026-01-08 02:10:18,079 [ERROR] Failed to ingest member K000385: column "full_name" does not exist
LINE 3:                     WHERE full_name = '' AND state = 'Illino...
                                  ^

2026-01-08 02:10:18,991 [ERROR] Failed to ingest member M001137: column "full_name" does not exist
LINE 3:                     WHERE full_name = '' AND state = 'New Yo...
                                  ^

2026-01-08 02:10:19,909 [ERROR] Failed to ingest member V000081: column "full_name" does not exist
LINE 3:                     WHERE full_name = '' AND state = 'New Yo...
                                  ^

2026-01-08 02:10:20,802 [ERROR] Failed to ingest member T000463: column "full_name" does not exist
LINE 3:                     WHERE full_name = '' AND state = 'Ohio' ...
                                  ^

2026-01-08 02:10:21,691 [ERROR] Failed to ingest member T000491: column "full_name" does not exist
LINE 3:                     WHERE full_name = '' AND state = 'Califo...
                                  ^

2026-01-08 02:10:22,653 [ERROR] Failed to ingest member P000607: column "full_name" does not exist
LINE 3:                     WHERE full_name = '' AND state = 'Wiscon...
                                  ^

2026-01-08 02:10:23,467 [ERROR] Failed to ingest member V000131: column "full_name" does not exist
LINE 3:                     WHERE full_name = '' AND state = 'Texas'...
                                  ^

2026-01-08 02:10:24,297 [ERROR] Failed to ingest member W000816: column "full_name" does not exist
LINE 3:                     WHERE full_name = '' AND state = 'Texas'...
                                  ^

2026-01-08 02:10:25,215 [ERROR] Failed to ingest member C001091: column "full_name" does not exist
LINE 3:                     WHERE full_name = '' AND state = 'Texas'...
                                  ^

2026-01-08 02:10:26,145 [ERROR] Failed to ingest member W000814: column "full_name" does not exist
LINE 3:                     WHERE full_name = '' AND state = 'Texas'...
                                  ^

2026-01-08 02:10:26,985 [ERROR] Failed to ingest member J000295: column "full_name" does not exist
LINE 3:                     WHERE full_name = '' AND state = 'Ohio' ...
                                  ^

2026-01-08 02:10:27,850 [ERROR] Failed to ingest member B001281: column "full_name" does not exist
LINE 3:                     WHERE full_name = '' AND state = 'Ohio' ...
                                  ^

2026-01-08 02:10:28,682 [ERROR] Failed to ingest member J000294: column "full_name" does not exist
LINE 3:                     WHERE full_name = '' AND state = 'New Yo...
                                  ^

2026-01-08 02:10:29,507 [ERROR] Failed to ingest member M001188: column "full_name" does not exist
LINE 3:                     WHERE full_name = '' AND state = 'New Yo...
                                  ^

2026-01-08 02:10:30,353 [ERROR] Failed to ingest member W000812: column "full_name" does not exist
LINE 3:                     WHERE full_name = '' AND state = 'Missou...
                                  ^

2026-01-08 02:10:31,253 [ERROR] Failed to ingest member B001285: column "full_name" does not exist
LINE 3:                     WHERE full_name = '' AND state = 'Califo...
                                  ^

2026-01-08 02:10:32,147 [ERROR] Failed to ingest member H001068: column "full_name" does not exist
LINE 3:                     WHERE full_name = '' AND state = 'Califo...
                                  ^

2026-01-08 02:10:33,011 [ERROR] Failed to ingest member D000617: column "full_name" does not exist
LINE 3:                     WHERE full_name = '' AND state = 'Washin...
                                  ^

2026-01-08 02:10:33,851 [ERROR] Failed to ingest member M001184: column "full_name" does not exist
LINE 3:                     WHERE full_name = '' AND state = 'Kentuc...
                                  ^

2026-01-08 02:10:34,847 [ERROR] Failed to ingest member B001278: column "full_name" does not exist
LINE 3:                     WHERE full_name = '' AND state = 'Oregon...
                                  ^

2026-01-08 02:10:35,735 [ERROR] Failed to ingest member A000369: column "full_name" does not exist
LINE 3:                     WHERE full_name = '' AND state = 'Nevada...
                                  ^

2026-01-08 02:10:36,642 [ERROR] Failed to ingest member W000804: column "full_name" does not exist
LINE 3:                     WHERE full_name = '' AND state = 'Virgin...
                                  ^

2026-01-08 02:10:37,515 [ERROR] Failed to ingest member L000566: column "full_name" does not exist
LINE 3:                     WHERE full_name = '' AND state = 'Ohio' ...
                                  ^

2026-01-08 02:10:38,438 [ERROR] Failed to ingest member G000568: column "full_name" does not exist
LINE 3:                     WHERE full_name = '' AND state = 'Virgin...
                                  ^

2026-01-08 02:10:39,277 [ERROR] Failed to ingest member D000616: column "full_name" does not exist
LINE 3:                     WHERE full_name = '' AND state = 'Tennes...
                                  ^

2026-01-08 02:10:40,182 [ERROR] Failed to ingest member F000459: column "full_name" does not exist
LINE 3:                     WHERE full_name = '' AND state = 'Tennes...
                                  ^

2026-01-08 02:10:41,078 [ERROR] Failed to ingest member H001052: column "full_name" does not exist
LINE 3:                     WHERE full_name = '' AND state = 'Maryla...
                                  ^

2026-01-08 02:10:41,977 [ERROR] Failed to ingest member K000375: column "full_name" does not exist
LINE 3:                     WHERE full_name = '' AND state = 'Massac...
                                  ^

2026-01-08 02:10:42,832 [ERROR] Failed to ingest member S001189: column "full_name" does not exist
LINE 3:                     WHERE full_name = '' AND state = 'Georgi...
                                  ^

2026-01-08 02:10:43,687 [ERROR] Failed to ingest member W000808: column "full_name" does not exist
LINE 3:                     WHERE full_name = '' AND state = 'Florid...
                                  ^

2026-01-08 02:10:44,595 [ERROR] Failed to ingest member W000809: column "full_name" does not exist
LINE 3:                     WHERE full_name = '' AND state = 'Arkans...
                                  ^

2026-01-08 02:10:45,540 [ERROR] Failed to ingest member S001185: column "full_name" does not exist
LINE 3:                     WHERE full_name = '' AND state = 'Alabam...
                                  ^

2026-01-08 02:10:46,436 [ERROR] Failed to ingest member C001068: column "full_name" does not exist
LINE 3:                     WHERE full_name = '' AND state = 'Tennes...
                                  ^

2026-01-08 02:10:47,349 [ERROR] Failed to ingest member J000289: column "full_name" does not exist
LINE 3:                     WHERE full_name = '' AND state = 'Ohio' ...
                                  ^

2026-01-08 02:10:48,222 [ERROR] Failed to ingest member B001260: column "full_name" does not exist
LINE 3:                     WHERE full_name = '' AND state = 'Florid...
                                  ^

2026-01-08 02:10:49,115 [ERROR] Failed to ingest member C001066: column "full_name" does not exist
LINE 3:                     WHERE full_name = '' AND state = 'Florid...
                                  ^

2026-01-08 02:10:50,018 [ERROR] Failed to ingest member B001257: column "full_name" does not exist
LINE 3:                     WHERE full_name = '' AND state = 'Florid...
                                  ^

2026-01-08 02:10:50,865 [ERROR] Failed to ingest member Q000023: column "full_name" does not exist
LINE 3:                     WHERE full_name = '' AND state = 'Illino...
                                  ^

2026-01-08 02:10:51,788 [ERROR] Failed to ingest member T000468: column "full_name" does not exist
LINE 3:                     WHERE full_name = '' AND state = 'Nevada...
                                  ^

2026-01-08 02:10:52,678 [ERROR] Failed to ingest member P000597: column "full_name" does not exist
LINE 3:                     WHERE full_name = '' AND state = 'Maine'...
                                  ^

2026-01-08 02:10:53,513 [ERROR] Failed to ingest member G000558: column "full_name" does not exist
LINE 3:                     WHERE full_name = '' AND state = 'Kentuc...
                                  ^

2026-01-08 02:10:54,382 [ERROR] Failed to ingest member H001047: column "full_name" does not exist
LINE 3:                     WHERE full_name = '' AND state = 'Connec...
                                  ^

2026-01-08 02:10:55,395 [ERROR] Failed to ingest member S001176: column "full_name" does not exist
LINE 3:                     WHERE full_name = '' AND state = 'Louisi...
                                  ^

2026-01-08 02:10:56,285 [ERROR] Failed to ingest member F000454: column "full_name" does not exist
LINE 3:                     WHERE full_name = '' AND state = 'Illino...
                                  ^

2026-01-08 02:10:57,171 [ERROR] Failed to ingest member C001072: column "full_name" does not exist
LINE 3:                     WHERE full_name = '' AND state = 'Indian...
                                  ^

2026-01-08 02:10:57,982 [ERROR] Failed to ingest member M000312: column "full_name" does not exist
LINE 3:                     WHERE full_name = '' AND state = 'Massac...
                                  ^

2026-01-08 02:10:58,803 [ERROR] Failed to ingest member N000015: column "full_name" does not exist
LINE 3:                     WHERE full_name = '' AND state = 'Massac...
                                  ^

2026-01-08 02:10:59,735 [ERROR] Failed to ingest member M001160: column "full_name" does not exist
LINE 3:                     WHERE full_name = '' AND state = 'Wiscon...
                                  ^

2026-01-08 02:11:00,655 [ERROR] Failed to ingest member S001157: column "full_name" does not exist
LINE 3:                     WHERE full_name = '' AND state = 'Georgi...
                                  ^

2026-01-08 02:11:01,521 [ERROR] Failed to ingest member S001156: column "full_name" does not exist
LINE 3:                     WHERE full_name = '' AND state = 'Califo...
                                  ^

2026-01-08 02:11:02,371 [ERROR] Failed to ingest member L000562: column "full_name" does not exist
LINE 3:                     WHERE full_name = '' AND state = 'Massac...
                                  ^

2026-01-08 02:11:03,258 [ERROR] Failed to ingest member S001231: column "full_name" does not exist
LINE 3:                     WHERE full_name = '' AND state = 'Califo...
                                  ^

2026-01-08 02:11:04,158 [ERROR] Failed to ingest member R000621: column "full_name" does not exist
LINE 3:                     WHERE full_name = '' AND state = 'Washin...
                                  ^

2026-01-08 02:11:05,063 [ERROR] Failed to ingest member R000620: column "full_name" does not exist
LINE 3:                     WHERE full_name = '' AND state = 'Califo...
                                  ^

2026-01-08 02:11:05,976 [ERROR] Failed to ingest member L000607: column "full_name" does not exist
LINE 3:                     WHERE full_name = '' AND state = 'Califo...
                                  ^

2026-01-08 02:11:06,924 [ERROR] Failed to ingest member H001098: column "full_name" does not exist
LINE 3:                     WHERE full_name = '' AND state = 'Arizon...
                                  ^

2026-01-08 02:11:07,763 [ERROR] Failed to ingest member G000605: column "full_name" does not exist
LINE 3:                     WHERE full_name = '' AND state = 'Califo...
                                  ^

2026-01-08 02:11:08,641 [ERROR] Failed to ingest member B001323: column "full_name" does not exist
LINE 3:                     WHERE full_name = '' AND state = 'Alaska...
                                  ^

2026-01-08 02:11:09,544 [ERROR] Failed to ingest member A000381: column "full_name" does not exist
LINE 3:                     WHERE full_name = '' AND state = 'Arizon...
                                  ^

2026-01-08 02:11:10,466 [ERROR] Failed to ingest member S001172: column "full_name" does not exist
LINE 3:                     WHERE full_name = '' AND state = 'Nebras...
                                  ^

2026-01-08 02:11:11,326 [ERROR] Failed to ingest member J000288: column "full_name" does not exist
LINE 3:                     WHERE full_name = '' AND state = 'Georgi...
                                  ^

2026-01-08 02:11:12,216 [ERROR] Failed to ingest member C001069: column "full_name" does not exist
LINE 3:                     WHERE full_name = '' AND state = 'Connec...
                                  ^

2026-01-08 02:11:13,072 [ERROR] Failed to ingest member P000034: column "full_name" does not exist
LINE 3:                     WHERE full_name = '' AND state = 'New Je...
                                  ^

2026-01-08 02:11:13,917 [ERROR] Failed to ingest member S001148: column "full_name" does not exist
LINE 3:                     WHERE full_name = '' AND state = 'Idaho'...
                                  ^

2026-01-08 02:11:14,855 [ERROR] Failed to ingest member S001145: column "full_name" does not exist
LINE 3:                     WHERE full_name = '' AND state = 'Illino...
                                  ^

2026-01-08 02:11:15,758 [ERROR] Failed to ingest member L000557: column "full_name" does not exist
LINE 3:                     WHERE full_name = '' AND state = 'Connec...
                                  ^

2026-01-08 02:11:16,619 [ERROR] Failed to ingest member S000510: column "full_name" does not exist
LINE 3:                     WHERE full_name = '' AND state = 'Washin...
                                  ^

2026-01-08 02:11:17,423 [ERROR] Failed to ingest member D000197: column "full_name" does not exist
LINE 3:                     WHERE full_name = '' AND state = 'Colora...
                                  ^

2026-01-08 02:11:18,259 [ERROR] Failed to ingest member D000096: column "full_name" does not exist
LINE 3:                     WHERE full_name = '' AND state = 'Illino...
                                  ^

2026-01-08 02:11:19,129 [ERROR] Failed to ingest member A000055: column "full_name" does not exist
LINE 3:                     WHERE full_name = '' AND state = 'Alabam...
                                  ^

2026-01-08 02:11:19,972 [ERROR] Failed to ingest member T000193: column "full_name" does not exist
LINE 3:                     WHERE full_name = '' AND state = 'Missis...
                                  ^

2026-01-08 02:11:20,803 [ERROR] Failed to ingest member S000522: column "full_name" does not exist
LINE 3:                     WHERE full_name = '' AND state = 'New Je...
                                  ^

2026-01-08 02:11:21,696 [ERROR] Failed to ingest member S000185: column "full_name" does not exist
LINE 3:                     WHERE full_name = '' AND state = 'Virgin...
                                  ^

2026-01-08 02:11:22,574 [ERROR] Failed to ingest member R000395: column "full_name" does not exist
LINE 3:                     WHERE full_name = '' AND state = 'Kentuc...
                                  ^

2026-01-08 02:11:23,523 [ERROR] Failed to ingest member B000490: column "full_name" does not exist
LINE 3:                     WHERE full_name = '' AND state = 'Georgi...
                                  ^

2026-01-08 02:11:24,377 [ERROR] Failed to ingest member L000491: column "full_name" does not exist
LINE 3:                     WHERE full_name = '' AND state = 'Oklaho...
                                  ^

2026-01-08 02:11:25,345 [ERROR] Failed to ingest member C001063: column "full_name" does not exist
LINE 3:                     WHERE full_name = '' AND state = 'Texas'...
                                  ^

2026-01-08 02:11:26,157 [ERROR] Failed to ingest member M001157: column "full_name" does not exist
LINE 3:                     WHERE full_name = '' AND state = 'Texas'...
                                  ^

2026-01-08 02:11:26,986 [ERROR] Failed to ingest member F000450: column "full_name" does not exist
LINE 3:                     WHERE full_name = '' AND state = 'North ...
                                  ^

2026-01-08 02:11:27,834 [ERROR] Failed to ingest member C001061: column "full_name" does not exist
LINE 3:                     WHERE full_name = '' AND state = 'Missou...
                                  ^

2026-01-08 02:11:28,724 [ERROR] Failed to ingest member C001051: column "full_name" does not exist
LINE 3:                     WHERE full_name = '' AND state = 'Texas'...
                                  ^

2026-01-08 02:11:29,559 [ERROR] Failed to ingest member C001053: column "full_name" does not exist
LINE 3:                     WHERE full_name = '' AND state = 'Oklaho...
                                  ^

2026-01-08 02:11:30,390 [ERROR] Failed to ingest member R000575: column "full_name" does not exist
LINE 3:                     WHERE full_name = '' AND state = 'Alabam...
                                  ^

2026-01-08 02:11:31,228 [ERROR] Failed to ingest member W000795: column "full_name" does not exist
LINE 3:                     WHERE full_name = '' AND state = 'South ...
                                  ^

2026-01-08 02:11:32,093 [ERROR] Failed to ingest member L000560: column "full_name" does not exist
LINE 3:                     WHERE full_name = '' AND state = 'Washin...
                                  ^

2026-01-08 02:11:33,038 [ERROR] Failed to ingest member G000546: column "full_name" does not exist
LINE 3:                     WHERE full_name = '' AND state = 'Missou...
                                  ^

2026-01-08 02:11:33,937 [ERROR] Failed to ingest member M001143: column "full_name" does not exist
LINE 3:                     WHERE full_name = '' AND state = 'Minnes...
                                  ^

2026-01-08 02:11:34,774 [ERROR] Failed to ingest member C000537: column "full_name" does not exist
LINE 3:                     WHERE full_name = '' AND state = 'South ...
                                  ^

2026-01-08 02:11:35,616 [ERROR] Failed to ingest member K000009: column "full_name" does not exist
LINE 3:                     WHERE full_name = '' AND state = 'Ohio' ...
                                  ^

2026-01-08 02:11:36,452 [ERROR] Failed to ingest member H000874: column "full_name" does not exist
LINE 3:                     WHERE full_name = '' AND state = 'Maryla...
                                  ^

2026-01-08 02:11:37,488 [ERROR] Failed to ingest member N000127: column "full_name" does not exist
LINE 3:                     WHERE full_name = '' AND state = 'Minnes...
                                  ^

2026-01-08 02:11:38,480 [ERROR] Failed to ingest member A000213: column "full_name" does not exist
LINE 3:                     WHERE full_name = '' AND state = 'Arkans...
                                  ^

2026-01-08 02:11:39,377 [ERROR] Failed to ingest member W000823: column "full_name" does not exist
LINE 3:                     WHERE full_name = '' AND state = 'Florid...
                                  ^

2026-01-08 02:11:40,230 [ERROR] Failed to ingest member G000579: column "full_name" does not exist
LINE 3:                     WHERE full_name = '' AND state = 'Wiscon...
                                  ^

2026-01-08 02:11:41,100 [ERROR] Failed to ingest member G000578: column "full_name" does not exist
LINE 3:                     WHERE full_name = '' AND state = 'Florid...
                                  ^

2026-01-08 02:11:42,008 [ERROR] Failed to ingest member J000292: column "full_name" does not exist
LINE 3:                     WHERE full_name = '' AND state = 'Ohio' ...
                                  ^

2026-01-08 02:11:42,906 [ERROR] Failed to ingest member H001038: column "full_name" does not exist
LINE 3:                     WHERE full_name = '' AND state = 'New Yo...
                                  ^

2026-01-08 02:11:43,822 [ERROR] Failed to ingest member S000847: column "full_name" does not exist
LINE 3:                     WHERE full_name = '' AND state = 'Wiscon...
                                  ^

2026-01-08 02:11:44,665 [ERROR] Failed to ingest member O000001: column "full_name" does not exist
LINE 3:                     WHERE full_name = '' AND state = 'Ohio' ...
                                  ^

2026-01-08 02:11:45,543 [ERROR] Failed to ingest member B001153: column "full_name" does not exist
LINE 3:                     WHERE full_name = '' AND state = 'Califo...
                                  ^

2026-01-08 02:11:46,379 [ERROR] Failed to ingest member G000590: column "full_name" does not exist
LINE 3:                     WHERE full_name = '' AND state = 'Tennes...
                                  ^

2026-01-08 02:11:47,253 [ERROR] Failed to ingest member C000994: column "full_name" does not exist
LINE 3:                     WHERE full_name = '' AND state = 'Califo...
                                  ^

2026-01-08 02:11:48,150 [ERROR] Failed to ingest member C000243: column "full_name" does not exist
LINE 3:                     WHERE full_name = '' AND state = 'Delawa...
                                  ^

2026-01-08 02:11:48,977 [ERROR] Failed to ingest member C000488: column "full_name" does not exist
LINE 3:                     WHERE full_name = '' AND state = 'Missou...
                                  ^

2026-01-08 02:11:49,856 [ERROR] Failed to ingest member M000309: column "full_name" does not exist
LINE 3:                     WHERE full_name = '' AND state = 'New Yo...
                                  ^

2026-01-08 02:11:50,792 [ERROR] Failed to ingest member W000520: column "full_name" does not exist
LINE 3:                     WHERE full_name = '' AND state = 'Montan...
                                  ^

2026-01-08 02:11:51,634 [ERROR] Failed to ingest member F000460: column "full_name" does not exist
LINE 3:                     WHERE full_name = '' AND state = 'Texas'...
                                  ^

2026-01-08 02:11:52,575 [ERROR] Failed to ingest member N000019: column "full_name" does not exist
LINE 3:                     WHERE full_name = '' AND state = 'Michig...
                                  ^

2026-01-08 02:11:53,415 [ERROR] Failed to ingest member R000053: column "full_name" does not exist
LINE 3:                     WHERE full_name = '' AND state = 'New Yo...
                                  ^

2026-01-08 02:11:54,213 [ERROR] Failed to ingest member C001078: column "full_name" does not exist
LINE 3:                     WHERE full_name = '' AND state = 'Virgin...
                                  ^

2026-01-08 02:11:55,217 [ERROR] Failed to ingest member B000611: column "full_name" does not exist
LINE 3:                     WHERE full_name = '' AND state = 'Missou...
                                  ^

2026-01-08 02:11:56,126 [ERROR] Failed to ingest member M000566: column "full_name" does not exist
LINE 3:                     WHERE full_name = '' AND state = 'North ...
                                  ^

2026-01-08 02:11:56,961 [ERROR] Failed to ingest member S001101: column "full_name" does not exist
LINE 3:                     WHERE full_name = '' AND state = 'Texas'...
                                  ^

2026-01-08 02:11:57,790 [ERROR] Failed to ingest member F000116: column "full_name" does not exist
LINE 3:                     WHERE full_name = '' AND state = 'Califo...
                                  ^

2026-01-08 02:11:58,663 [ERROR] Failed to ingest member C001084: column "full_name" does not exist
LINE 3:                     WHERE full_name = '' AND state = 'Rhode ...
                                  ^

2026-01-08 02:11:59,580 [ERROR] Failed to ingest member M001165: column "full_name" does not exist
LINE 3:                     WHERE full_name = '' AND state = 'Califo...
                                  ^

2026-01-08 02:12:00,522 [ERROR] Failed to ingest member L000556: column "full_name" does not exist
LINE 3:                     WHERE full_name = '' AND state = 'New Yo...
                                  ^

2026-01-08 02:12:01,418 [ERROR] Failed to ingest member G000551: column "full_name" does not exist
LINE 3:                     WHERE full_name = '' AND state = 'Arizon...
                                  ^

2026-01-08 02:12:02,241 [ERROR] Failed to ingest member W000194: column "full_name" does not exist
LINE 3:                     WHERE full_name = '' AND state = 'Oklaho...
                                  ^

2026-01-08 02:12:03,122 [ERROR] Failed to ingest member J000189: column "full_name" does not exist
LINE 3:                     WHERE full_name = '' AND state = 'Louisi...
                                  ^

2026-01-08 02:12:03,999 [ERROR] Failed to ingest member L000584: column "full_name" does not exist
LINE 3:                     WHERE full_name = '' AND state = 'Utah' ...
                                  ^

2026-01-08 02:12:04,936 [ERROR] Failed to ingest member L000480: column "full_name" does not exist
LINE 3:                     WHERE full_name = '' AND state = 'New Yo...
                                  ^

2026-01-08 02:12:05,790 [ERROR] Failed to ingest member S000429: column "full_name" does not exist
LINE 3:                     WHERE full_name = '' AND state = 'Wyomin...
                                  ^

2026-01-08 02:12:06,604 [ERROR] Failed to ingest member D000299: column "full_name" does not exist
LINE 3:                     WHERE full_name = '' AND state = 'Florid...
                                  ^

2026-01-08 02:12:07,503 [ERROR] Failed to ingest member T000489: column "full_name" does not exist
LINE 3:                     WHERE full_name = '' AND state = 'Texas'...
                                  ^

2026-01-08 02:12:08,387 [ERROR] Failed to ingest member B001220: column "full_name" does not exist
LINE 3:                     WHERE full_name = '' AND state = 'Maryla...
                                  ^

2026-01-08 02:12:09,429 [ERROR] Failed to ingest member B000639: column "full_name" does not exist
LINE 3:                     WHERE full_name = '' AND state = 'Oklaho...
                                  ^

2026-01-08 02:12:10,322 [ERROR] Failed to ingest member T000400: column "full_name" does not exist
LINE 3:                     WHERE full_name = '' AND state = 'Arkans...
                                  ^

2026-01-08 02:12:11,172 [ERROR] Failed to ingest member G000595: column "full_name" does not exist
LINE 3:                     WHERE full_name = '' AND state = 'Virgin...
                                  ^

2026-01-08 02:12:12,015 [ERROR] Failed to ingest member M000639: column "full_name" does not exist
LINE 3:                     WHERE full_name = '' AND state = 'New Je...
                                  ^

2026-01-08 02:12:12,899 [ERROR] Failed to ingest member P000096: column "full_name" does not exist
LINE 3:                     WHERE full_name = '' AND state = 'New Je...
                                  ^

2026-01-08 02:12:13,806 [ERROR] Failed to ingest member A000377: column "full_name" does not exist
LINE 3:                     WHERE full_name = '' AND state = 'North ...
                                  ^

2026-01-08 02:12:14,713 [ERROR] Failed to ingest member R000595: column "full_name" does not exist
LINE 3:                     WHERE full_name = '' AND state = 'Florid...
                                  ^

2026-01-08 02:12:15,582 [ERROR] Failed to ingest member V000137: column "full_name" does not exist
LINE 3:                     WHERE full_name = '' AND state = 'Ohio' ...
                                  ^

2026-01-08 02:12:16,451 [ERROR] Failed to ingest member M000023: column "full_name" does not exist
LINE 3:                     WHERE full_name = '' AND state = 'Florid...
                                  ^

2026-01-08 02:12:17,321 [ERROR] Failed to ingest member W000828: column "full_name" does not exist
LINE 3:                     WHERE full_name = '' AND state = 'New Yo...
                                  ^

2026-01-08 02:12:18,194 [ERROR] Failed to ingest member W000826: column "full_name" does not exist
LINE 3:                     WHERE full_name = '' AND state = 'Pennsy...
                                  ^

2026-01-08 02:12:19,055 [ERROR] Failed to ingest member W000825: column "full_name" does not exist
LINE 3:                     WHERE full_name = '' AND state = 'Virgin...
                                  ^

2026-01-08 02:12:19,910 [ERROR] Failed to ingest member W000815: column "full_name" does not exist
LINE 3:                     WHERE full_name = '' AND state = 'Ohio' ...
                                  ^

2026-01-08 02:12:20,753 [ERROR] Failed to ingest member T000483: column "full_name" does not exist
LINE 3:                     WHERE full_name = '' AND state = 'Maryla...
                                  ^

2026-01-08 02:12:21,665 [ERROR] Failed to ingest member S001209: column "full_name" does not exist
LINE 3:                     WHERE full_name = '' AND state = 'Virgin...
                                  ^

2026-01-08 02:12:22,555 [ERROR] Failed to ingest member S001177: column "full_name" does not exist
LINE 3:                     WHERE full_name = '' AND state = 'Northe...
                                  ^

2026-01-08 02:12:23,462 [ERROR] Failed to ingest member S001168: column "full_name" does not exist
LINE 3:                     WHERE full_name = '' AND state = 'Maryla...
                                  ^

2026-01-08 02:12:24,357 [ERROR] Failed to ingest member S001135: column "full_name" does not exist
LINE 3:                     WHERE full_name = '' AND state = 'Califo...
                                  ^

2026-01-08 02:12:25,245 [ERROR] Failed to ingest member R000576: column "full_name" does not exist
LINE 3:                     WHERE full_name = '' AND state = 'Maryla...
                                  ^

2026-01-08 02:12:26,111 [ERROR] Failed to ingest member R000103: column "full_name" does not exist
LINE 3:                     WHERE full_name = '' AND state = 'Montan...
                                  ^

2026-01-08 02:12:27,001 [ERROR] Failed to ingest member P000619: column "full_name" does not exist
LINE 3:                     WHERE full_name = '' AND state = 'Alaska...
                                  ^

2026-01-08 02:12:27,867 [ERROR] Failed to ingest member P000618: column "full_name" does not exist
LINE 3:                     WHERE full_name = '' AND state = 'Califo...
                                  ^

2026-01-08 02:12:28,750 [ERROR] Failed to ingest member P000616: column "full_name" does not exist
LINE 3:                     WHERE full_name = '' AND state = 'Minnes...
                                  ^

2026-01-08 02:12:29,689 [ERROR] Failed to ingest member P000615: column "full_name" does not exist
LINE 3:                     WHERE full_name = '' AND state = 'Indian...
                                  ^

2026-01-08 02:12:30,519 [ERROR] Failed to ingest member P000599: column "full_name" does not exist
LINE 3:                     WHERE full_name = '' AND state = 'Florid...
                                  ^

2026-01-08 02:12:31,371 [ERROR] Failed to ingest member N000194: column "full_name" does not exist
LINE 3:                     WHERE full_name = '' AND state = 'North ...
                                  ^

2026-01-08 02:12:32,243 [ERROR] Failed to ingest member N000179: column "full_name" does not exist
LINE 3:                     WHERE full_name = '' AND state = 'Califo...
                                  ^

2026-01-08 02:12:33,109 [ERROR] Failed to ingest member M001221: column "full_name" does not exist
LINE 3:                     WHERE full_name = '' AND state = 'New Yo...
                                  ^

2026-01-08 02:12:33,954 [ERROR] Failed to ingest member M001195: column "full_name" does not exist
LINE 3:                     WHERE full_name = '' AND state = 'West V...
                                  ^

2026-01-08 02:12:34,769 [ERROR] Failed to ingest member M001159: column "full_name" does not exist
LINE 3:                     WHERE full_name = '' AND state = 'Washin...
                                  ^

2026-01-08 02:12:35,615 [ERROR] Failed to ingest member M001156: column "full_name" does not exist
LINE 3:                     WHERE full_name = '' AND state = 'North ...
                                  ^

2026-01-08 02:12:36,472 [ERROR] Failed to ingest member M001135: column "full_name" does not exist
LINE 3:                     WHERE full_name = '' AND state = 'North ...
                                  ^

2026-01-08 02:12:37,330 [ERROR] Failed to ingest member L000605: column "full_name" does not exist
LINE 3:                     WHERE full_name = '' AND state = 'Texas'...
                                  ^

2026-01-08 02:12:38,180 [ERROR] Failed to ingest member L000604: column "full_name" does not exist
LINE 3:                     WHERE full_name = '' AND state = 'Colora...
                                  ^

2026-01-08 02:12:38,992 [ERROR] Failed to ingest member L000589: column "full_name" does not exist
LINE 3:                     WHERE full_name = '' AND state = 'Arizon...
                                  ^

2026-01-08 02:12:39,824 [ERROR] Failed to ingest member L000569: column "full_name" does not exist
LINE 3:                     WHERE full_name = '' AND state = 'Missou...
                                  ^

2026-01-08 02:12:40,675 [ERROR] Failed to ingest member L000564: column "full_name" does not exist
LINE 3:                     WHERE full_name = '' AND state = 'Colora...
                                  ^

2026-01-08 02:12:41,493 [ERROR] Failed to ingest member L000551: column "full_name" does not exist
LINE 3:                     WHERE full_name = '' AND state = 'Califo...
                                  ^

2026-01-08 02:12:42,346 [ERROR] Failed to ingest member L000266: column "full_name" does not exist
LINE 3:                     WHERE full_name = '' AND state = 'Kansas...
                                  ^

2026-01-08 02:12:43,185 [ERROR] Failed to ingest member K000382: column "full_name" does not exist
LINE 3:                     WHERE full_name = '' AND state = 'New Ha...
                                  ^

2026-01-08 02:12:44,024 [ERROR] Failed to ingest member K000381: column "full_name" does not exist
LINE 3:                     WHERE full_name = '' AND state = 'Washin...
                                  ^

2026-01-08 02:12:44,932 [ERROR] Failed to ingest member K000380: column "full_name" does not exist
LINE 3:                     WHERE full_name = '' AND state = 'Michig...
                                  ^

2026-01-08 02:12:45,852 [ERROR] Failed to ingest member G000577: column "full_name" does not exist
LINE 3:                     WHERE full_name = '' AND state = 'Louisi...
                                  ^

2026-01-08 02:12:46,709 [ERROR] Failed to ingest member G000377: column "full_name" does not exist
LINE 3:                     WHERE full_name = '' AND state = 'Texas'...
                                  ^

2026-01-08 02:12:47,547 [ERROR] Failed to ingest member G000061: column "full_name" does not exist
LINE 3:                     WHERE full_name = '' AND state = 'Califo...
                                  ^

2026-01-08 02:12:48,399 [ERROR] Failed to ingest member F000465: column "full_name" does not exist
LINE 3:                     WHERE full_name = '' AND state = 'Georgi...
                                  ^

2026-01-08 02:12:49,315 [ERROR] Failed to ingest member E000215: column "full_name" does not exist
LINE 3:                     WHERE full_name = '' AND state = 'Califo...
                                  ^

2026-01-08 02:12:50,260 [ERROR] Failed to ingest member D000633: column "full_name" does not exist
LINE 3:                     WHERE full_name = '' AND state = 'Califo...
                                  ^

2026-01-08 02:12:51,077 [ERROR] Failed to ingest member D000632: column "full_name" does not exist
LINE 3:                     WHERE full_name = '' AND state = 'New Yo...
                                  ^

2026-01-08 02:12:51,915 [ERROR] Failed to ingest member D000615: column "full_name" does not exist
LINE 3:                     WHERE full_name = '' AND state = 'South ...
                                  ^

2026-01-08 02:12:52,812 [ERROR] Failed to ingest member C001135: column "full_name" does not exist
LINE 3:                     WHERE full_name = '' AND state = 'Oregon...
                                  ^

2026-01-08 02:12:53,701 [ERROR] Failed to ingest member C001134: column "full_name" does not exist
LINE 3:                     WHERE full_name = '' AND state = 'Colora...
                                  ^

2026-01-08 02:12:54,556 [ERROR] Failed to ingest member C001097: column "full_name" does not exist
LINE 3:                     WHERE full_name = '' AND state = 'Califo...
                                  ^

2026-01-08 02:12:55,373 [ERROR] Failed to ingest member C001090: column "full_name" does not exist
LINE 3:                     WHERE full_name = '' AND state = 'Pennsy...
                                  ^

2026-01-08 02:12:56,178 [ERROR] Failed to ingest member C001054: column "full_name" does not exist
LINE 3:                     WHERE full_name = '' AND state = 'Alabam...
                                  ^

2026-01-08 02:12:57,066 [ERROR] Failed to ingest member B001311: column "full_name" does not exist
LINE 3:                     WHERE full_name = '' AND state = 'North ...
                                  ^

2026-01-08 02:12:57,879 [ERROR] Failed to ingest member B001275: column "full_name" does not exist
LINE 3:                     WHERE full_name = '' AND state = 'Indian...
                                  ^

2026-01-08 02:12:58,751 [ERROR] Failed to ingest member B001248: column "full_name" does not exist
LINE 3:                     WHERE full_name = '' AND state = 'Texas'...
                                  ^

2026-01-08 02:12:59,594 [ERROR] Failed to ingest member B001224: column "full_name" does not exist
LINE 3:                     WHERE full_name = '' AND state = 'Missou...
                                  ^

2026-01-08 02:13:00,431 [ERROR] Failed to ingest member B001223: column "full_name" does not exist
LINE 3:                     WHERE full_name = '' AND state = 'New Yo...
                                  ^

2026-01-08 02:13:01,344 [ERROR] Failed to ingest member B000574: column "full_name" does not exist
LINE 3:                     WHERE full_name = '' AND state = 'Oregon...
                                  ^

2026-01-08 02:13:02,208 [ERROR] Failed to ingest member A000376: column "full_name" does not exist
LINE 3:                     WHERE full_name = '' AND state = 'Texas'...
                                  ^

2026-01-08 02:13:03,083 [ERROR] Failed to ingest member C001070: column "full_name" does not exist
LINE 3:                     WHERE full_name = '' AND state = 'Pennsy...
                                  ^

2026-01-08 02:13:03,951 [ERROR] Failed to ingest member T000464: column "full_name" does not exist
LINE 3:                     WHERE full_name = '' AND state = 'Montan...
                                  ^

2026-01-08 02:13:04,732 [ERROR] Failed to ingest member S001191: column "full_name" does not exist
LINE 3:                     WHERE full_name = '' AND state = 'Arizon...
                                  ^

2026-01-08 02:13:05,619 [ERROR] Failed to ingest member S000770: column "full_name" does not exist
LINE 3:                     WHERE full_name = '' AND state = 'Michig...
                                  ^

2026-01-08 02:13:06,503 [ERROR] Failed to ingest member R000615: column "full_name" does not exist
LINE 3:                     WHERE full_name = '' AND state = 'Utah' ...
                                  ^

2026-01-08 02:13:07,465 [ERROR] Failed to ingest member M001183: column "full_name" does not exist
LINE 3:                     WHERE full_name = '' AND state = 'West V...
                                  ^

2026-01-08 02:13:08,401 [ERROR] Failed to ingest member C000174: column "full_name" does not exist
LINE 3:                     WHERE full_name = '' AND state = 'Delawa...
                                  ^

2026-01-08 02:13:09,406 [ERROR] Failed to ingest member C000141: column "full_name" does not exist
LINE 3:                     WHERE full_name = '' AND state = 'Maryla...
                                  ^

2026-01-08 02:13:10,331 [ERROR] Failed to ingest member B001310: column "full_name" does not exist
LINE 3:                     WHERE full_name = '' AND state = 'Indian...
                                  ^

2026-01-08 02:13:11,286 [ERROR] Failed to ingest member B000944: column "full_name" does not exist
LINE 3:                     WHERE full_name = '' AND state = 'Ohio' ...
                                  ^

2026-01-08 02:13:12,145 [ERROR] Failed to ingest member H001097: column "full_name" does not exist
LINE 3:                     WHERE full_name = '' AND state = 'New Je...
                                  ^

2026-01-08 02:13:13,043 [ERROR] Failed to ingest member B001320: column "full_name" does not exist
LINE 3:                     WHERE full_name = '' AND state = 'Califo...
                                  ^

2026-01-08 02:13:13,920 [ERROR] Failed to ingest member S001222: column "full_name" does not exist
LINE 3:                     WHERE full_name = '' AND state = 'New Yo...
                                  ^

2026-01-08 02:13:14,811 [ERROR] Failed to ingest member J000308: column "full_name" does not exist
LINE 3:                     WHERE full_name = '' AND state = 'North ...
                                  ^

2026-01-08 02:13:15,733 [ERROR] Failed to ingest member G000582: column "full_name" does not exist
LINE 3:                     WHERE full_name = '' AND state = 'Puerto...
                                  ^

2026-01-08 02:13:16,600 [ERROR] Failed to ingest member S001197: column "full_name" does not exist
LINE 3:                     WHERE full_name = '' AND state = 'Nebras...
                                  ^

2026-01-08 02:13:17,484 [ERROR] Failed to ingest member B001297: column "full_name" does not exist
LINE 3:                     WHERE full_name = '' AND state = 'Colora...
                                  ^

2026-01-08 02:13:18,397 [ERROR] Failed to ingest member S001192: column "full_name" does not exist
LINE 3:                     WHERE full_name = '' AND state = 'Utah' ...
                                  ^

2026-01-08 02:13:19,244 [ERROR] Failed to ingest member P000604: column "full_name" does not exist
LINE 3:                     WHERE full_name = '' AND state = 'New Je...
                                  ^

2026-01-08 02:13:20,090 [ERROR] Failed to ingest member F000062: column "full_name" does not exist
LINE 3:                     WHERE full_name = '' AND state = 'Califo...
                                  ^

2026-01-08 02:13:20,953 [ERROR] Failed to ingest member J000032: column "full_name" does not exist
LINE 3:                     WHERE full_name = '' AND state = 'Texas'...
                                  ^

2026-01-08 02:13:21,794 [ERROR] Failed to ingest member B000506: column "full_name" does not exist
LINE 3:                     WHERE full_name = '' AND state = 'Georgi...
                                  ^

2026-01-08 02:13:22,669 [ERROR] Failed to ingest member K000162: column "full_name" does not exist
LINE 3:                     WHERE full_name = '' AND state = 'Kansas...
                                  ^

2026-01-08 02:13:23,592 [ERROR] Failed to ingest member S000749: column "full_name" does not exist
LINE 3:                     WHERE full_name = '' AND state = 'South ...
                                  ^

2026-01-08 02:13:24,441 [ERROR] Failed to ingest member L000169: column "full_name" does not exist
LINE 3:                     WHERE full_name = '' AND state = 'Iowa' ...
                                  ^

2026-01-08 02:13:25,300 [ERROR] Failed to ingest member P000121: column "full_name" does not exist
LINE 3:                     WHERE full_name = '' AND state = 'Califo...
                                  ^

2026-01-08 02:13:26,116 [ERROR] Failed to ingest member I000029: column "full_name" does not exist
LINE 3:                     WHERE full_name = '' AND state = 'Florid...
                                  ^

2026-01-08 02:13:26,962 [ERROR] Failed to ingest member H000666: column "full_name" does not exist
LINE 3:                     WHERE full_name = '' AND state = 'Ohio' ...
                                  ^

2026-01-08 02:13:27,851 [ERROR] Failed to ingest member J000177: column "full_name" does not exist
LINE 3:                     WHERE full_name = '' AND state = 'South ...
                                  ^

2026-01-08 02:13:28,699 [ERROR] Failed to ingest member C001089: column "full_name" does not exist
LINE 3:                     WHERE full_name = '' AND state = 'Michig...
                                  ^

2026-01-08 02:13:29,554 [ERROR] Failed to ingest member E000236: column "full_name" does not exist
LINE 3:                     WHERE full_name = '' AND state = 'Washin...
                                  ^

2026-01-08 02:13:30,414 [ERROR] Failed to ingest member S000068: column "full_name" does not exist
LINE 3:                     WHERE full_name = '' AND state = 'Tennes...
                                  ^

2026-01-08 02:13:31,345 [ERROR] Failed to ingest member C000178: column "full_name" does not exist
LINE 3:                     WHERE full_name = '' AND state = 'Michig...
                                  ^

2026-01-08 02:13:32,213 [ERROR] Failed to ingest member N000163: column "full_name" does not exist
LINE 3:                     WHERE full_name = '' AND state = 'New Yo...
                                  ^

2026-01-08 02:13:33,042 [ERROR] Failed to ingest member S001138: column "full_name" does not exist
LINE 3:                     WHERE full_name = '' AND state = 'Idaho'...
                                  ^

2026-01-08 02:13:33,882 [ERROR] Failed to ingest member R000354: column "full_name" does not exist
LINE 3:                     WHERE full_name = '' AND state = 'Arkans...
                                  ^

2026-01-08 02:13:34,737 [ERROR] Failed to ingest member I000024: column "full_name" does not exist
LINE 3:                     WHERE full_name = '' AND state = 'Oklaho...
                                  ^

2026-01-08 02:13:35,570 [ERROR] Failed to ingest member N000051: column "full_name" does not exist
LINE 3:                     WHERE full_name = '' AND state = 'Washin...
                                  ^

2026-01-08 02:13:36,411 [ERROR] Failed to ingest member H001013: column "full_name" does not exist
LINE 3:                     WHERE full_name = '' AND state = 'West V...
                                  ^

2026-01-08 02:13:37,284 [ERROR] Failed to ingest member C000116: column "full_name" does not exist
LINE 3:                     WHERE full_name = '' AND state = 'Utah' ...
                                  ^

2026-01-08 02:13:38,131 [ERROR] Failed to ingest member M000343: column "full_name" does not exist
LINE 3:                     WHERE full_name = '' AND state = 'Califo...
                                  ^

2026-01-08 02:13:38,987 [ERROR] Failed to ingest member P000556: column "full_name" does not exist
LINE 3:                     WHERE full_name = '' AND state = 'Arkans...
                                  ^

2026-01-08 02:13:39,816 [ERROR] Failed to ingest member M001088: column "full_name" does not exist
LINE 3:                     WHERE full_name = '' AND state = 'Pennsy...
                                  ^

2026-01-08 02:13:40,660 [ERROR] Failed to ingest member G000352: column "full_name" does not exist
LINE 3:                     WHERE full_name = '' AND state = 'Florid...
                                  ^

2026-01-08 02:13:41,514 [ERROR] Failed to ingest member G000528: column "full_name" does not exist
LINE 3:                     WHERE full_name = '' AND state = 'Florid...
                                  ^

2026-01-08 02:13:42,452 [ERROR] Failed to ingest member B000798: column "full_name" does not exist
LINE 3:                     WHERE full_name = '' AND state = 'Maine'...
                                  ^

2026-01-08 02:13:43,293 [ERROR] Failed to ingest member D000210: column "full_name" does not exist
LINE 3:                     WHERE full_name = '' AND state = 'Massac...
                                  ^

2026-01-08 02:13:44,115 [ERROR] Failed to ingest member L000304: column "full_name" does not exist
LINE 3:                     WHERE full_name = '' AND state = 'Connec...
                                  ^

2026-01-08 02:13:44,950 [ERROR] Failed to ingest member E000268: column "full_name" does not exist
LINE 3:                     WHERE full_name = '' AND state = 'Alabam...
                                  ^

2026-01-08 02:13:45,800 [ERROR] Failed to ingest member M001200: column "full_name" does not exist
LINE 3:                     WHERE full_name = '' AND state = 'Virgin...
                                  ^

2026-01-08 02:13:46,676 [ERROR] Failed to ingest member C001043: column "full_name" does not exist
LINE 3:                     WHERE full_name = '' AND state = 'Missou...
                                  ^

2026-01-08 02:13:47,511 [ERROR] Failed to ingest member M001044: column "full_name" does not exist
LINE 3:                     WHERE full_name = '' AND state = 'Ohio' ...
                                  ^

2026-01-08 02:13:48,354 [ERROR] Failed to ingest member R000252: column "full_name" does not exist
LINE 3:                     WHERE full_name = '' AND state = 'Califo...
                                  ^

2026-01-08 02:13:49,177 [ERROR] Failed to ingest member J000126: column "full_name" does not exist
LINE 3:                     WHERE full_name = '' AND state = 'Texas'...
                                  ^

2026-01-08 02:13:50,006 [ERROR] Failed to ingest member K000305: column "full_name" does not exist
LINE 3:                     WHERE full_name = '' AND state = 'Wiscon...
                                  ^

2026-01-08 02:13:50,904 [ERROR] Failed to ingest member H000392: column "full_name" does not exist
LINE 3:                     WHERE full_name = '' AND state = 'Indian...
                                  ^

2026-01-08 02:13:51,748 [ERROR] Failed to ingest member K000262: column "full_name" does not exist
LINE 3:                     WHERE full_name = '' AND state = 'New Je...
                                  ^

2026-01-08 02:13:52,627 [ERROR] Failed to ingest member J000148: column "full_name" does not exist
LINE 3:                     WHERE full_name = '' AND state = 'Colora...
                                  ^

2026-01-08 02:13:53,633 [ERROR] Failed to ingest member B000556: column "full_name" does not exist
LINE 3:                     WHERE full_name = '' AND state = 'Virgin...
                                  ^

2026-01-08 02:13:54,577 [ERROR] Failed to ingest member W000038: column "full_name" does not exist
LINE 3:                     WHERE full_name = '' AND state = 'New Yo...
                                  ^

2026-01-08 02:13:55,488 [ERROR] Failed to ingest member D000566: column "full_name" does not exist
LINE 3:                     WHERE full_name = '' AND state = 'Minnes...
                                  ^

2026-01-08 02:13:56,337 [ERROR] Failed to ingest member C000448: column "full_name" does not exist
LINE 3:                     WHERE full_name = '' AND state = 'Iowa' ...
                                  ^

2026-01-08 02:13:57,208 [ERROR] Failed to ingest member E000198: column "full_name" does not exist
LINE 3:                     WHERE full_name = '' AND state = 'Minnes...
                                  ^

2026-01-08 02:13:58,044 [ERROR] Failed to ingest member W000235: column "full_name" does not exist
LINE 3:                     WHERE full_name = '' AND state = 'Ohio' ...
                                  ^

2026-01-08 02:13:58,917 [ERROR] Failed to ingest member F000437: column "full_name" does not exist
LINE 3:                     WHERE full_name = '' AND state = 'North ...
                                  ^

2026-01-08 02:13:59,814 [ERROR] Failed to ingest member R000229: column "full_name" does not exist
LINE 3:                     WHERE full_name = '' AND state = 'New Me...
                                  ^

2026-01-08 02:14:00,706 [ERROR] Failed to ingest member S001075: column "full_name" does not exist
LINE 3:                     WHERE full_name = '' AND state = 'Tennes...
                                  ^

2026-01-08 02:14:01,559 [ERROR] Failed to ingest member Q000010: column "full_name" does not exist
LINE 3:                     WHERE full_name = '' AND state = 'Minnes...
                                  ^

2026-01-08 02:14:02,398 [ERROR] Failed to ingest member B001026: column "full_name" does not exist
LINE 3:                     WHERE full_name = '' AND state = 'New Yo...
                                  ^

2026-01-08 02:14:03,364 [ERROR] Failed to ingest member W000253: column "full_name" does not exist
LINE 3:                     WHERE full_name = '' AND state = 'Connec...
                                  ^

2026-01-08 02:14:04,258 [ERROR] Failed to ingest member B000620: column "full_name" does not exist
LINE 3:                     WHERE full_name = '' AND state = 'Washin...
                                  ^

2026-01-08 02:14:05,156 [ERROR] Failed to ingest member S000094: column "full_name" does not exist
LINE 3:                     WHERE full_name = '' AND state = 'Ohio' ...
                                  ^

2026-01-08 02:14:05,998 [ERROR] Failed to ingest member B000420: column "full_name" does not exist
LINE 3:                     WHERE full_name = '' AND state = 'Arkans...
                                  ^

2026-01-08 02:14:06,856 [ERROR] Failed to ingest member S000851: column "full_name" does not exist
LINE 3:                     WHERE full_name = '' AND state = 'Texas'...
                                  ^

2026-01-08 02:14:07,732 [ERROR] Failed to ingest member S000394: column "full_name" does not exist
LINE 3:                     WHERE full_name = '' AND state = 'Pennsy...
                                  ^

2026-01-08 02:14:08,580 [ERROR] Failed to ingest member S000062: column "full_name" does not exist
LINE 3:                     WHERE full_name = '' AND state = 'Connec...
                                  ^

2026-01-08 02:14:09,432 [ERROR] Failed to ingest member B000029: column "full_name" does not exist
LINE 3:                     WHERE full_name = '' AND state = 'Florid...
                                  ^

2026-01-08 02:14:10,247 [ERROR] Failed to ingest member J000099: column "full_name" does not exist
LINE 3:                     WHERE full_name = '' AND state = 'South ...
                                  ^

2026-01-08 02:14:11,101 [ERROR] Failed to ingest member S000142: column "full_name" does not exist
LINE 3:                     WHERE full_name = '' AND state = 'Colora...
                                  ^

2026-01-08 02:14:11,975 [ERROR] Failed to ingest member D000416: column "full_name" does not exist
LINE 3:                     WHERE full_name = '' AND state = 'Massac...
                                  ^

2026-01-08 02:14:12,822 [ERROR] Failed to ingest member B000966: column "full_name" does not exist
LINE 3:                     WHERE full_name = '' AND state = 'North ...
                                  ^

2026-01-08 02:14:13,642 [ERROR] Failed to ingest member O000085: column "full_name" does not exist
LINE 3:                     WHERE full_name = '' AND state = 'Massac...
                                  ^

2026-01-08 02:14:14,537 [ERROR] Failed to ingest member A000017: column "full_name" does not exist
LINE 3:                     WHERE full_name = '' AND state = 'South ...
                                  ^

2026-01-08 02:14:15,421 [ERROR] Failed to ingest member N000192: column "full_name" does not exist
LINE 3:                     WHERE full_name = '' AND state = 'Illino...
                                  ^

2026-01-08 02:14:16,314 [ERROR] Failed to ingest member M001186: column "full_name" does not exist
LINE 3:                     WHERE full_name = '' AND state = 'Michig...
                                  ^

2026-01-08 02:14:17,212 [ERROR] Failed to ingest member K000396: column "full_name" does not exist
LINE 3:                     WHERE full_name = '' AND state = 'Hawaii...
                                  ^

2026-01-08 02:14:18,056 [ERROR] Failed to ingest member J000306: column "full_name" does not exist
LINE 3:                     WHERE full_name = '' AND state = 'New Yo...
                                  ^

2026-01-08 02:14:18,897 [ERROR] Failed to ingest member H001084: column "full_name" does not exist
LINE 3:                     WHERE full_name = '' AND state = 'New Me...
                                  ^

2026-01-08 02:14:19,770 [ERROR] Failed to ingest member C001104: column "full_name" does not exist
LINE 3:                     WHERE full_name = '' AND state = 'North ...
                                  ^

2026-01-08 02:14:20,689 [ERROR] Failed to ingest member B001312: column "full_name" does not exist
LINE 3:                     WHERE full_name = '' AND state = 'Georgi...
                                  ^

2026-01-08 02:14:21,568 [ERROR] Failed to ingest member J000020: column "full_name" does not exist
LINE 3:                     WHERE full_name = '' AND state = 'New Yo...
                                  ^

2026-01-08 02:14:22,442 [ERROR] Failed to ingest member K000395: column "full_name" does not exist
LINE 3:                     WHERE full_name = '' AND state = 'Pennsy...
                                  ^

2026-01-08 02:14:23,305 [ERROR] Failed to ingest member L000591: column "full_name" does not exist
LINE 3:                     WHERE full_name = '' AND state = 'Virgin...
                                  ^

2026-01-08 02:14:24,148 [ERROR] Failed to ingest member T000479: column "full_name" does not exist
LINE 3:                     WHERE full_name = '' AND state = 'Texas'...
                                  ^

2026-01-08 02:14:25,047 [ERROR] Failed to ingest member G000588: column "full_name" does not exist
LINE 3:                     WHERE full_name = '' AND state = 'Ohio' ...
                                  ^

2026-01-08 02:14:25,913 [ERROR] Failed to ingest member M001203: column "full_name" does not exist
LINE 3:                     WHERE full_name = '' AND state = 'New Je...
                                  ^

2026-01-08 02:14:26,772 [ERROR] Failed to ingest member A000378: column "full_name" does not exist
LINE 3:                     WHERE full_name = '' AND state = 'Iowa' ...
                                  ^

2026-01-08 02:14:27,618 [ERROR] Failed to ingest member S001204: column "full_name" does not exist
LINE 3:                     WHERE full_name = '' AND state = 'Guam' ...
                                  ^

2026-01-08 02:14:28,455 [ERROR] Failed to ingest member L000588: column "full_name" does not exist
LINE 3:                     WHERE full_name = '' AND state = 'Pennsy...
                                  ^

2026-01-08 02:14:29,331 [ERROR] Failed to ingest member C001109: column "full_name" does not exist
LINE 3:                     WHERE full_name = '' AND state = 'Wyomin...
                                  ^

2026-01-08 02:14:30,184 [ERROR] Failed to ingest member B001304: column "full_name" does not exist
LINE 3:                     WHERE full_name = '' AND state = 'Maryla...
                                  ^

2026-01-08 02:14:31,003 [ERROR] Failed to ingest member H001074: column "full_name" does not exist
LINE 3:                     WHERE full_name = '' AND state = 'Indian...
                                  ^

2026-01-08 02:14:31,854 [ERROR] Failed to ingest member D000627: column "full_name" does not exist
LINE 3:                     WHERE full_name = '' AND state = 'Florid...
                                  ^

2026-01-08 02:14:32,701 [ERROR] Failed to ingest member M001202: column "full_name" does not exist
LINE 3:                     WHERE full_name = '' AND state = 'Florid...
                                  ^

2026-01-08 02:14:33,541 [ERROR] Failed to ingest member L000586: column "full_name" does not exist
LINE 3:                     WHERE full_name = '' AND state = 'Florid...
                                  ^

2026-01-08 02:14:34,395 [ERROR] Failed to ingest member O000171: column "full_name" does not exist
LINE 3:                     WHERE full_name = '' AND state = 'Arizon...
                                  ^

2026-01-08 02:14:35,222 [ERROR] Failed to ingest member K000386: column "full_name" does not exist
LINE 3:                     WHERE full_name = '' AND state = 'New Yo...
                                  ^

2026-01-08 02:14:36,122 [ERROR] Failed to ingest member R000602: column "full_name" does not exist
LINE 3:                     WHERE full_name = '' AND state = 'New Yo...
                                  ^

2026-01-08 02:14:36,963 [ERROR] Failed to ingest member Z000017: column "full_name" does not exist
LINE 3:                     WHERE full_name = '' AND state = 'New Yo...
                                  ^

2026-01-08 02:14:37,791 [ERROR] Failed to ingest member L000581: column "full_name" does not exist
LINE 3:                     WHERE full_name = '' AND state = 'Michig...
                                  ^

2026-01-08 02:14:38,583 [ERROR] Failed to ingest member H001071: column "full_name" does not exist
LINE 3:                     WHERE full_name = '' AND state = 'Georgi...
                                  ^

2026-01-08 02:14:39,431 [ERROR] Failed to ingest member R000597: column "full_name" does not exist
LINE 3:                     WHERE full_name = '' AND state = 'South ...
                                  ^

2026-01-08 02:14:40,344 [ERROR] Failed to ingest member M001185: column "full_name" does not exist
LINE 3:                     WHERE full_name = '' AND state = 'New Yo...
                                  ^

2026-01-08 02:14:41,161 [ERROR] Failed to ingest member W000813: column "full_name" does not exist
LINE 3:                     WHERE full_name = '' AND state = 'Indian...
                                  ^

2026-01-08 02:14:41,988 [ERROR] Failed to ingest member B001286: column "full_name" does not exist
LINE 3:                     WHERE full_name = '' AND state = 'Illino...
                                  ^

2026-01-08 02:14:42,815 [ERROR] Failed to ingest member D000619: column "full_name" does not exist
LINE 3:                     WHERE full_name = '' AND state = 'Illino...
                                  ^

2026-01-08 02:14:43,688 [ERROR] Failed to ingest member L000579: column "full_name" does not exist
LINE 3:                     WHERE full_name = '' AND state = 'Califo...
                                  ^

2026-01-08 02:14:44,513 [ERROR] Failed to ingest member S001175: column "full_name" does not exist
LINE 3:                     WHERE full_name = '' AND state = 'Califo...
                                  ^

2026-01-08 02:14:45,312 [ERROR] Failed to ingest member S001165: column "full_name" does not exist
LINE 3:                     WHERE full_name = '' AND state = 'New Je...
                                  ^

2026-01-08 02:14:46,219 [ERROR] Failed to ingest member R000585: column "full_name" does not exist
LINE 3:                     WHERE full_name = '' AND state = 'New Yo...
                                  ^

2026-01-08 02:14:47,084 [ERROR] Failed to ingest member M001180: column "full_name" does not exist
LINE 3:                     WHERE full_name = '' AND state = 'West V...
                                  ^

2026-01-08 02:14:47,976 [ERROR] Failed to ingest member H001056: column "full_name" does not exist
LINE 3:                     WHERE full_name = '' AND state = 'Washin...
                                  ^

2026-01-08 02:14:48,840 [ERROR] Failed to ingest member G000563: column "full_name" does not exist
LINE 3:                     WHERE full_name = '' AND state = 'Ohio' ...
                                  ^

2026-01-08 02:14:49,694 [ERROR] Failed to ingest member P000601: column "full_name" does not exist
LINE 3:                     WHERE full_name = '' AND state = 'Missis...
                                  ^

2026-01-08 02:14:50,555 [ERROR] Failed to ingest member L000576: column "full_name" does not exist
LINE 3:                     WHERE full_name = '' AND state = 'Missou...
                                  ^

2026-01-08 02:14:51,409 [ERROR] Failed to ingest member H001053: column "full_name" does not exist
LINE 3:                     WHERE full_name = '' AND state = 'Missou...
                                  ^

2026-01-08 02:14:52,340 [ERROR] Failed to ingest member K000378: column "full_name" does not exist
LINE 3:                     WHERE full_name = '' AND state = 'Illino...
                                  ^

2026-01-08 02:14:53,250 [ERROR] Failed to ingest member B001270: column "full_name" does not exist
LINE 3:                     WHERE full_name = '' AND state = 'Califo...
                                  ^

2026-01-08 02:14:54,119 [ERROR] Failed to ingest member B001274: column "full_name" does not exist
LINE 3:                     WHERE full_name = '' AND state = 'Alabam...
                                  ^

2026-01-08 02:14:55,024 [ERROR] Failed to ingest member Y000062: column "full_name" does not exist
LINE 3:                     WHERE full_name = '' AND state = 'Kentuc...
                                  ^

2026-01-08 02:14:56,236 [ERROR] Failed to ingest member P000593: column "full_name" does not exist
LINE 3:                     WHERE full_name = '' AND state = 'Colora...
                                  ^

2026-01-08 02:14:57,112 [ERROR] Failed to ingest member M001166: column "full_name" does not exist
LINE 3:                     WHERE full_name = '' AND state = 'Califo...
                                  ^

2026-01-08 02:14:57,970 [ERROR] Failed to ingest member S001180: column "full_name" does not exist
LINE 3:                     WHERE full_name = '' AND state = 'Oregon...
                                  ^

2026-01-08 02:14:58,791 [ERROR] Failed to ingest member K000368: column "full_name" does not exist
LINE 3:                     WHERE full_name = '' AND state = 'Arizon...
                                  ^

2026-01-08 02:14:59,619 [ERROR] Failed to ingest member R000072: column "full_name" does not exist
LINE 3:                     WHERE full_name = '' AND state = 'South ...
                                  ^

2026-01-08 02:15:00,480 [ERROR] Failed to ingest member P000523: column "full_name" does not exist
LINE 3:                     WHERE full_name = '' AND state = 'North ...
                                  ^

2026-01-08 02:15:01,363 [ERROR] Failed to ingest member P000449: column "full_name" does not exist
LINE 3:                     WHERE full_name = '' AND state = 'Ohio' ...
                                  ^

2026-01-08 02:15:02,199 [ERROR] Failed to ingest member T000461: column "full_name" does not exist
LINE 3:                     WHERE full_name = '' AND state = 'Pennsy...
                                  ^

2026-01-08 02:15:03,019 [ERROR] Failed to ingest member K000188: column "full_name" does not exist
LINE 3:                     WHERE full_name = '' AND state = 'Wiscon...
                                  ^

2026-01-08 02:15:03,847 [ERROR] Failed to ingest member B000755: column "full_name" does not exist
LINE 3:                     WHERE full_name = '' AND state = 'Texas'...
                                  ^

2026-01-08 02:15:04,748 [ERROR] Failed to ingest member B000575: column "full_name" does not exist
LINE 3:                     WHERE full_name = '' AND state = 'Missou...
                                  ^

2026-01-08 02:15:05,706 [ERROR] Failed to ingest member Y000033: column "full_name" does not exist
LINE 3:                     WHERE full_name = '' AND state = 'Alaska...
                                  ^

2026-01-08 02:15:06,644 [ERROR] Failed to ingest member U000031: column "full_name" does not exist
LINE 3:                     WHERE full_name = '' AND state = 'Michig...
                                  ^

2026-01-08 02:15:07,476 [ERROR] Failed to ingest member S000393: column "full_name" does not exist
LINE 3:                     WHERE full_name = '' AND state = 'Califo...
                                  ^

2026-01-08 02:15:08,308 [ERROR] Failed to ingest member S000320: column "full_name" does not exist
LINE 3:                     WHERE full_name = '' AND state = 'Alabam...
                                  ^

2026-01-08 02:15:09,173 [ERROR] Failed to ingest member R000515: column "full_name" does not exist
LINE 3:                     WHERE full_name = '' AND state = 'Illino...
                                  ^

2026-01-08 02:15:10,051 [ERROR] Failed to ingest member R000486: column "full_name" does not exist
LINE 3:                     WHERE full_name = '' AND state = 'Califo...
                                  ^

2026-01-08 02:15:10,922 [ERROR] Failed to ingest member M000087: column "full_name" does not exist
LINE 3:                     WHERE full_name = '' AND state = 'New Yo...
                                  ^

2026-01-08 02:15:11,833 [ERROR] Failed to ingest member L000174: column "full_name" does not exist
LINE 3:                     WHERE full_name = '' AND state = 'Vermon...
                                  ^

2026-01-08 02:15:12,749 [ERROR] Failed to ingest member C000802: column "full_name" does not exist
LINE 3:                     WHERE full_name = '' AND state = 'New Ha...
                                  ^

2026-01-08 02:15:13,598 [ERROR] Failed to ingest member C000721: column "full_name" does not exist
LINE 3:                     WHERE full_name = '' AND state = 'Kentuc...
                                  ^

2026-01-08 02:15:14,466 [ERROR] Failed to ingest member G000552: column "full_name" does not exist
LINE 3:                     WHERE full_name = '' AND state = 'Texas'...
                                  ^

2026-01-08 02:15:15,406 [ERROR] Failed to ingest member B001251: column "full_name" does not exist
LINE 3:                     WHERE full_name = '' AND state = 'North ...
                                  ^

2026-01-08 02:15:16,303 [ERROR] Failed to ingest member R000577: column "full_name" does not exist
LINE 3:                     WHERE full_name = '' AND state = 'Ohio' ...
                                  ^

2026-01-08 02:15:17,129 [ERROR] Failed to ingest member L000559: column "full_name" does not exist
LINE 3:                     WHERE full_name = '' AND state = 'Rhode ...
                                  ^

2026-01-08 02:15:17,983 [ERROR] Failed to ingest member C000754: column "full_name" does not exist
LINE 3:                     WHERE full_name = '' AND state = 'Tennes...
                                  ^

2026-01-08 02:15:18,835 [ERROR] Failed to ingest member C000266: column "full_name" does not exist
LINE 3:                     WHERE full_name = '' AND state = 'Ohio' ...
                                  ^

2026-01-08 02:15:19,733 [ERROR] Failed to ingest member B001135: column "full_name" does not exist
LINE 3:                     WHERE full_name = '' AND state = 'North ...
                                  ^

2026-01-08 02:15:20,630 [ERROR] Failed to ingest member D000482: column "full_name" does not exist
LINE 3:                     WHERE full_name = '' AND state = 'Pennsy...
                                  ^

2026-01-08 02:15:21,480 [ERROR] Failed to ingest member D000191: column "full_name" does not exist
LINE 3:                     WHERE full_name = '' AND state = 'Oregon...
                                  ^

2026-01-08 02:15:22,325 [ERROR] Failed to ingest member L000265: column "full_name" does not exist
LINE 3:                     WHERE full_name = '' AND state = 'Georgi...
                                  ^

2026-01-08 02:15:23,160 [ERROR] Failed to ingest member K000306: column "full_name" does not exist
LINE 3:                     WHERE full_name = '' AND state = 'Arizon...
                                  ^

2026-01-08 02:15:24,103 [ERROR] Failed to ingest member H000878: column "full_name" does not exist
LINE 3:                     WHERE full_name = '' AND state = 'Kentuc...
                                  ^

2026-01-08 02:15:24,965 [ERROR] Failed to ingest member H000624: column "full_name" does not exist
LINE 3:                     WHERE full_name = '' AND state = 'Indian...
                                  ^

2026-01-08 02:15:25,934 [ERROR] Failed to ingest member L000592: column "full_name" does not exist
LINE 3:                     WHERE full_name = '' AND state = 'Michig...
                                  ^

2026-01-08 02:15:26,814 [ERROR] Failed to ingest member S001219: column "full_name" does not exist
LINE 3:                     WHERE full_name = '' AND state = 'New Yo...
                                  ^

2026-01-08 02:15:27,645 [ERROR] Failed to ingest member F000473: column "full_name" does not exist
LINE 3:                     WHERE full_name = '' AND state = 'Texas'...
                                  ^

2026-01-08 02:15:28,566 [ERROR] Failed to ingest member C001128: column "full_name" does not exist
LINE 3:                     WHERE full_name = '' AND state = 'Califo...
                                  ^

2026-01-08 02:15:29,489 [ERROR] Failed to ingest member L000594: column "full_name" does not exist
LINE 3:                     WHERE full_name = '' AND state = 'Georgi...
                                  ^

2026-01-08 02:15:30,405 [ERROR] Failed to ingest member W000827: column "full_name" does not exist
LINE 3:                     WHERE full_name = '' AND state = 'Texas'...
                                  ^

2026-01-08 02:15:31,285 [ERROR] Failed to ingest member D000630: column "full_name" does not exist
LINE 3:                     WHERE full_name = '' AND state = 'New Yo...
                                  ^

2026-01-08 02:15:32,106 [ERROR] Failed to ingest member H001080: column "full_name" does not exist
LINE 3:                     WHERE full_name = '' AND state = 'New Me...
                                  ^

2026-01-08 02:15:33,000 [ERROR] Failed to ingest member H001088: column "full_name" does not exist
LINE 3:                     WHERE full_name = '' AND state = 'Minnes...
                                  ^

2026-01-08 02:15:33,902 [ERROR] Failed to ingest member C001111: column "full_name" does not exist
LINE 3:                     WHERE full_name = '' AND state = 'Florid...
                                  ^

2026-01-08 02:15:34,754 [ERROR] Failed to ingest member H001075: column "full_name" does not exist
LINE 3:                     WHERE full_name = '' AND state = 'Califo...
                                  ^

2026-01-08 02:15:35,621 [ERROR] Failed to ingest member V000132: column "full_name" does not exist
LINE 3:                     WHERE full_name = '' AND state = 'Texas'...
                                  ^

2026-01-08 02:15:36,468 [ERROR] Failed to ingest member D000610: column "full_name" does not exist
LINE 3:                     WHERE full_name = '' AND state = 'Florid...
                                  ^

2026-01-08 02:15:37,310 [ERROR] Failed to ingest member S001187: column "full_name" does not exist
LINE 3:                     WHERE full_name = '' AND state = 'Ohio' ...
                                  ^

2026-01-08 02:15:38,201 [ERROR] Failed to ingest member R000588: column "full_name" does not exist
LINE 3:                     WHERE full_name = '' AND state = 'Louisi...
                                  ^

2026-01-08 02:15:39,081 [ERROR] Failed to ingest member F000455: column "full_name" does not exist
LINE 3:                     WHERE full_name = '' AND state = 'Ohio' ...
                                  ^

2026-01-08 02:15:39,900 [ERROR] Failed to ingest member F000449: column "full_name" does not exist
LINE 3:                     WHERE full_name = '' AND state = 'Nebras...
                                  ^

2026-01-08 02:15:40,750 [ERROR] Failed to ingest member N000181: column "full_name" does not exist
LINE 3:                     WHERE full_name = '' AND state = 'Califo...
                                  ^

2026-01-08 02:15:41,607 [ERROR] Failed to ingest member H000324: column "full_name" does not exist
LINE 3:                     WHERE full_name = '' AND state = 'Florid...
                                  ^

2026-01-08 02:15:42,509 [ERROR] Failed to ingest member H001092: column "full_name" does not exist
LINE 3:                     WHERE full_name = '' AND state = 'Georgi...
                                  ^

2026-01-08 02:15:43,406 [ERROR] Failed to ingest member G000290: column "full_name" does not exist
LINE 3:                     WHERE full_name = '' AND state = 'Pennsy...
                                  ^

2026-01-08 02:15:44,301 [ERROR] Failed to ingest member R000611: column "full_name" does not exist
LINE 3:                     WHERE full_name = '' AND state = 'Virgin...
                                  ^

2026-01-08 02:15:45,142 [ERROR] Failed to ingest member M001209: column "full_name" does not exist
LINE 3:                     WHERE full_name = '' AND state = 'Utah' ...
                                  ^

2026-01-08 02:15:46,027 [ERROR] Failed to ingest member C001122: column "full_name" does not exist
LINE 3:                     WHERE full_name = '' AND state = 'South ...
                                  ^

2026-01-08 02:15:46,917 [ERROR] Failed to ingest member H001083: column "full_name" does not exist
LINE 3:                     WHERE full_name = '' AND state = 'Oklaho...
                                  ^

2026-01-08 02:15:47,731 [ERROR] Failed to ingest member B001308: column "full_name" does not exist
LINE 3:                     WHERE full_name = '' AND state = 'New Yo...
                                  ^

2026-01-08 02:15:48,594 [ERROR] Failed to ingest member R000613: column "full_name" does not exist
LINE 3:                     WHERE full_name = '' AND state = 'New Yo...
                                  ^

2026-01-08 02:15:49,506 [ERROR] Failed to ingest member T000484: column "full_name" does not exist
LINE 3:                     WHERE full_name = '' AND state = 'New Me...
                                  ^

2026-01-08 02:15:50,435 [ERROR] Failed to ingest member W000824: column "full_name" does not exist
LINE 3:                     WHERE full_name = '' AND state = 'Kansas...
                                  ^

2026-01-08 02:15:51,318 [ERROR] Failed to ingest member F000467: column "full_name" does not exist
LINE 3:                     WHERE full_name = '' AND state = 'Iowa' ...
                                  ^

2026-01-08 02:15:52,163 [ERROR] Failed to ingest member S001206: column "full_name" does not exist
LINE 3:                     WHERE full_name = '' AND state = 'Florid...
                                  ^

2026-01-08 02:15:53,103 [ERROR] Failed to ingest member M001207: column "full_name" does not exist
LINE 3:                     WHERE full_name = '' AND state = 'Florid...
                                  ^

2026-01-08 02:15:54,011 [ERROR] Failed to ingest member S001210: column "full_name" does not exist
LINE 3:                     WHERE full_name = '' AND state = 'Florid...
                                  ^

2026-01-08 02:15:54,859 [ERROR] Failed to ingest member R000616: column "full_name" does not exist
LINE 3:                     WHERE full_name = '' AND state = 'Califo...
                                  ^

2026-01-08 02:15:55,730 [ERROR] Failed to ingest member H001087: column "full_name" does not exist
LINE 3:                     WHERE full_name = '' AND state = 'Califo...
                                  ^

2026-01-08 02:15:56,590 [ERROR] Failed to ingest member C001124: column "full_name" does not exist
LINE 3:                     WHERE full_name = '' AND state = 'Califo...
                                  ^

2026-01-08 02:15:57,443 [ERROR] Failed to ingest member J000303: column "full_name" does not exist
LINE 3:                     WHERE full_name = '' AND state = 'Michig...
                                  ^

2026-01-08 02:15:58,392 [ERROR] Failed to ingest member J000300: column "full_name" does not exist
LINE 3:                     WHERE full_name = '' AND state = 'Alabam...
                                  ^

2026-01-08 02:15:59,327 [ERROR] Failed to ingest member H001078: column "full_name" does not exist
LINE 3:                     WHERE full_name = '' AND state = 'Georgi...
                                  ^

2026-01-08 02:16:00,229 [ERROR] Failed to ingest member G000584: column "full_name" does not exist
LINE 3:                     WHERE full_name = '' AND state = 'Montan...
                                  ^

2026-01-08 02:16:01,084 [ERROR] Failed to ingest member S001202: column "full_name" does not exist
LINE 3:                     WHERE full_name = '' AND state = 'Alabam...
                                  ^

2026-01-08 02:16:01,969 [ERROR] Failed to ingest member G000580: column "full_name" does not exist
LINE 3:                     WHERE full_name = '' AND state = 'Virgin...
                                  ^

2026-01-08 02:16:02,838 [ERROR] Failed to ingest member T000477: column "full_name" does not exist
LINE 3:                     WHERE full_name = '' AND state = 'Virgin...
                                  ^

2026-01-08 02:16:03,782 [ERROR] Failed to ingest member F000464: column "full_name" does not exist
LINE 3:                     WHERE full_name = '' AND state = 'New Yo...
                                  ^

2026-01-08 02:16:04,627 [ERROR] Failed to ingest member K000390: column "full_name" does not exist
LINE 3:                     WHERE full_name = '' AND state = 'Nevada...
                                  ^

2026-01-08 02:16:05,468 [ERROR] Failed to ingest member L000587: column "full_name" does not exist
LINE 3:                     WHERE full_name = '' AND state = 'Minnes...
                                  ^

2026-01-08 02:16:06,404 [ERROR] Failed to ingest member M001201: column "full_name" does not exist
LINE 3:                     WHERE full_name = '' AND state = 'Michig...
                                  ^

2026-01-08 02:16:07,296 [ERROR] Failed to ingest member R000607: column "full_name" does not exist
LINE 3:                     WHERE full_name = '' AND state = 'Florid...
                                  ^

2026-01-08 02:16:08,206 [ERROR] Failed to ingest member D000625: column "full_name" does not exist
LINE 3:                     WHERE full_name = '' AND state = 'New Yo...
                                  ^

2026-01-08 02:16:09,105 [ERROR] Failed to ingest member P000612: column "full_name" does not exist
LINE 3:                     WHERE full_name = '' AND state = 'Georgi...
                                  ^

2026-01-08 02:16:09,968 [ERROR] Failed to ingest member J000297: column "full_name" does not exist
LINE 3:                     WHERE full_name = '' AND state = 'West V...
                                  ^

2026-01-08 02:16:10,878 [ERROR] Failed to ingest member C001105: column "full_name" does not exist
LINE 3:                     WHERE full_name = '' AND state = 'Virgin...
                                  ^

2026-01-08 02:16:11,752 [ERROR] Failed to ingest member H001073: column "full_name" does not exist
LINE 3:                     WHERE full_name = '' AND state = 'Texas'...
                                  ^

2026-01-08 02:16:12,674 [ERROR] Failed to ingest member R000601: column "full_name" does not exist
LINE 3:                     WHERE full_name = '' AND state = 'Texas'...
                                  ^

2026-01-08 02:16:13,517 [ERROR] Failed to ingest member C001106: column "full_name" does not exist
LINE 3:                     WHERE full_name = '' AND state = 'Pennsy...
                                  ^

2026-01-08 02:16:14,401 [ERROR] Failed to ingest member R000604: column "full_name" does not exist
LINE 3:                     WHERE full_name = '' AND state = 'Oklaho...
                                  ^

2026-01-08 02:16:15,343 [ERROR] Failed to ingest member H001070: column "full_name" does not exist
LINE 3:                     WHERE full_name = '' AND state = 'Nevada...
                                  ^

2026-01-08 02:16:16,252 [ERROR] Failed to ingest member M001193: column "full_name" does not exist
LINE 3:                     WHERE full_name = '' AND state = 'New Je...
                                  ^

2026-01-08 02:16:17,177 [ERROR] Failed to ingest member A000373: column "full_name" does not exist
LINE 3:                     WHERE full_name = '' AND state = 'Nebras...
                                  ^

2026-01-08 02:16:18,162 [ERROR] Failed to ingest member W000819: column "full_name" does not exist
LINE 3:                     WHERE full_name = '' AND state = 'North ...
                                  ^

2026-01-08 02:16:18,964 [ERROR] Failed to ingest member T000475: column "full_name" does not exist
LINE 3:                     WHERE full_name = '' AND state = 'Michig...
                                  ^

2026-01-08 02:16:19,886 [ERROR] Failed to ingest member B001293: column "full_name" does not exist
LINE 3:                     WHERE full_name = '' AND state = 'Michig...
                                  ^

2026-01-08 02:16:20,776 [ERROR] Failed to ingest member P000611: column "full_name" does not exist
LINE 3:                     WHERE full_name = '' AND state = 'Maine'...
                                  ^

2026-01-08 02:16:21,594 [ERROR] Failed to ingest member A000374: column "full_name" does not exist
LINE 3:                     WHERE full_name = '' AND state = 'Louisi...
                                  ^

2026-01-08 02:16:22,485 [ERROR] Failed to ingest member Y000066: column "full_name" does not exist
LINE 3:                     WHERE full_name = '' AND state = 'Iowa' ...
                                  ^

2026-01-08 02:16:23,444 [ERROR] Failed to ingest member B001294: column "full_name" does not exist
LINE 3:                     WHERE full_name = '' AND state = 'Iowa' ...
                                  ^

2026-01-08 02:16:24,321 [ERROR] Failed to ingest member T000473: column "full_name" does not exist
LINE 3:                     WHERE full_name = '' AND state = 'Hawaii...
                                  ^

2026-01-08 02:16:25,186 [ERROR] Failed to ingest member C001107: column "full_name" does not exist
LINE 3:                     WHERE full_name = '' AND state = 'Florid...
                                  ^

2026-01-08 02:16:26,077 [ERROR] Failed to ingest member G000575: column "full_name" does not exist
LINE 3:                     WHERE full_name = '' AND state = 'Florid...
                                  ^

2026-01-08 02:16:27,051 [ERROR] Failed to ingest member W000820: column "full_name" does not exist
LINE 3:                     WHERE full_name = '' AND state = 'Califo...
                                  ^

2026-01-08 02:16:27,944 [ERROR] Failed to ingest member K000387: column "full_name" does not exist
LINE 3:                     WHERE full_name = '' AND state = 'Califo...
                                  ^

2026-01-08 02:16:28,847 [ERROR] Failed to ingest member M001197: column "full_name" does not exist
LINE 3:                     WHERE full_name = '' AND state = 'Arizon...
                                  ^

2026-01-08 02:16:29,685 [ERROR] Failed to ingest member B001290: column "full_name" does not exist
LINE 3:                     WHERE full_name = '' AND state = 'Virgin...
                                  ^

2026-01-08 02:16:30,578 [ERROR] Failed to ingest member C001102: column "full_name" does not exist
LINE 3:                     WHERE full_name = '' AND state = 'Florid...
                                  ^

2026-01-08 02:16:31,511 [ERROR] Failed to ingest member J000296: column "full_name" does not exist
LINE 3:                     WHERE full_name = '' AND state = 'Florid...
                                  ^

2026-01-08 02:16:32,459 [ERROR] Failed to ingest member W000818: column "full_name" does not exist
LINE 3:                     WHERE full_name = '' AND state = 'Montan...
                                  ^

2026-01-08 02:16:33,364 [ERROR] Failed to ingest member B001289: column "full_name" does not exist
LINE 3:                     WHERE full_name = '' AND state = 'Alabam...
                                  ^

2026-01-08 02:16:34,227 [ERROR] Failed to ingest member M001192: column "full_name" does not exist
LINE 3:                     WHERE full_name = '' AND state = 'Louisi...
                                  ^

2026-01-08 02:16:35,149 [ERROR] Failed to ingest member C001100: column "full_name" does not exist
LINE 3:                     WHERE full_name = '' AND state = 'New Je...
                                  ^

2026-01-08 02:16:36,016 [ERROR] Failed to ingest member K000379: column "full_name" does not exist
LINE 3:                     WHERE full_name = '' AND state = 'Massac...
                                  ^

2026-01-08 02:16:36,882 [ERROR] Failed to ingest member H001064: column "full_name" does not exist
LINE 3:                     WHERE full_name = '' AND state = 'Washin...
                                  ^

2026-01-08 02:16:37,764 [ERROR] Failed to ingest member G000572: column "full_name" does not exist
LINE 3:                     WHERE full_name = '' AND state = 'Texas'...
                                  ^

2026-01-08 02:16:38,663 [ERROR] Failed to ingest member O000170: column "full_name" does not exist
LINE 3:                     WHERE full_name = '' AND state = 'Texas'...
                                  ^

2026-01-08 02:16:39,464 [ERROR] Failed to ingest member R000598: column "full_name" does not exist
LINE 3:                     WHERE full_name = '' AND state = 'Pennsy...
                                  ^

2026-01-08 02:16:40,325 [ERROR] Failed to ingest member B001283: column "full_name" does not exist
LINE 3:                     WHERE full_name = '' AND state = 'Oklaho...
                                  ^

2026-01-08 02:16:41,248 [ERROR] Failed to ingest member C001092: column "full_name" does not exist
LINE 3:                     WHERE full_name = '' AND state = 'New Yo...
                                  ^

2026-01-08 02:16:42,231 [ERROR] Failed to ingest member L000580: column "full_name" does not exist
LINE 3:                     WHERE full_name = '' AND state = 'New Me...
                                  ^

2026-01-08 02:16:43,187 [ERROR] Failed to ingest member H001065: column "full_name" does not exist
LINE 3:                     WHERE full_name = '' AND state = 'North ...
                                  ^

2026-01-08 02:16:44,117 [ERROR] Failed to ingest member M001187: column "full_name" does not exist
LINE 3:                     WHERE full_name = '' AND state = 'North ...
                                  ^

2026-01-08 02:16:45,056 [ERROR] Failed to ingest member P000606: column "full_name" does not exist
LINE 3:                     WHERE full_name = '' AND state = 'North ...
                                  ^

2026-01-08 02:16:45,989 [ERROR] Failed to ingest member C001099: column "full_name" does not exist
LINE 3:                     WHERE full_name = '' AND state = 'Massac...
                                  ^

2026-01-08 02:16:46,889 [ERROR] Failed to ingest member H001069: column "full_name" does not exist
LINE 3:                     WHERE full_name = '' AND state = 'North ...
                                  ^

2026-01-08 02:16:47,751 [ERROR] Failed to ingest member B001280: column "full_name" does not exist
LINE 3:                     WHERE full_name = '' AND state = 'Michig...
                                  ^

2026-01-08 02:16:48,728 [ERROR] Failed to ingest member D000620: column "full_name" does not exist
LINE 3:                     WHERE full_name = '' AND state = 'Maryla...
                                  ^

2026-01-08 02:16:49,608 [ERROR] Failed to ingest member M001189: column "full_name" does not exist
LINE 3:                     WHERE full_name = '' AND state = 'Indian...
                                  ^

2026-01-08 02:16:50,523 [ERROR] Failed to ingest member B001284: column "full_name" does not exist
LINE 3:                     WHERE full_name = '' AND state = 'Indian...
                                  ^

2026-01-08 02:16:51,414 [ERROR] Failed to ingest member E000292: column "full_name" does not exist
LINE 3:                     WHERE full_name = '' AND state = 'Illino...
                                  ^

2026-01-08 02:16:52,385 [ERROR] Failed to ingest member G000571: column "full_name" does not exist
LINE 3:                     WHERE full_name = '' AND state = 'Hawaii...
                                  ^

2026-01-08 02:16:53,525 [ERROR] Failed to ingest member C001093: column "full_name" does not exist
LINE 3:                     WHERE full_name = '' AND state = 'Georgi...
                                  ^

2026-01-08 02:16:54,484 [ERROR] Failed to ingest member G000573: column "full_name" does not exist
LINE 3:                     WHERE full_name = '' AND state = 'Florid...
                                  ^

2026-01-08 02:16:55,447 [ERROR] Failed to ingest member R000596: column "full_name" does not exist
LINE 3:                     WHERE full_name = '' AND state = 'Florid...
                                  ^

2026-01-08 02:16:56,331 [ERROR] Failed to ingest member M001191: column "full_name" does not exist
LINE 3:                     WHERE full_name = '' AND state = 'Florid...
                                  ^

2026-01-08 02:16:57,303 [ERROR] Failed to ingest member D000621: column "full_name" does not exist
LINE 3:                     WHERE full_name = '' AND state = 'Florid...
                                  ^

2026-01-08 02:16:58,214 [ERROR] Failed to ingest member Y000065: column "full_name" does not exist
LINE 3:                     WHERE full_name = '' AND state = 'Florid...
                                  ^

2026-01-08 02:16:59,123 [ERROR] Failed to ingest member E000293: column "full_name" does not exist
LINE 3:                     WHERE full_name = '' AND state = 'Connec...
                                  ^

2026-01-08 02:17:00,029 [ERROR] Failed to ingest member N000187: column "full_name" does not exist
LINE 3:                     WHERE full_name = '' AND state = 'Califo...
                                  ^

2026-01-08 02:17:00,963 [ERROR] Failed to ingest member C001094: column "full_name" does not exist
LINE 3:                     WHERE full_name = '' AND state = 'Califo...
                                  ^

2026-01-08 02:17:01,812 [ERROR] Failed to ingest member B001279: column "full_name" does not exist
LINE 3:                     WHERE full_name = '' AND state = 'Arizon...
                                  ^

2026-01-08 02:17:02,690 [ERROR] Failed to ingest member H000213: column "full_name" does not exist
LINE 3:                     WHERE full_name = '' AND state = 'Califo...
                                  ^

2026-01-08 02:17:03,643 [ERROR] Failed to ingest member K000360: column "full_name" does not exist
LINE 3:                     WHERE full_name = '' AND state = 'Illino...
                                  ^

2026-01-08 02:17:05,118 [ERROR] Failed to ingest member R000571: column "full_name" does not exist
LINE 3:                     WHERE full_name = '' AND state = 'Montan...
                                  ^

2026-01-08 02:17:06,026 [ERROR] Failed to ingest member O000167: column "full_name" does not exist
LINE 3:                     WHERE full_name = '' AND state = 'Illino...
                                  ^

2026-01-08 02:17:06,948 [ERROR] Failed to ingest member C001073: column "full_name" does not exist
LINE 3:                     WHERE full_name = '' AND state = 'Louisi...
                                  ^

2026-01-08 02:17:07,807 [ERROR] Failed to ingest member C001071: column "full_name" does not exist
LINE 3:                     WHERE full_name = '' AND state = 'Tennes...
                                  ^

2026-01-08 02:17:08,767 [ERROR] Failed to ingest member J000287: column "full_name" does not exist
LINE 3:                     WHERE full_name = '' AND state = 'Louisi...
                                  ^

2026-01-08 02:17:09,798 [ERROR] Failed to ingest member W000803: column "full_name" does not exist
LINE 3:                     WHERE full_name = '' AND state = 'Virgin...
                                  ^

2026-01-08 02:17:10,795 [ERROR] Failed to ingest member M001170: column "full_name" does not exist
LINE 3:                     WHERE full_name = '' AND state = 'Missou...
                                  ^

2026-01-08 02:17:11,680 [ERROR] Failed to ingest member S001166: column "full_name" does not exist
LINE 3:                     WHERE full_name = '' AND state = 'Texas'...
                                  ^

2026-01-08 02:17:12,714 [ERROR] Failed to ingest member W000792: column "full_name" does not exist
LINE 3:                     WHERE full_name = '' AND state = 'New Yo...
                                  ^

2026-01-08 02:17:13,610 [ERROR] Failed to ingest member L000568: column "full_name" does not exist
LINE 3:                     WHERE full_name = '' AND state = 'New Yo...
                                  ^

2026-01-08 02:17:14,541 [ERROR] Failed to ingest member T000254: column "full_name" does not exist
LINE 3:                     WHERE full_name = '' AND state = 'South ...
                                  ^

2026-01-08 02:17:15,402 [ERROR] Failed to ingest member A000368: column "full_name" does not exist
LINE 3:                     WHERE full_name = '' AND state = 'New Ha...
                                  ^

2026-01-08 02:17:16,311 [ERROR] Failed to ingest member O000169: column "full_name" does not exist
LINE 3:                     WHERE full_name = '' AND state = 'New Yo...
                                  ^

2026-01-08 02:17:17,167 [ERROR] Failed to ingest member T000471: column "full_name" does not exist
LINE 3:                     WHERE full_name = '' AND state = 'New Yo...
                                  ^

2026-01-08 02:17:18,010 [ERROR] Failed to ingest member H001063: column "full_name" does not exist
LINE 3:                     WHERE full_name = '' AND state = 'Califo...
                                  ^

2026-01-08 02:17:18,972 [ERROR] Failed to ingest member G000561: column "full_name" does not exist
LINE 3:                     WHERE full_name = '' AND state = 'West V...
                                  ^

2026-01-08 02:17:19,860 [ERROR] Failed to ingest member G000560: column "full_name" does not exist
LINE 3:                     WHERE full_name = '' AND state = 'Georgi...
                                  ^

2026-01-08 02:17:20,782 [ERROR] Failed to ingest member D000611: column "full_name" does not exist
LINE 3:                     WHERE full_name = '' AND state = 'Hawaii...
                                  ^

2026-01-08 02:17:21,687 [ERROR] Failed to ingest member C001081: column "full_name" does not exist
LINE 3:                     WHERE full_name = '' AND state = 'Pennsy...
                                  ^

2026-01-08 02:17:22,544 [ERROR] Failed to ingest member M001120: column "full_name" does not exist
LINE 3:                     WHERE full_name = '' AND state = 'Pennsy...
                                  ^

2026-01-08 02:17:23,481 [ERROR] Failed to ingest member B001268: column "full_name" does not exist
LINE 3:                     WHERE full_name = '' AND state = 'Massac...
                                  ^

2026-01-08 02:17:24,438 [ERROR] Failed to ingest member W000314: column "full_name" does not exist
LINE 3:                     WHERE full_name = '' AND state = 'Florid...
                                  ^

2026-01-08 02:17:25,461 [ERROR] Failed to ingest member L000572: column "full_name" does not exist
LINE 3:                     WHERE full_name = '' AND state = 'Florid...
                                  ^

2026-01-08 02:17:26,390 [ERROR] Failed to ingest member H001062: column "full_name" does not exist
LINE 3:                     WHERE full_name = '' AND state = 'New Yo...
                                  ^

2026-01-08 02:17:27,238 [ERROR] Failed to ingest member M001162: column "full_name" does not exist
LINE 3:                     WHERE full_name = '' AND state = 'Florid...
                                  ^

2026-01-08 02:17:28,195 [ERROR] Failed to ingest member F000457: column "full_name" does not exist
LINE 3:                     WHERE full_name = '' AND state = 'Minnes...
                                  ^

2026-01-08 02:17:29,083 [ERROR] Failed to ingest member T000057: column "full_name" does not exist
LINE 3:                     WHERE full_name = '' AND state = 'Califo...
                                  ^

2026-01-08 02:17:30,048 [ERROR] Failed to ingest member M000472: column "full_name" does not exist
LINE 3:                     WHERE full_name = '' AND state = 'New Yo...
                                  ^

2026-01-08 02:17:31,049 [ERROR] Failed to ingest member W000793: column "full_name" does not exist
LINE 3:                     WHERE full_name = '' AND state = 'Oregon...
                                  ^

2026-01-08 02:17:31,897 [ERROR] Failed to ingest member C000191: column "full_name" does not exist
LINE 3:                     WHERE full_name = '' AND state = 'Indian...
                                  ^

2026-01-08 02:17:32,813 [ERROR] Failed to ingest member R000587: column "full_name" does not exist
LINE 3:                     WHERE full_name = '' AND state = 'Wiscon...
                                  ^

2026-01-08 02:17:33,776 [ERROR] Failed to ingest member D000614: column "full_name" does not exist
LINE 3:                     WHERE full_name = '' AND state = 'Wiscon...
                                  ^

2026-01-08 02:17:34,653 [ERROR] Failed to ingest member H001060: column "full_name" does not exist
LINE 3:                     WHERE full_name = '' AND state = 'Virgin...
                                  ^

2026-01-08 02:17:35,606 [ERROR] Failed to ingest member R000589: column "full_name" does not exist
LINE 3:                     WHERE full_name = '' AND state = 'Virgin...
                                  ^

2026-01-08 02:17:36,504 [ERROR] Failed to ingest member C001082: column "full_name" does not exist
LINE 3:                     WHERE full_name = '' AND state = 'Texas'...
                                  ^

2026-01-08 02:17:37,363 [ERROR] Failed to ingest member F000461: column "full_name" does not exist
LINE 3:                     WHERE full_name = '' AND state = 'Texas'...
                                  ^

2026-01-08 02:17:38,273 [ERROR] Failed to ingest member F000458: column "full_name" does not exist
LINE 3:                     WHERE full_name = '' AND state = 'Tennes...
                                  ^

2026-01-08 02:17:39,201 [ERROR] Failed to ingest member B001273: column "full_name" does not exist
LINE 3:                     WHERE full_name = '' AND state = 'Tennes...
                                  ^

2026-01-08 02:17:40,202 [ERROR] Failed to ingest member N000184: column "full_name" does not exist
LINE 3:                     WHERE full_name = '' AND state = 'South ...
                                  ^

2026-01-08 02:17:41,130 [ERROR] Failed to ingest member M001182: column "full_name" does not exist
LINE 3:                     WHERE full_name = '' AND state = 'South ...
                                  ^

2026-01-08 02:17:42,059 [ERROR] Failed to ingest member G000566: column "full_name" does not exist
LINE 3:                     WHERE full_name = '' AND state = 'South ...
                                  ^

2026-01-08 02:17:42,899 [ERROR] Failed to ingest member B001269: column "full_name" does not exist
LINE 3:                     WHERE full_name = '' AND state = 'Pennsy...
                                  ^

2026-01-08 02:17:43,784 [ERROR] Failed to ingest member M001179: column "full_name" does not exist
LINE 3:                     WHERE full_name = '' AND state = 'Pennsy...
                                  ^

2026-01-08 02:17:44,682 [ERROR] Failed to ingest member M001181: column "full_name" does not exist
LINE 3:                     WHERE full_name = '' AND state = 'Pennsy...
                                  ^

2026-01-08 02:17:45,639 [ERROR] Failed to ingest member R000586: column "full_name" does not exist
LINE 3:                     WHERE full_name = '' AND state = 'Ohio' ...
                                  ^

2026-01-08 02:17:46,565 [ERROR] Failed to ingest member B001276: column "full_name" does not exist
LINE 3:                     WHERE full_name = '' AND state = 'New Yo...
                                  ^

2026-01-08 02:17:47,507 [ERROR] Failed to ingest member H001051: column "full_name" does not exist
LINE 3:                     WHERE full_name = '' AND state = 'New Yo...
                                  ^

2026-01-08 02:17:48,427 [ERROR] Failed to ingest member G000564: column "full_name" does not exist
LINE 3:                     WHERE full_name = '' AND state = 'New Yo...
                                  ^

2026-01-08 02:17:49,405 [ERROR] Failed to ingest member H001054: column "full_name" does not exist
LINE 3:                     WHERE full_name = '' AND state = 'New Yo...
                                  ^

2026-01-08 02:17:50,318 [ERROR] Failed to ingest member G000569: column "full_name" does not exist
LINE 3:                     WHERE full_name = '' AND state = 'New Yo...
                                  ^

2026-01-08 02:17:51,356 [ERROR] Failed to ingest member H001055: column "full_name" does not exist
LINE 3:                     WHERE full_name = '' AND state = 'Nevada...
                                  ^

2026-01-08 02:17:52,353 [ERROR] Failed to ingest member R000594: column "full_name" does not exist
LINE 3:                     WHERE full_name = '' AND state = 'New Je...
                                  ^

2026-01-08 02:17:53,246 [ERROR] Failed to ingest member G000570: column "full_name" does not exist
LINE 3:                     WHERE full_name = '' AND state = 'New Ha...
                                  ^

2026-01-08 02:17:54,191 [ERROR] Failed to ingest member B001272: column "full_name" does not exist
LINE 3:                     WHERE full_name = '' AND state = 'North ...
                                  ^

2026-01-08 02:17:56,374 [ERROR] Failed to ingest member E000291: column "full_name" does not exist
LINE 3:                     WHERE full_name = '' AND state = 'North ...
                                  ^

2026-01-08 02:17:57,286 [ERROR] Failed to ingest member N000186: column "full_name" does not exist
LINE 3:                     WHERE full_name = '' AND state = 'Missis...
                                  ^

2026-01-08 02:17:58,256 [ERROR] Failed to ingest member C001086: column "full_name" does not exist
LINE 3:                     WHERE full_name = '' AND state = 'Minnes...
                                  ^

2026-01-08 02:17:59,157 [ERROR] Failed to ingest member C001085: column "full_name" does not exist
LINE 3:                     WHERE full_name = '' AND state = 'Michig...
                                  ^

2026-01-08 02:18:00,057 [ERROR] Failed to ingest member A000367: column "full_name" does not exist
LINE 3:                     WHERE full_name = '' AND state = 'Michig...
                                  ^

2026-01-08 02:18:01,050 [ERROR] Failed to ingest member B001271: column "full_name" does not exist
LINE 3:                     WHERE full_name = '' AND state = 'Michig...
                                  ^

2026-01-08 02:18:01,942 [ERROR] Failed to ingest member L000574: column "full_name" does not exist
LINE 3:                     WHERE full_name = '' AND state = 'Louisi...
                                  ^

2026-01-08 02:18:02,832 [ERROR] Failed to ingest member P000602: column "full_name" does not exist
LINE 3:                     WHERE full_name = '' AND state = 'Kansas...
                                  ^

2026-01-08 02:18:03,675 [ERROR] Failed to ingest member Y000063: column "full_name" does not exist
LINE 3:                     WHERE full_name = '' AND state = 'Kansas...
                                  ^

2026-01-08 02:18:04,570 [ERROR] Failed to ingest member H001057: column "full_name" does not exist
LINE 3:                     WHERE full_name = '' AND state = 'Kansas...
                                  ^

2026-01-08 02:18:05,409 [ERROR] Failed to ingest member R000592: column "full_name" does not exist
LINE 3:                     WHERE full_name = '' AND state = 'Indian...
                                  ^

2026-01-08 02:18:06,257 [ERROR] Failed to ingest member S001182: column "full_name" does not exist
LINE 3:                     WHERE full_name = '' AND state = 'Illino...
                                  ^

2026-01-08 02:18:07,155 [ERROR] Failed to ingest member H001059: column "full_name" does not exist
LINE 3:                     WHERE full_name = '' AND state = 'Illino...
                                  ^

2026-01-08 02:18:08,054 [ERROR] Failed to ingest member D000613: column "full_name" does not exist
LINE 3:                     WHERE full_name = '' AND state = 'Illino...
                                  ^

2026-01-08 02:18:08,890 [ERROR] Failed to ingest member W000811: column "full_name" does not exist
LINE 3:                     WHERE full_name = '' AND state = 'Illino...
                                  ^

2026-01-08 02:18:09,729 [ERROR] Failed to ingest member L000573: column "full_name" does not exist
LINE 3:                     WHERE full_name = '' AND state = 'Idaho'...
                                  ^

2026-01-08 02:18:10,622 [ERROR] Failed to ingest member H001050: column "full_name" does not exist
LINE 3:                     WHERE full_name = '' AND state = 'Hawaii...
                                  ^

2026-01-08 02:18:11,614 [ERROR] Failed to ingest member W000810: column "full_name" does not exist
LINE 3:                     WHERE full_name = '' AND state = 'Georgi...
                                  ^

2026-01-08 02:18:12,493 [ERROR] Failed to ingest member R000590: column "full_name" does not exist
LINE 3:                     WHERE full_name = '' AND state = 'Florid...
                                  ^

2026-01-08 02:18:13,357 [ERROR] Failed to ingest member A000366: column "full_name" does not exist
LINE 3:                     WHERE full_name = '' AND state = 'Florid...
                                  ^

2026-01-08 02:18:14,297 [ERROR] Failed to ingest member W000807: column "full_name" does not exist
LINE 3:                     WHERE full_name = '' AND state = 'Florid...
                                  ^

2026-01-08 02:18:15,253 [ERROR] Failed to ingest member R000593: column "full_name" does not exist
LINE 3:                     WHERE full_name = '' AND state = 'Florid...
                                  ^

2026-01-08 02:18:16,132 [ERROR] Failed to ingest member N000185: column "full_name" does not exist
LINE 3:                     WHERE full_name = '' AND state = 'Florid...
                                  ^

2026-01-08 02:18:16,982 [ERROR] Failed to ingest member S001186: column "full_name" does not exist
LINE 3:                     WHERE full_name = '' AND state = 'Florid...
                                  ^

2026-01-08 02:18:17,810 [ERROR] Failed to ingest member C001083: column "full_name" does not exist
LINE 3:                     WHERE full_name = '' AND state = 'Delawa...
                                  ^

2026-01-08 02:18:18,684 [ERROR] Failed to ingest member G000562: column "full_name" does not exist
LINE 3:                     WHERE full_name = '' AND state = 'Colora...
                                  ^

2026-01-08 02:18:19,612 [ERROR] Failed to ingest member T000470: column "full_name" does not exist
LINE 3:                     WHERE full_name = '' AND state = 'Colora...
                                  ^

2026-01-08 02:18:20,510 [ERROR] Failed to ingest member D000612: column "full_name" does not exist
LINE 3:                     WHERE full_name = '' AND state = 'Califo...
                                  ^

2026-01-08 02:18:21,334 [ERROR] Failed to ingest member Q000024: column "full_name" does not exist
LINE 3:                     WHERE full_name = '' AND state = 'Arizon...
                                  ^

2026-01-08 02:18:22,275 [ERROR] Failed to ingest member G000567: column "full_name" does not exist
LINE 3:                     WHERE full_name = '' AND state = 'Arkans...
                                  ^

2026-01-08 02:18:23,151 [ERROR] Failed to ingest member R000591: column "full_name" does not exist
LINE 3:                     WHERE full_name = '' AND state = 'Alabam...
                                  ^

2026-01-08 02:18:24,136 [ERROR] Failed to ingest member K000374: column "full_name" does not exist
LINE 3:                     WHERE full_name = '' AND state = 'Massac...
                                  ^

2026-01-08 02:18:25,018 [ERROR] Failed to ingest member S001163: column "full_name" does not exist
LINE 3:                     WHERE full_name = '' AND state = 'Colora...
                                  ^

2026-01-08 02:18:25,887 [ERROR] Failed to ingest member C001041: column "full_name" does not exist
LINE 3:                     WHERE full_name = '' AND state = 'New Yo...
                                  ^

2026-01-08 02:18:26,849 [ERROR] Failed to ingest member R000581: column "full_name" does not exist
LINE 3:                     WHERE full_name = '' AND state = 'Califo...
                                  ^

2026-01-08 02:18:27,781 [ERROR] Failed to ingest member B001262: column "full_name" does not exist
LINE 3:                     WHERE full_name = '' AND state = 'Georgi...
                                  ^

2026-01-08 02:18:28,596 [ERROR] Failed to ingest member M000627: column "full_name" does not exist
LINE 3:                     WHERE full_name = '' AND state = 'Massac...
                                  ^

2026-01-08 02:18:29,500 [ERROR] Failed to ingest member K000365: column "full_name" does not exist
LINE 3:                     WHERE full_name = '' AND state = 'Wiscon...
                                  ^

2026-01-08 02:18:30,391 [ERROR] Failed to ingest member D000606: column "full_name" does not exist
LINE 3:                     WHERE full_name = '' AND state = 'Tennes...
                                  ^

2026-01-08 02:18:31,295 [ERROR] Failed to ingest member C001065: column "full_name" does not exist
LINE 3:                     WHERE full_name = '' AND state = 'Pennsy...
                                  ^

2026-01-08 02:18:32,174 [ERROR] Failed to ingest member M001168: column "full_name" does not exist
LINE 3:                     WHERE full_name = '' AND state = 'Pennsy...
                                  ^

2026-01-08 02:18:33,124 [ERROR] Failed to ingest member S001169: column "full_name" does not exist
LINE 3:                     WHERE full_name = '' AND state = 'Pennsy...
                                  ^

2026-01-08 02:18:34,008 [ERROR] Failed to ingest member A000362: column "full_name" does not exist
LINE 3:                     WHERE full_name = '' AND state = 'Pennsy...
                                  ^

2026-01-08 02:18:34,983 [ERROR] Failed to ingest member F000453: column "full_name" does not exist
LINE 3:                     WHERE full_name = '' AND state = 'Oklaho...
                                  ^

2026-01-08 02:18:35,836 [ERROR] Failed to ingest member S001173: column "full_name" does not exist
LINE 3:                     WHERE full_name = '' AND state = 'Ohio' ...
                                  ^

2026-01-08 02:18:36,772 [ERROR] Failed to ingest member S001174: column "full_name" does not exist
LINE 3:                     WHERE full_name = '' AND state = 'Ohio' ...
                                  ^

2026-01-08 02:18:37,675 [ERROR] Failed to ingest member W000801: column "full_name" does not exist
LINE 3:                     WHERE full_name = '' AND state = 'Ohio' ...
                                  ^

2026-01-08 02:18:38,561 [ERROR] Failed to ingest member A000363: column "full_name" does not exist
LINE 3:                     WHERE full_name = '' AND state = 'New Yo...
                                  ^

2026-01-08 02:18:39,425 [ERROR] Failed to ingest member H001039: column "full_name" does not exist
LINE 3:                     WHERE full_name = '' AND state = 'New Yo...
                                  ^

2026-01-08 02:18:40,255 [ERROR] Failed to ingest member H001041: column "full_name" does not exist
LINE 3:                     WHERE full_name = '' AND state = 'Nevada...
                                  ^

2026-01-08 02:18:41,165 [ERROR] Failed to ingest member H001043: column "full_name" does not exist
LINE 3:                     WHERE full_name = '' AND state = 'New Ha...
                                  ^

2026-01-08 02:18:42,089 [ERROR] Failed to ingest member S001170: column "full_name" does not exist
LINE 3:                     WHERE full_name = '' AND state = 'New Ha...
                                  ^

2026-01-08 02:18:42,972 [ERROR] Failed to ingest member S001171: column "full_name" does not exist
LINE 3:                     WHERE full_name = '' AND state = 'North ...
                                  ^

2026-01-08 02:18:43,829 [ERROR] Failed to ingest member B001256: column "full_name" does not exist
LINE 3:                     WHERE full_name = '' AND state = 'Minnes...
                                  ^

2026-01-08 02:18:44,671 [ERROR] Failed to ingest member E000288: column "full_name" does not exist
LINE 3:                     WHERE full_name = '' AND state = 'Minnes...
                                  ^

2026-01-08 02:18:45,589 [ERROR] Failed to ingest member W000799: column "full_name" does not exist
LINE 3:                     WHERE full_name = '' AND state = 'Minnes...
                                  ^

2026-01-08 02:18:46,442 [ERROR] Failed to ingest member B001258: column "full_name" does not exist
LINE 3:                     WHERE full_name = '' AND state = 'Kansas...
                                  ^

2026-01-08 02:18:47,311 [ERROR] Failed to ingest member E000289: column "full_name" does not exist
LINE 3:                     WHERE full_name = '' AND state = 'Indian...
                                  ^

2026-01-08 02:18:48,158 [ERROR] Failed to ingest member D000607: column "full_name" does not exist
LINE 3:                     WHERE full_name = '' AND state = 'Indian...
                                  ^

2026-01-08 02:18:49,079 [ERROR] Failed to ingest member H001040: column "full_name" does not exist
LINE 3:                     WHERE full_name = '' AND state = 'Illino...
                                  ^

2026-01-08 02:18:50,017 [ERROR] Failed to ingest member R000580: column "full_name" does not exist
LINE 3:                     WHERE full_name = '' AND state = 'Illino...
                                  ^

2026-01-08 02:18:50,983 [ERROR] Failed to ingest member S001167: column "full_name" does not exist
LINE 3:                     WHERE full_name = '' AND state = 'Idaho'...
                                  ^

2026-01-08 02:18:51,868 [ERROR] Failed to ingest member L000565: column "full_name" does not exist
LINE 3:                     WHERE full_name = '' AND state = 'Iowa' ...
                                  ^

2026-01-08 02:18:52,779 [ERROR] Failed to ingest member B001259: column "full_name" does not exist
LINE 3:                     WHERE full_name = '' AND state = 'Iowa' ...
                                  ^

2026-01-08 02:18:53,754 [ERROR] Failed to ingest member K000366: column "full_name" does not exist
LINE 3:                     WHERE full_name = '' AND state = 'Florid...
                                  ^

2026-01-08 02:18:54,687 [ERROR] Failed to ingest member M001164: column "full_name" does not exist
LINE 3:                     WHERE full_name = '' AND state = 'Florid...
                                  ^

2026-01-08 02:18:55,553 [ERROR] Failed to ingest member G000554: column "full_name" does not exist
LINE 3:                     WHERE full_name = '' AND state = 'Arizon...
                                  ^

2026-01-08 02:18:56,514 [ERROR] Failed to ingest member M001167: column "full_name" does not exist
LINE 3:                     WHERE full_name = '' AND state = 'Arizon...
                                  ^

2026-01-08 02:18:57,412 [ERROR] Failed to ingest member S001153: column "full_name" does not exist
LINE 3:                     WHERE full_name = '' AND state = 'Califo...
                                  ^

2026-01-08 02:18:58,296 [ERROR] Failed to ingest member M001178: column "full_name" does not exist
LINE 3:                     WHERE full_name = '' AND state = 'New Yo...
                                  ^

2026-01-08 02:18:59,263 [ERROR] Failed to ingest member P000600: column "full_name" does not exist
LINE 3:                     WHERE full_name = '' AND state = 'Virgin...
                                  ^

2026-01-08 02:19:00,236 [ERROR] Failed to ingest member N000183: column "full_name" does not exist
LINE 3:                     WHERE full_name = '' AND state = 'Virgin...
                                  ^

2026-01-08 02:19:01,081 [ERROR] Failed to ingest member C001076: column "full_name" does not exist
LINE 3:                     WHERE full_name = '' AND state = 'Utah' ...
                                  ^

2026-01-08 02:19:01,964 [ERROR] Failed to ingest member O000168: column "full_name" does not exist
LINE 3:                     WHERE full_name = '' AND state = 'Texas'...
                                  ^

2026-01-08 02:19:02,829 [ERROR] Failed to ingest member R000582: column "full_name" does not exist
LINE 3:                     WHERE full_name = '' AND state = 'Tennes...
                                  ^

2026-01-08 02:19:03,717 [ERROR] Failed to ingest member P000596: column "full_name" does not exist
LINE 3:                     WHERE full_name = '' AND state = 'Puerto...
                                  ^

2026-01-08 02:19:04,591 [ERROR] Failed to ingest member D000608: column "full_name" does not exist
LINE 3:                     WHERE full_name = '' AND state = 'Pennsy...
                                  ^

2026-01-08 02:19:05,450 [ERROR] Failed to ingest member B001263: column "full_name" does not exist
LINE 3:                     WHERE full_name = '' AND state = 'Ohio' ...
                                  ^

2026-01-08 02:19:06,315 [ERROR] Failed to ingest member K000372: column "full_name" does not exist
LINE 3:                     WHERE full_name = '' AND state = 'Ohio' ...
                                  ^

2026-01-08 02:19:07,202 [ERROR] Failed to ingest member A000365: column "full_name" does not exist
LINE 3:                     WHERE full_name = '' AND state = 'Ohio' ...
                                  ^

2026-01-08 02:19:08,243 [ERROR] Failed to ingest member D000609: column "full_name" does not exist
LINE 3:                     WHERE full_name = '' AND state = 'Ohio' ...
                                  ^

2026-01-08 02:19:09,149 [ERROR] Failed to ingest member M001173: column "full_name" does not exist
LINE 3:                     WHERE full_name = '' AND state = 'New Yo...
                                  ^

2026-01-08 02:19:10,097 [ERROR] Failed to ingest member M001171: column "full_name" does not exist
LINE 3:                     WHERE full_name = '' AND state = 'New Yo...
                                  ^

2026-01-08 02:19:11,011 [ERROR] Failed to ingest member M001174: column "full_name" does not exist
LINE 3:                     WHERE full_name = '' AND state = 'New Yo...
                                  ^

2026-01-08 02:19:11,897 [ERROR] Failed to ingest member T000466: column "full_name" does not exist
LINE 3:                     WHERE full_name = '' AND state = 'New Me...
                                  ^

2026-01-08 02:19:12,770 [ERROR] Failed to ingest member L000567: column "full_name" does not exist
LINE 3:                     WHERE full_name = '' AND state = 'New Je...
                                  ^

2026-01-08 02:19:13,699 [ERROR] Failed to ingest member A000364: column "full_name" does not exist
LINE 3:                     WHERE full_name = '' AND state = 'New Je...
                                  ^

2026-01-08 02:19:14,604 [ERROR] Failed to ingest member K000369: column "full_name" does not exist
LINE 3:                     WHERE full_name = '' AND state = 'North ...
                                  ^

2026-01-08 02:19:15,510 [ERROR] Failed to ingest member H001045: column "full_name" does not exist
LINE 3:                     WHERE full_name = '' AND state = 'Missis...
                                  ^

2026-01-08 02:19:16,411 [ERROR] Failed to ingest member P000594: column "full_name" does not exist
LINE 3:                     WHERE full_name = '' AND state = 'Minnes...
                                  ^

2026-01-08 02:19:17,317 [ERROR] Failed to ingest member S001178: column "full_name" does not exist
LINE 3:                     WHERE full_name = '' AND state = 'Michig...
                                  ^

2026-01-08 02:19:18,224 [ERROR] Failed to ingest member K000371: column "full_name" does not exist
LINE 3:                     WHERE full_name = '' AND state = 'Maryla...
                                  ^

2026-01-08 02:19:19,174 [ERROR] Failed to ingest member F000456: column "full_name" does not exist
LINE 3:                     WHERE full_name = '' AND state = 'Louisi...
                                  ^

2026-01-08 02:19:20,058 [ERROR] Failed to ingest member C001079: column "full_name" does not exist
LINE 3:                     WHERE full_name = '' AND state = 'Louisi...
                                  ^

2026-01-08 02:19:21,041 [ERROR] Failed to ingest member J000290: column "full_name" does not exist
LINE 3:                     WHERE full_name = '' AND state = 'Kansas...
                                  ^

2026-01-08 02:19:21,897 [ERROR] Failed to ingest member S001179: column "full_name" does not exist
LINE 3:                     WHERE full_name = '' AND state = 'Illino...
                                  ^

2026-01-08 02:19:22,752 [ERROR] Failed to ingest member H001044: column "full_name" does not exist
LINE 3:                     WHERE full_name = '' AND state = 'Illino...
                                  ^

2026-01-08 02:19:23,597 [ERROR] Failed to ingest member M001175: column "full_name" does not exist
LINE 3:                     WHERE full_name = '' AND state = 'Idaho'...
                                  ^

2026-01-08 02:19:24,493 [ERROR] Failed to ingest member K000370: column "full_name" does not exist
LINE 3:                     WHERE full_name = '' AND state = 'Florid...
                                  ^

2026-01-08 02:19:25,454 [ERROR] Failed to ingest member R000583: column "full_name" does not exist
LINE 3:                     WHERE full_name = '' AND state = 'Florid...
                                  ^

2026-01-08 02:19:26,346 [ERROR] Failed to ingest member G000556: column "full_name" does not exist
LINE 3:                     WHERE full_name = '' AND state = 'Florid...
                                  ^

2026-01-08 02:19:27,199 [ERROR] Failed to ingest member C001077: column "full_name" does not exist
LINE 3:                     WHERE full_name = '' AND state = 'Colora...
                                  ^

2026-01-08 02:19:28,138 [ERROR] Failed to ingest member M001172: column "full_name" does not exist
LINE 3:                     WHERE full_name = '' AND state = 'Colora...
                                  ^

2026-01-08 02:19:29,069 [ERROR] Failed to ingest member P000598: column "full_name" does not exist
LINE 3:                     WHERE full_name = '' AND state = 'Colora...
                                  ^

2026-01-08 02:19:29,912 [ERROR] Failed to ingest member H001048: column "full_name" does not exist
LINE 3:                     WHERE full_name = '' AND state = 'Califo...
                                  ^

2026-01-08 02:19:30,781 [ERROR] Failed to ingest member G000557: column "full_name" does not exist
LINE 3:                     WHERE full_name = '' AND state = 'Alabam...
                                  ^

2026-01-08 02:19:31,742 [ERROR] Failed to ingest member B001264: column "full_name" does not exist
LINE 3:                     WHERE full_name = '' AND state = 'Alabam...
                                  ^

2026-01-08 02:19:32,738 [ERROR] Failed to ingest member K000373: column "full_name" does not exist
LINE 3:                     WHERE full_name = '' AND state = 'Delawa...
                                  ^

2026-01-08 02:19:33,581 [ERROR] Failed to ingest member B001266: column "full_name" does not exist
LINE 3:                     WHERE full_name = '' AND state = 'Illino...
                                  ^

2026-01-08 02:19:34,470 [ERROR] Failed to ingest member H001049: column "full_name" does not exist
LINE 3:                     WHERE full_name = '' AND state = 'North ...
                                  ^

2026-01-08 02:19:35,326 [ERROR] Failed to ingest member J000291: column "full_name" does not exist
LINE 3:                     WHERE full_name = '' AND state = 'Nebras...
                                  ^

2026-01-08 02:19:36,276 [ERROR] Failed to ingest member B001265: column "full_name" does not exist
LINE 3:                     WHERE full_name = '' AND state = 'Alaska...
                                  ^

2026-01-08 02:19:37,219 [ERROR] Failed to ingest member E000290: column "full_name" does not exist
LINE 3:                     WHERE full_name = '' AND state = 'Maryla...
                                  ^

2026-01-08 02:19:38,102 [ERROR] Failed to ingest member C001074: column "full_name" does not exist
LINE 3:                     WHERE full_name = '' AND state = 'Missis...
                                  ^

2026-01-08 02:19:39,062 [ERROR] Failed to ingest member T000465: column "full_name" does not exist
LINE 3:                     WHERE full_name = '' AND state = 'Massac...
                                  ^

2026-01-08 02:19:39,930 [ERROR] Failed to ingest member D000217: column "full_name" does not exist
LINE 3:                     WHERE full_name = '' AND state = 'Texas'...
                                  ^

2026-01-08 02:19:40,834 [ERROR] Failed to ingest member B000461: column "full_name" does not exist
LINE 3:                     WHERE full_name = '' AND state = 'Califo...
                                  ^

2026-01-08 02:19:41,688 [ERROR] Failed to ingest member C001064: column "full_name" does not exist
LINE 3:                     WHERE full_name = '' AND state = 'Califo...
                                  ^

2026-01-08 02:19:42,631 [ERROR] Failed to ingest member S001164: column "full_name" does not exist
LINE 3:                     WHERE full_name = '' AND state = 'Ohio' ...
                                  ^

2026-01-08 02:19:43,584 [ERROR] Failed to ingest member K000333: column "full_name" does not exist
LINE 3:                     WHERE full_name = '' AND state = 'Texas'...
                                  ^

2026-01-08 02:19:44,484 [ERROR] Failed to ingest member D000294: column "full_name" does not exist
LINE 3:                     WHERE full_name = '' AND state = 'Ohio' ...
                                  ^

2026-01-08 02:19:45,425 [ERROR] Failed to ingest member D000064: column "full_name" does not exist
LINE 3:                     WHERE full_name = '' AND state = 'South ...
                                  ^

2026-01-08 02:19:46,425 [ERROR] Failed to ingest member R000243: column "full_name" does not exist
LINE 3:                     WHERE full_name = '' AND state = 'Pennsy...
                                  ^

2026-01-08 02:19:47,420 [ERROR] Failed to ingest member R000232: column "full_name" does not exist
LINE 3:                     WHERE full_name = '' AND state = 'New Yo...
                                  ^

2026-01-08 02:19:48,303 [ERROR] Failed to ingest member R000188: column "full_name" does not exist
LINE 3:                     WHERE full_name = '' AND state = 'Arizon...
                                  ^

2026-01-08 02:19:49,151 [ERROR] Failed to ingest member R000189: column "full_name" does not exist
LINE 3:                     WHERE full_name = '' AND state = 'Arizon...
                                  ^

2026-01-08 02:19:50,037 [ERROR] Failed to ingest member R000178: column "full_name" does not exist
LINE 3:                     WHERE full_name = '' AND state = 'Illino...
                                  ^

2026-01-08 02:19:50,909 [ERROR] Failed to ingest member R000165: column "full_name" does not exist
LINE 3:                     WHERE full_name = '' AND state = 'Wiscon...
                                  ^

2026-01-08 02:19:51,839 [ERROR] Failed to ingest member R000150: column "full_name" does not exist
LINE 3:                     WHERE full_name = '' AND state = 'New Yo...
                                  ^

2026-01-08 02:19:52,748 [ERROR] Failed to ingest member R000146: column "full_name" does not exist
LINE 3:                     WHERE full_name = '' AND state = 'Nevada...
                                  ^

2026-01-08 02:19:53,598 [ERROR] Failed to ingest member R000141: column "full_name" does not exist
LINE 3:                     WHERE full_name = '' AND state = 'Ohio' ...
                                  ^

2026-01-08 02:19:54,510 [ERROR] Failed to ingest member R000134: column "full_name" does not exist
LINE 3:                     WHERE full_name = '' AND state = 'Califo...
                                  ^

2026-01-08 02:19:55,446 [ERROR] Failed to ingest member R000080: column "full_name" does not exist
LINE 3:                     WHERE full_name = '' AND state = 'Georgi...
                                  ^

2026-01-08 02:19:56,443 [ERROR] Failed to ingest member R000067: column "full_name" does not exist
LINE 3:                     WHERE full_name = '' AND state = 'Connec...
                                  ^

2026-01-08 02:19:57,344 [ERROR] Failed to ingest member R000065: column "full_name" does not exist
LINE 3:                     WHERE full_name = '' AND state = 'Louisi...
                                  ^

2026-01-08 02:19:58,182 [ERROR] Failed to ingest member R000041: column "full_name" does not exist
LINE 3:                     WHERE full_name = '' AND state = 'Missou...
                                  ^

2026-01-08 02:19:59,135 [ERROR] Failed to ingest member R000033: column "full_name" does not exist
LINE 3:                     WHERE full_name = '' AND state = 'Minnes...
                                  ^

2026-01-08 02:20:00,013 [ERROR] Failed to ingest member R000012: column "full_name" does not exist
LINE 3:                     WHERE full_name = '' AND state = 'Illino...
                                  ^

2026-01-08 02:20:00,928 [ERROR] Failed to ingest member R000011: column "full_name" does not exist
LINE 3:                     WHERE full_name = '' AND state = 'West V...
                                  ^

2026-01-08 02:20:01,773 [ERROR] Failed to ingest member R000004: column "full_name" does not exist
LINE 3:                     WHERE full_name = '' AND state = 'Califo...
                                  ^

2026-01-08 02:20:02,754 [ERROR] Failed to ingest member Q000016: column "full_name" does not exist
LINE 3:                     WHERE full_name = '' AND state = 'New Yo...
                                  ^

2026-01-08 02:20:03,702 [ERROR] Failed to ingest member Q000013: column "full_name" does not exist
LINE 3:                     WHERE full_name = '' AND state = 'Tennes...
                                  ^

2026-01-08 02:20:04,660 [ERROR] Failed to ingest member Q000007: column "full_name" does not exist
LINE 3:                     WHERE full_name = '' AND state = 'Indian...
                                  ^

2026-01-08 02:20:05,608 [ERROR] Failed to ingest member P000574: column "full_name" does not exist
LINE 3:                     WHERE full_name = '' AND state = 'Michig...
                                  ^

2026-01-08 02:20:06,638 [ERROR] Failed to ingest member P000555: column "full_name" does not exist
LINE 3:                     WHERE full_name = '' AND state = 'Ohio' ...
                                  ^

2026-01-08 02:20:07,514 [ERROR] Failed to ingest member P000546: column "full_name" does not exist
LINE 3:                     WHERE full_name = '' AND state = 'Washin...
                                  ^

2026-01-08 02:20:08,378 [ERROR] Failed to ingest member P000528: column "full_name" does not exist
LINE 3:                     WHERE full_name = '' AND state = 'Texas'...
                                  ^

2026-01-08 02:20:09,257 [ERROR] Failed to ingest member P000522: column "full_name" does not exist
LINE 3:                     WHERE full_name = '' AND state = 'Illino...
                                  ^

2026-01-08 02:20:10,217 [ERROR] Failed to ingest member P000520: column "full_name" does not exist
LINE 3:                     WHERE full_name = '' AND state = 'North ...
                                  ^

2026-01-08 02:20:11,180 [ERROR] Failed to ingest member P000513: column "full_name" does not exist
LINE 3:                     WHERE full_name = '' AND state = 'South ...
                                  ^

2026-01-08 02:20:12,129 [ERROR] Failed to ingest member P000485: column "full_name" does not exist
LINE 3:                     WHERE full_name = '' AND state = 'Ohio' ...
                                  ^

2026-01-08 02:20:13,034 [ERROR] Failed to ingest member P000452: column "full_name" does not exist
LINE 3:                     WHERE full_name = '' AND state = 'Illino...
                                  ^

2026-01-08 02:20:14,028 [ERROR] Failed to ingest member P000444: column "full_name" does not exist
LINE 3:                     WHERE full_name = '' AND state = 'Illino...
                                  ^

2026-01-08 02:20:14,935 [ERROR] Failed to ingest member P000422: column "full_name" does not exist
LINE 3:                     WHERE full_name = '' AND state = 'North ...
                                  ^

2026-01-08 02:20:15,924 [ERROR] Failed to ingest member P000419: column "full_name" does not exist
LINE 3:                     WHERE full_name = '' AND state = 'Califo...
                                  ^

2026-01-08 02:20:16,853 [ERROR] Failed to ingest member P000399: column "full_name" does not exist
LINE 3:                     WHERE full_name = '' AND state = 'New Yo...
                                  ^

2026-01-08 02:20:17,731 [ERROR] Failed to ingest member P000398: column "full_name" does not exist
LINE 3:                     WHERE full_name = '' AND state = 'Texas'...
                                  ^

2026-01-08 02:20:18,592 [ERROR] Failed to ingest member P000348: column "full_name" does not exist
LINE 3:                     WHERE full_name = '' AND state = 'New Yo...
                                  ^

2026-01-08 02:20:19,521 [ERROR] Failed to ingest member P000328: column "full_name" does not exist
LINE 3:                     WHERE full_name = '' AND state = 'Texas'...
                                  ^

2026-01-08 02:20:20,667 [ERROR] Failed to ingest member P000326: column "full_name" does not exist
LINE 3:                     WHERE full_name = '' AND state = 'Virgin...
                                  ^

2026-01-08 02:20:21,599 [ERROR] Failed to ingest member P000280: column "full_name" does not exist
LINE 3:                     WHERE full_name = '' AND state = 'New Yo...
                                  ^

2026-01-08 02:20:22,550 [ERROR] Failed to ingest member P000273: column "full_name" does not exist
LINE 3:                     WHERE full_name = '' AND state = 'Califo...
                                  ^

2026-01-08 02:20:23,512 [ERROR] Failed to ingest member P000272: column "full_name" does not exist
LINE 3:                     WHERE full_name = '' AND state = 'Califo...
                                  ^

2026-01-08 02:20:24,385 [ERROR] Failed to ingest member P000265: column "full_name" does not exist
LINE 3:                     WHERE full_name = '' AND state = 'Wiscon...
                                  ^

2026-01-08 02:20:25,354 [ERROR] Failed to ingest member P000259: column "full_name" does not exist
LINE 3:                     WHERE full_name = '' AND state = 'Florid...
                                  ^

2026-01-08 02:20:26,350 [ERROR] Failed to ingest member P000258: column "full_name" does not exist
LINE 3:                     WHERE full_name = '' AND state = 'Minnes...
                                  ^

2026-01-08 02:20:27,202 [ERROR] Failed to ingest member P000229: column "full_name" does not exist
LINE 3:                     WHERE full_name = '' AND state = 'Kentuc...
                                  ^

2026-01-08 02:20:28,149 [ERROR] Failed to ingest member P000230: column "full_name" does not exist
LINE 3:                     WHERE full_name = '' AND state = 'Kentuc...
                                  ^

2026-01-08 02:20:29,141 [ERROR] Failed to ingest member P000218: column "full_name" does not exist
LINE 3:                     WHERE full_name = '' AND state = 'Florid...
                                  ^

2026-01-08 02:20:30,085 [ERROR] Failed to ingest member P000215: column "full_name" does not exist
LINE 3:                     WHERE full_name = '' AND state = 'Minnes...
                                  ^

2026-01-08 02:20:30,998 [ERROR] Failed to ingest member P000170: column "full_name" does not exist
LINE 3:                     WHERE full_name = '' AND state = 'Ohio' ...
                                  ^

2026-01-08 02:20:32,013 [ERROR] Failed to ingest member P000152: column "full_name" does not exist
LINE 3:                     WHERE full_name = '' AND state = 'Virgin...
                                  ^

2026-01-08 02:20:32,933 [ERROR] Failed to ingest member P000149: column "full_name" does not exist
LINE 3:                     WHERE full_name = '' AND state = 'New Je...
                                  ^

2026-01-08 02:20:33,817 [ERROR] Failed to ingest member P000148: column "full_name" does not exist
LINE 3:                     WHERE full_name = '' AND state = 'New Yo...
                                  ^

2026-01-08 02:20:34,669 [ERROR] Failed to ingest member P000583: column "full_name" does not exist
LINE 3:                     WHERE full_name = '' AND state = 'Texas'...
                                  ^

2026-01-08 02:20:35,590 [ERROR] Failed to ingest member P000134: column "full_name" does not exist
LINE 3:                     WHERE full_name = '' AND state = 'New Yo...
                                  ^

2026-01-08 02:20:36,543 [ERROR] Failed to ingest member P000112: column "full_name" does not exist
LINE 3:                     WHERE full_name = '' AND state = 'South ...
                                  ^

2026-01-08 02:20:37,496 [ERROR] Failed to ingest member P000106: column "full_name" does not exist
LINE 3:                     WHERE full_name = '' AND state = 'New Je...
                                  ^

2026-01-08 02:20:38,355 [ERROR] Failed to ingest member P000103: column "full_name" does not exist
LINE 3:                     WHERE full_name = '' AND state = 'Texas'...
                                  ^

2026-01-08 02:20:39,259 [ERROR] Failed to ingest member P000104: column "full_name" does not exist
LINE 3:                     WHERE full_name = '' AND state = 'Texas'...
                                  ^

2026-01-08 02:20:40,267 [ERROR] Failed to ingest member P000099: column "full_name" does not exist
LINE 3:                     WHERE full_name = '' AND state = 'Arizon...
                                  ^

2026-01-08 02:20:41,283 [ERROR] Failed to ingest member P000098: column "full_name" does not exist
LINE 3:                     WHERE full_name = '' AND state = 'Louisi...
                                  ^

2026-01-08 02:20:42,203 [ERROR] Failed to ingest member P000097: column "full_name" does not exist
LINE 3:                     WHERE full_name = '' AND state = 'Califo...
                                  ^

2026-01-08 02:20:43,259 [ERROR] Failed to ingest member P000080: column "full_name" does not exist
LINE 3:                     WHERE full_name = '' AND state = 'Virgin...
                                  ^

2026-01-08 02:20:44,309 [ERROR] Failed to ingest member P000066: column "full_name" does not exist
LINE 3:                     WHERE full_name = '' AND state = 'Missis...
                                  ^

2026-01-08 02:20:45,217 [ERROR] Failed to ingest member P000047: column "full_name" does not exist
LINE 3:                     WHERE full_name = '' AND state = 'Califo...
                                  ^

2026-01-08 02:20:46,120 [ERROR] Failed to ingest member P000005: column "full_name" does not exist
LINE 3:                     WHERE full_name = '' AND state = 'Califo...
                                  ^

2026-01-08 02:20:46,979 [ERROR] Failed to ingest member O000163: column "full_name" does not exist
LINE 3:                     WHERE full_name = '' AND state = 'Ohio' ...
                                  ^

2026-01-08 02:20:47,884 [ERROR] Failed to ingest member O000156: column "full_name" does not exist
LINE 3:                     WHERE full_name = '' AND state = 'Utah' ...
                                  ^

2026-01-08 02:20:48,805 [ERROR] Failed to ingest member O000159: column "full_name" does not exist
LINE 3:                     WHERE full_name = '' AND state = 'New Yo...
                                  ^

2026-01-08 02:20:49,694 [ERROR] Failed to ingest member O000134: column "full_name" does not exist
LINE 3:                     WHERE full_name = '' AND state = 'New Yo...
                                  ^

2026-01-08 02:20:50,637 [ERROR] Failed to ingest member O000108: column "full_name" does not exist
LINE 3:                     WHERE full_name = '' AND state = 'Utah' ...
                                  ^

2026-01-08 02:20:51,510 [ERROR] Failed to ingest member O000107: column "full_name" does not exist
LINE 3:                     WHERE full_name = '' AND state = 'Texas'...
                                  ^

2026-01-08 02:20:52,396 [ERROR] Failed to ingest member O000069: column "full_name" does not exist
LINE 3:                     WHERE full_name = '' AND state = 'Virgin...
                                  ^

2026-01-08 02:20:53,295 [ERROR] Failed to ingest member O000007: column "full_name" does not exist
LINE 3:                     WHERE full_name = '' AND state = 'Wiscon...
                                  ^

2026-01-08 02:20:54,150 [ERROR] Failed to ingest member O000006: column "full_name" does not exist
LINE 3:                     WHERE full_name = '' AND state = 'Minnes...
                                  ^

2026-01-08 02:20:55,153 [ERROR] Failed to ingest member O000098: column "full_name" does not exist
LINE 3:                     WHERE full_name = '' AND state = 'Massac...
                                  ^

2026-01-08 02:20:56,089 [ERROR] Failed to ingest member O000055: column "full_name" does not exist
LINE 3:                     WHERE full_name = '' AND state = 'Michig...
                                  ^

2026-01-08 02:20:56,994 [ERROR] Failed to ingest member O000010: column "full_name" does not exist
LINE 3:                     WHERE full_name = '' AND state = 'Illino...
                                  ^

2026-01-08 02:20:58,004 [ERROR] Failed to ingest member N000172: column "full_name" does not exist
LINE 3:                     WHERE full_name = '' AND state = 'Iowa' ...
                                  ^

2026-01-08 02:20:59,089 [ERROR] Failed to ingest member N000159: column "full_name" does not exist
LINE 3:                     WHERE full_name = '' AND state = 'Georgi...
                                  ^

2026-01-08 02:21:00,061 [ERROR] Failed to ingest member I000055: column "full_name" does not exist
LINE 3:                     WHERE full_name = '' AND state = 'Georgi...
                                  ^

2026-01-08 02:21:00,914 [ERROR] Failed to ingest member D000595: column "full_name" does not exist
LINE 3:                     WHERE full_name = '' AND state = 'South ...
                                  ^

2026-01-08 02:21:01,868 [ERROR] Failed to ingest member C001038: column "full_name" does not exist
LINE 3:                     WHERE full_name = '' AND state = 'New Yo...
                                  ^

2026-01-08 02:21:02,825 [ERROR] Failed to ingest member H001029: column "full_name" does not exist
LINE 3:                     WHERE full_name = '' AND state = 'North ...
                                  ^

2026-01-08 02:21:03,766 [ERROR] Failed to ingest member W000791: column "full_name" does not exist
LINE 3:                     WHERE full_name = '' AND state = 'Oregon...
                                  ^

2026-01-08 02:21:04,700 [ERROR] Failed to ingest member U000038: column "full_name" does not exist
LINE 3:                     WHERE full_name = '' AND state = 'Colora...
                                  ^

2026-01-08 02:21:05,662 [ERROR] Failed to ingest member T000458: column "full_name" does not exist
LINE 3:                     WHERE full_name = '' AND state = 'Colora...
                                  ^

2026-01-08 02:21:06,619 [ERROR] Failed to ingest member S001149: column "full_name" does not exist
LINE 3:                     WHERE full_name = '' AND state = 'New Yo...
                                  ^

2026-01-08 02:21:07,557 [ERROR] Failed to ingest member S001146: column "full_name" does not exist
LINE 3:                     WHERE full_name = '' AND state = 'Pennsy...
                                  ^

2026-01-08 02:21:08,415 [ERROR] Failed to ingest member R000569: column "full_name" does not exist
LINE 3:                     WHERE full_name = '' AND state = 'New Yo...
                                  ^

2026-01-08 02:21:09,476 [ERROR] Failed to ingest member P000584: column "full_name" does not exist
LINE 3:                     WHERE full_name = '' AND state = 'Illino...
                                  ^

2026-01-08 02:21:10,504 [ERROR] Failed to ingest member O000164: column "full_name" does not exist
LINE 3:                     WHERE full_name = '' AND state = 'Califo...
                                  ^

2026-01-08 02:21:11,553 [ERROR] Failed to ingest member M001139: column "full_name" does not exist
LINE 3:                     WHERE full_name = '' AND state = 'Califo...
                                  ^

2026-01-08 02:21:12,483 [ERROR] Failed to ingest member K000357: column "full_name" does not exist
LINE 3:                     WHERE full_name = '' AND state = 'Califo...
                                  ^

2026-01-08 02:21:13,431 [ERROR] Failed to ingest member J000284: column "full_name" does not exist
LINE 3:                     WHERE full_name = '' AND state = 'Ohio' ...
                                  ^

2026-01-08 02:21:14,303 [ERROR] Failed to ingest member H001032: column "full_name" does not exist
LINE 3:                     WHERE full_name = '' AND state = 'New Je...
                                  ^

2026-01-08 02:21:15,356 [ERROR] Failed to ingest member H001031: column "full_name" does not exist
LINE 3:                     WHERE full_name = '' AND state = 'Pennsy...
                                  ^

2026-01-08 02:21:16,283 [ERROR] Failed to ingest member H001030: column "full_name" does not exist
LINE 3:                     WHERE full_name = '' AND state = 'Indian...
                                  ^

2026-01-08 02:21:17,247 [ERROR] Failed to ingest member B001232: column "full_name" does not exist
LINE 3:                     WHERE full_name = '' AND state = 'Illino...
                                  ^

2026-01-08 02:21:18,298 [ERROR] Failed to ingest member B001231: column "full_name" does not exist
LINE 3:                     WHERE full_name = '' AND state = 'Nevada...
                                  ^

2026-01-08 02:21:19,337 [ERROR] Failed to ingest member V000126: column "full_name" does not exist
LINE 3:                     WHERE full_name = '' AND state = 'Ohio' ...
                                  ^

2026-01-08 02:21:20,351 [ERROR] Failed to ingest member E000286: column "full_name" does not exist
LINE 3:                     WHERE full_name = '' AND state = 'North ...
                                  ^

2026-01-08 02:21:21,321 [ERROR] Failed to ingest member B001233: column "full_name" does not exist
LINE 3:                     WHERE full_name = '' AND state = 'Indian...
                                  ^

2026-01-08 02:21:22,244 [ERROR] Failed to ingest member F000442: column "full_name" does not exist
LINE 3:                     WHERE full_name = '' AND state = 'Illino...
                                  ^

2026-01-08 02:21:23,157 [ERROR] Failed to ingest member V000127: column "full_name" does not exist
LINE 3:                     WHERE full_name = '' AND state = 'Louisi...
                                  ^

2026-01-08 02:21:24,088 [ERROR] Failed to ingest member U000039: column "full_name" does not exist
LINE 3:                     WHERE full_name = '' AND state = 'New Me...
                                  ^

2026-01-08 02:21:25,015 [ERROR] Failed to ingest member T000459: column "full_name" does not exist
LINE 3:                     WHERE full_name = '' AND state = 'Nebras...
                                  ^

2026-01-08 02:21:25,979 [ERROR] Failed to ingest member S001147: column "full_name" does not exist
LINE 3:                     WHERE full_name = '' AND state = 'Missis...
                                  ^

2026-01-08 02:21:26,991 [ERROR] Failed to ingest member C001037: column "full_name" does not exist
LINE 3:                     WHERE full_name = '' AND state = 'Massac...
                                  ^

2026-01-08 02:21:27,920 [ERROR] Failed to ingest member F000441: column "full_name" does not exist
LINE 3:                     WHERE full_name = '' AND state = 'Kentuc...
                                  ^

2026-01-08 02:21:28,871 [ERROR] Failed to ingest member L000558: column "full_name" does not exist
LINE 3:                     WHERE full_name = '' AND state = 'Kentuc...
                                  ^

2026-01-08 02:21:29,785 [ERROR] Failed to ingest member M001140: column "full_name" does not exist
LINE 3:                     WHERE full_name = '' AND state = 'Kansas...
                                  ^

2026-01-08 02:21:30,750 [ERROR] Failed to ingest member R000570: column "full_name" does not exist
LINE 3:                     WHERE full_name = '' AND state = 'Wiscon...
                                  ^

2026-01-08 02:21:31,605 [ERROR] Failed to ingest member G000545: column "full_name" does not exist
LINE 3:                     WHERE full_name = '' AND state = 'Wiscon...
                                  ^

2026-01-08 02:21:32,562 [ERROR] Failed to ingest member B001229: column "full_name" does not exist
LINE 3:                     WHERE full_name = '' AND state = 'Washin...
                                  ^

2026-01-08 02:21:33,604 [ERROR] Failed to ingest member G000544: column "full_name" does not exist
LINE 3:                     WHERE full_name = '' AND state = 'Texas'...
                                  ^

2026-01-08 02:21:34,591 [ERROR] Failed to ingest member S001141: column "full_name" does not exist
LINE 3:                     WHERE full_name = '' AND state = 'Alabam...
                                  ^

2026-01-08 02:21:35,464 [ERROR] Failed to ingest member H001028: column "full_name" does not exist
LINE 3:                     WHERE full_name = '' AND state = 'Nebras...
                                  ^

2026-01-08 02:21:36,353 [ERROR] Failed to ingest member E000285: column "full_name" does not exist
LINE 3:                     WHERE full_name = '' AND state = 'Wyomin...
                                  ^

2026-01-08 02:21:37,236 [ERROR] Failed to ingest member C001034: column "full_name" does not exist
LINE 3:                     WHERE full_name = '' AND state = 'Georgi...
                                  ^

2026-01-08 02:21:38,173 [ERROR] Failed to ingest member W000789: column "full_name" does not exist
LINE 3:                     WHERE full_name = '' AND state = 'New Me...
                                  ^

2026-01-08 02:21:39,037 [ERROR] Failed to ingest member W000315: column "full_name" does not exist
LINE 3:                     WHERE full_name = '' AND state = 'Rhode ...
                                  ^

2026-01-08 02:21:39,921 [ERROR] Failed to ingest member T000424: column "full_name" does not exist
LINE 3:                     WHERE full_name = '' AND state = 'Texas'...
                                  ^

2026-01-08 02:21:40,876 [ERROR] Failed to ingest member T000266: column "full_name" does not exist
LINE 3:                     WHERE full_name = '' AND state = 'Massac...
                                  ^

2026-01-08 02:21:41,800 [ERROR] Failed to ingest member S001078: column "full_name" does not exist
LINE 3:                     WHERE full_name = '' AND state = 'New Ha...
                                  ^

2026-01-08 02:21:42,678 [ERROR] Failed to ingest member S000672: column "full_name" does not exist
LINE 3:                     WHERE full_name = '' AND state = 'Arkans...
                                  ^

2026-01-08 02:21:43,573 [ERROR] Failed to ingest member S000662: column "full_name" does not exist
LINE 3:                     WHERE full_name = '' AND state = 'Kansas...
                                  ^

2026-01-08 02:21:44,423 [ERROR] Failed to ingest member S000364: column "full_name" does not exist
LINE 3:                     WHERE full_name = '' AND state = 'Illino...
                                  ^

2026-01-08 02:21:45,427 [ERROR] Failed to ingest member S000112: column "full_name" does not exist
LINE 3:                     WHERE full_name = '' AND state = 'Colora...
                                  ^

2026-01-08 02:21:46,399 [ERROR] Failed to ingest member S000044: column "full_name" does not exist
LINE 3:                     WHERE full_name = '' AND state = 'Texas'...
                                  ^

2026-01-08 02:21:47,363 [ERROR] Failed to ingest member S000030: column "full_name" does not exist
LINE 3:                     WHERE full_name = '' AND state = 'Califo...
                                  ^

2026-01-08 02:21:48,221 [ERROR] Failed to ingest member R000566: column "full_name" does not exist
LINE 3:                     WHERE full_name = '' AND state = 'Kansas...
                                  ^

2026-01-08 02:21:49,063 [ERROR] Failed to ingest member R000462: column "full_name" does not exist
LINE 3:                     WHERE full_name = '' AND state = 'New Je...
                                  ^

2026-01-08 02:21:49,992 [ERROR] Failed to ingest member R000386: column "full_name" does not exist
LINE 3:                     WHERE full_name = '' AND state = 'Califo...
                                  ^

2026-01-08 02:21:50,887 [ERROR] Failed to ingest member R000568: column "full_name" does not exist
LINE 3:                     WHERE full_name = '' AND state = 'Texas'...
                                  ^

2026-01-08 02:21:51,805 [ERROR] Failed to ingest member R000258: column "full_name" does not exist
LINE 3:                     WHERE full_name = '' AND state = 'Alabam...
                                  ^

2026-01-08 02:21:52,690 [ERROR] Failed to ingest member R000170: column "full_name" does not exist
LINE 3:                     WHERE full_name = '' AND state = 'Texas'...
                                  ^

2026-01-08 02:21:53,547 [ERROR] Failed to ingest member R000567: column "full_name" does not exist
LINE 3:                     WHERE full_name = '' AND state = 'New Me...
                                  ^

2026-01-08 02:21:54,454 [ERROR] Failed to ingest member P000373: column "full_name" does not exist
LINE 3:                     WHERE full_name = '' AND state = 'Pennsy...
                                  ^

2026-01-08 02:21:55,422 [ERROR] Failed to ingest member P000323: column "full_name" does not exist
LINE 3:                     WHERE full_name = '' AND state = 'Missis...
                                  ^

2026-01-08 02:21:56,324 [ERROR] Failed to ingest member P000263: column "full_name" does not exist
LINE 3:                     WHERE full_name = '' AND state = 'Pennsy...
                                  ^

2026-01-08 02:21:57,214 [ERROR] Failed to ingest member P000171: column "full_name" does not exist
LINE 3:                     WHERE full_name = '' AND state = 'Indian...
                                  ^

2026-01-08 02:21:58,087 [ERROR] Failed to ingest member P000049: column "full_name" does not exist
LINE 3:                     WHERE full_name = '' AND state = 'New Je...
                                  ^

2026-01-08 02:21:58,958 [ERROR] Failed to ingest member N000143: column "full_name" does not exist
LINE 3:                     WHERE full_name = '' AND state = 'Kentuc...
                                  ^

2026-01-08 02:21:59,870 [ERROR] Failed to ingest member M000485: column "full_name" does not exist
LINE 3:                     WHERE full_name = '' AND state = 'North ...
                                  ^

2026-01-08 02:22:00,833 [ERROR] Failed to ingest member M000090: column "full_name" does not exist
LINE 3:                     WHERE full_name = '' AND state = 'Connec...
                                  ^

2026-01-08 02:22:01,763 [ERROR] Failed to ingest member L000043: column "full_name" does not exist
LINE 3:                     WHERE full_name = '' AND state = 'Texas'...
                                  ^

2026-01-08 02:22:02,618 [ERROR] Failed to ingest member K000336: column "full_name" does not exist
LINE 3:                     WHERE full_name = '' AND state = 'Ohio' ...
                                  ^

2026-01-08 02:22:03,536 [ERROR] Failed to ingest member J000149: column "full_name" does not exist
LINE 3:                     WHERE full_name = '' AND state = 'Wiscon...
                                  ^

2026-01-08 02:22:04,483 [ERROR] Failed to ingest member J000110: column "full_name" does not exist
LINE 3:                     WHERE full_name = '' AND state = 'Louisi...
                                  ^

2026-01-08 02:22:05,350 [ERROR] Failed to ingest member J000082: column "full_name" does not exist
LINE 3:                     WHERE full_name = '' AND state = 'Tennes...
                                  ^

2026-01-08 02:22:06,181 [ERROR] Failed to ingest member H001014: column "full_name" does not exist
LINE 3:                     WHERE full_name = '' AND state = 'Arkans...
                                  ^

2026-01-08 02:22:07,041 [ERROR] Failed to ingest member H000948: column "full_name" does not exist
LINE 3:                     WHERE full_name = '' AND state = 'Missou...
                                  ^

2026-01-08 02:22:08,016 [ERROR] Failed to ingest member H000762: column "full_name" does not exist
LINE 3:                     WHERE full_name = '' AND state = 'Oregon...
                                  ^

2026-01-08 02:22:09,020 [ERROR] Failed to ingest member H000636: column "full_name" does not exist
LINE 3:                     WHERE full_name = '' AND state = 'Texas'...
                                  ^

2026-01-08 02:22:09,971 [ERROR] Failed to ingest member H000605: column "full_name" does not exist
LINE 3:                     WHERE full_name = '' AND state = 'Montan...
                                  ^

2026-01-08 02:22:10,794 [ERROR] Failed to ingest member G000280: column "full_name" does not exist
LINE 3:                     WHERE full_name = '' AND state = 'Virgin...
                                  ^

2026-01-08 02:22:11,707 [ERROR] Failed to ingest member G000152: column "full_name" does not exist
LINE 3:                     WHERE full_name = '' AND state = 'Nevada...
                                  ^

2026-01-08 02:22:12,585 [ERROR] Failed to ingest member F000440: column "full_name" does not exist
LINE 3:                     WHERE full_name = '' AND state = 'New Yo...
                                  ^

2026-01-08 02:22:13,494 [ERROR] Failed to ingest member F000262: column "full_name" does not exist
LINE 3:                     WHERE full_name = '' AND state = 'Tennes...
                                  ^

2026-01-08 02:22:14,356 [ERROR] Failed to ingest member E000226: column "full_name" does not exist
LINE 3:                     WHERE full_name = '' AND state = 'North ...
                                  ^

2026-01-08 02:22:15,261 [ERROR] Failed to ingest member E000172: column "full_name" does not exist
LINE 3:                     WHERE full_name = '' AND state = 'Missou...
                                  ^

2026-01-08 02:22:16,163 [ERROR] Failed to ingest member D000114: column "full_name" does not exist
LINE 3:                     WHERE full_name = '' AND state = 'Florid...
                                  ^

2026-01-08 02:22:17,118 [ERROR] Failed to ingest member C000735: column "full_name" does not exist
LINE 3:                     WHERE full_name = '' AND state = 'Louisi...
                                  ^

2026-01-08 02:22:18,029 [ERROR] Failed to ingest member C000722: column "full_name" does not exist
LINE 3:                     WHERE full_name = '' AND state = 'Utah' ...
                                  ^

2026-01-08 02:22:18,946 [ERROR] Failed to ingest member C000380: column "full_name" does not exist
LINE 3:                     WHERE full_name = '' AND state = 'Virgin...
                                  ^

2026-01-08 02:22:19,857 [ERROR] Failed to ingest member C000134: column "full_name" does not exist
LINE 3:                     WHERE full_name = '' AND state = 'Califo...
                                  ^

2026-01-08 02:22:20,755 [ERROR] Failed to ingest member C001036: column "full_name" does not exist
LINE 3:                     WHERE full_name = '' AND state = 'Califo...
                                  ^

2026-01-08 02:22:21,684 [ERROR] Failed to ingest member B001227: column "full_name" does not exist
LINE 3:                     WHERE full_name = '' AND state = 'Pennsy...
                                  ^

2026-01-08 02:22:22,548 [ERROR] Failed to ingest member B000716: column "full_name" does not exist
LINE 3:                     WHERE full_name = '' AND state = 'Florid...
                                  ^

2026-01-08 02:22:23,535 [ERROR] Failed to ingest member B000652: column "full_name" does not exist
LINE 3:                     WHERE full_name = '' AND state = 'Iowa' ...
                                  ^

2026-01-08 02:22:24,518 [ERROR] Failed to ingest member B001228: column "full_name" does not exist
LINE 3:                     WHERE full_name = '' AND state = 'Califo...
                                  ^

2026-01-08 02:22:25,445 [ERROR] Failed to ingest member B000518: column "full_name" does not exist
LINE 3:                     WHERE full_name = '' AND state = 'Illino...
                                  ^

2026-01-08 02:22:26,315 [ERROR] Failed to ingest member A000357: column "full_name" does not exist
LINE 3:                     WHERE full_name = '' AND state = 'Maine'...
                                  ^

2026-01-08 02:22:27,188 [ERROR] Failed to ingest member Z000013: column "full_name" does not exist
LINE 3:                     WHERE full_name = '' AND state = 'Nebras...
                                  ^

2026-01-08 02:22:28,124 [ERROR] Failed to ingest member Y000047: column "full_name" does not exist
LINE 3:                     WHERE full_name = '' AND state = 'North ...
                                  ^

2026-01-08 02:22:29,016 [ERROR] Failed to ingest member W000665: column "full_name" does not exist
LINE 3:                     WHERE full_name = '' AND state = 'Pennsy...
                                  ^

2026-01-08 02:22:29,951 [ERROR] Failed to ingest member W000607: column "full_name" does not exist
LINE 3:                     WHERE full_name = '' AND state = 'Califo...
                                  ^

2026-01-08 02:22:30,854 [ERROR] Failed to ingest member W000502: column "full_name" does not exist
LINE 3:                     WHERE full_name = '' AND state = 'New Je...
                                  ^

2026-01-08 02:22:31,793 [ERROR] Failed to ingest member W000288: column "full_name" does not exist
LINE 3:                     WHERE full_name = '' AND state = 'Minnes...
                                  ^

2026-01-08 02:22:32,722 [ERROR] Failed to ingest member W000092: column "full_name" does not exist
LINE 3:                     WHERE full_name = '' AND state = 'Wyomin...
                                  ^

2026-01-08 02:22:33,570 [ERROR] Failed to ingest member T000410: column "full_name" does not exist
LINE 3:                     WHERE full_name = '' AND state = 'Califo...
                                  ^

2026-01-08 02:22:34,461 [ERROR] Failed to ingest member T000322: column "full_name" does not exist
LINE 3:                     WHERE full_name = '' AND state = 'Texas'...
                                  ^

2026-01-08 02:22:35,328 [ERROR] Failed to ingest member T000457: column "full_name" does not exist
LINE 3:                     WHERE full_name = '' AND state = 'Tennes...
                                  ^

2026-01-08 02:22:36,231 [ERROR] Failed to ingest member B000401: column "full_name" does not exist
LINE 3:                     WHERE full_name = '' AND state = 'Texas'...
                                  ^

2026-01-08 02:22:37,092 [ERROR] Failed to ingest member B000384: column "full_name" does not exist
LINE 3:                     WHERE full_name = '' AND state = 'Utah' ...
                                  ^

2026-01-08 02:22:37,982 [ERROR] Failed to ingest member B000382: column "full_name" does not exist
LINE 3:                     WHERE full_name = '' AND state = 'Utah' ...
                                  ^

2026-01-08 02:22:38,957 [ERROR] Failed to ingest member B000351: column "full_name" does not exist
LINE 3:                     WHERE full_name = '' AND state = 'Oklaho...
                                  ^

2026-01-08 02:22:39,835 [ERROR] Failed to ingest member B000272: column "full_name" does not exist
LINE 3:                     WHERE full_name = '' AND state = 'Maryla...
                                  ^

2026-01-08 02:22:40,734 [ERROR] Failed to ingest member B000254: column "full_name" does not exist
LINE 3:                     WHERE full_name = '' AND state = 'Indian...
                                  ^

2026-01-08 02:22:41,654 [ERROR] Failed to ingest member B000200: column "full_name" does not exist
LINE 3:                     WHERE full_name = '' AND state = 'Oklaho...
                                  ^

2026-01-08 02:22:42,530 [ERROR] Failed to ingest member B000063: column "full_name" does not exist
LINE 3:                     WHERE full_name = '' AND state = 'Tennes...
                                  ^

2026-01-08 02:22:43,460 [ERROR] Failed to ingest member A000356: column "full_name" does not exist
LINE 3:                     WHERE full_name = '' AND state = 'Missou...
                                  ^

2026-01-08 02:22:44,382 [ERROR] Failed to ingest member A000202: column "full_name" does not exist
LINE 3:                     WHERE full_name = '' AND state = 'Minnes...
                                  ^

2026-01-08 02:22:45,368 [ERROR] Failed to ingest member A000139: column "full_name" does not exist
LINE 3:                     WHERE full_name = '' AND state = 'Alabam...
                                  ^

2026-01-08 02:22:46,317 [ERROR] Failed to ingest member A000127: column "full_name" does not exist
LINE 3:                     WHERE full_name = '' AND state = 'Alabam...
                                  ^

2026-01-08 02:22:47,189 [ERROR] Failed to ingest member A000062: column "full_name" does not exist
LINE 3:                     WHERE full_name = '' AND state = 'Vermon...
                                  ^

2026-01-08 02:22:48,060 [ERROR] Failed to ingest member A000355: column "full_name" does not exist
LINE 3:                     WHERE full_name = '' AND state = 'Michig...
                                  ^

2026-01-08 02:22:49,114 [ERROR] Failed to ingest member Z000016: column "full_name" does not exist
LINE 3:                     WHERE full_name = '' AND state = 'Minnes...
                                  ^

2026-01-08 02:22:50,106 [ERROR] Failed to ingest member Z000014: column "full_name" does not exist
LINE 3:                     WHERE full_name = '' AND state = 'Califo...
                                  ^

2026-01-08 02:22:50,974 [ERROR] Failed to ingest member Z000010: column "full_name" does not exist
LINE 3:                     WHERE full_name = '' AND state = 'Indian...
                                  ^

2026-01-08 02:22:51,817 [ERROR] Failed to ingest member Z000004: column "full_name" does not exist
LINE 3:                     WHERE full_name = '' AND state = 'New Ha...
                                  ^

2026-01-08 02:22:52,788 [ERROR] Failed to ingest member Z000002: column "full_name" does not exist
LINE 3:                     WHERE full_name = '' AND state = 'New Yo...
                                  ^

2026-01-08 02:22:53,729 [ERROR] Failed to ingest member Z000001: column "full_name" does not exist
LINE 3:                     WHERE full_name = '' AND state = 'Wiscon...
                                  ^

2026-01-08 02:22:54,658 [ERROR] Failed to ingest member Y000052: column "full_name" does not exist
LINE 3:                     WHERE full_name = '' AND state = 'Illino...
                                  ^

2026-01-08 02:22:55,639 [ERROR] Failed to ingest member Y000051: column "full_name" does not exist
LINE 3:                     WHERE full_name = '' AND state = 'Missou...
                                  ^

2026-01-08 02:22:56,610 [ERROR] Failed to ingest member Y000043: column "full_name" does not exist
LINE 3:                     WHERE full_name = '' AND state = 'Texas'...
                                  ^

2026-01-08 02:22:57,429 [ERROR] Failed to ingest member Y000035: column "full_name" does not exist
LINE 3:                     WHERE full_name = '' AND state = 'South ...
                                  ^

2026-01-08 02:22:58,361 [ERROR] Failed to ingest member Y000031: column "full_name" does not exist
LINE 3:                     WHERE full_name = '' AND state = 'Florid...
                                  ^

2026-01-08 02:22:59,278 [ERROR] Failed to ingest member Y000028: column "full_name" does not exist
LINE 3:                     WHERE full_name = '' AND state = 'Georgi...
                                  ^

2026-01-08 02:23:00,305 [ERROR] Failed to ingest member Y000014: column "full_name" does not exist
LINE 3:                     WHERE full_name = '' AND state = 'Pennsy...
                                  ^

2026-01-08 02:23:01,298 [ERROR] Failed to ingest member Y000013: column "full_name" does not exist
LINE 3:                     WHERE full_name = '' AND state = 'Illino...
                                  ^

2026-01-08 02:23:02,175 [ERROR] Failed to ingest member W000784: column "full_name" does not exist
LINE 3:                     WHERE full_name = '' AND state = 'Maryla...
                                  ^

2026-01-08 02:23:03,061 [ERROR] Failed to ingest member W000782: column "full_name" does not exist
LINE 3:                     WHERE full_name = '' AND state = 'New Ha...
                                  ^

2026-01-08 02:23:03,968 [ERROR] Failed to ingest member W000781: column "full_name" does not exist
LINE 3:                     WHERE full_name = '' AND state = 'Ohio' ...
                                  ^

2026-01-08 02:23:04,833 [ERROR] Failed to ingest member W000780: column "full_name" does not exist
LINE 3:                     WHERE full_name = '' AND state = 'New Yo...
                                  ^

2026-01-08 02:23:05,783 [ERROR] Failed to ingest member W000778: column "full_name" does not exist
LINE 3:                     WHERE full_name = '' AND state = 'Oregon...
                                  ^

2026-01-08 02:23:06,687 [ERROR] Failed to ingest member W000777: column "full_name" does not exist
LINE 3:                     WHERE full_name = '' AND state = 'Texas'...
                                  ^

2026-01-08 02:23:07,533 [ERROR] Failed to ingest member W000763: column "full_name" does not exist
LINE 3:                     WHERE full_name = '' AND state = 'Texas'...
                                  ^

2026-01-08 02:23:08,375 [ERROR] Failed to ingest member W000752: column "full_name" does not exist
LINE 3:                     WHERE full_name = '' AND state = 'New Yo...
                                  ^

2026-01-08 02:23:09,256 [ERROR] Failed to ingest member W000738: column "full_name" does not exist
LINE 3:                     WHERE full_name = '' AND state = 'Califo...
                                  ^

2026-01-08 02:23:10,117 [ERROR] Failed to ingest member W000686: column "full_name" does not exist
LINE 3:                     WHERE full_name = '' AND state = 'Guam' ...
                                  ^

2026-01-08 02:23:10,963 [ERROR] Failed to ingest member W000682: column "full_name" does not exist
LINE 3:                     WHERE full_name = '' AND state = 'Michig...
                                  ^

2026-01-08 02:23:11,833 [ERROR] Failed to ingest member W000680: column "full_name" does not exist
LINE 3:                     WHERE full_name = '' AND state = 'New Yo...
                                  ^

2026-01-08 02:23:12,695 [ERROR] Failed to ingest member W000672: column "full_name" does not exist
LINE 3:                     WHERE full_name = '' AND state = 'Virgin...
                                  ^

2026-01-08 02:23:13,580 [ERROR] Failed to ingest member W000654: column "full_name" does not exist
LINE 3:                     WHERE full_name = '' AND state = 'West V...
                                  ^

2026-01-08 02:23:14,608 [ERROR] Failed to ingest member W000647: column "full_name" does not exist
LINE 3:                     WHERE full_name = '' AND state = 'Colora...
                                  ^

2026-01-08 02:23:15,489 [ERROR] Failed to ingest member W000636: column "full_name" does not exist
LINE 3:                     WHERE full_name = '' AND state = 'Kansas...
                                  ^

2026-01-08 02:23:16,380 [ERROR] Failed to ingest member W000610: column "full_name" does not exist
LINE 3:                     WHERE full_name = '' AND state = 'Califo...
                                  ^

2026-01-08 02:23:17,295 [ERROR] Failed to ingest member W000571: column "full_name" does not exist
LINE 3:                     WHERE full_name = '' AND state = 'Califo...
                                  ^

2026-01-08 02:23:18,180 [ERROR] Failed to ingest member W000570: column "full_name" does not exist
LINE 3:                     WHERE full_name = '' AND state = 'Texas'...
                                  ^

2026-01-08 02:23:19,060 [ERROR] Failed to ingest member W000528: column "full_name" does not exist
LINE 3:                     WHERE full_name = '' AND state = 'Ohio' ...
                                  ^

2026-01-08 02:23:19,962 [ERROR] Failed to ingest member W000525: column "full_name" does not exist
LINE 3:                     WHERE full_name = '' AND state = 'Pennsy...
                                  ^

2026-01-08 02:23:20,890 [ERROR] Failed to ingest member W000448: column "full_name" does not exist
LINE 3:                     WHERE full_name = '' AND state = 'Califo...
                                  ^

2026-01-08 02:23:21,889 [ERROR] Failed to ingest member W000445: column "full_name" does not exist
LINE 3:                     WHERE full_name = '' AND state = 'New Je...
                                  ^

2026-01-08 02:23:22,827 [ERROR] Failed to ingest member W000428: column "full_name" does not exist
LINE 3:                     WHERE full_name = '' AND state = 'Missis...
                                  ^

2026-01-08 02:23:23,753 [ERROR] Failed to ingest member W000426: column "full_name" does not exist
LINE 3:                     WHERE full_name = '' AND state = 'Kansas...
                                  ^

2026-01-08 02:23:24,651 [ERROR] Failed to ingest member W000419: column "full_name" does not exist
LINE 3:                     WHERE full_name = '' AND state = 'North ...
                                  ^

2026-01-08 02:23:25,585 [ERROR] Failed to ingest member W000413: column "full_name" does not exist
LINE 3:                     WHERE full_name = '' AND state = 'Kentuc...
                                  ^

2026-01-08 02:23:26,428 [ERROR] Failed to ingest member W000406: column "full_name" does not exist
LINE 3:                     WHERE full_name = '' AND state = 'Virgin...
                                  ^

2026-01-08 02:23:27,270 [ERROR] Failed to ingest member W000391: column "full_name" does not exist
LINE 3:                     WHERE full_name = '' AND state = 'Washin...
                                  ^

2026-01-08 02:23:28,185 [ERROR] Failed to ingest member W000390: column "full_name" does not exist
LINE 3:                     WHERE full_name = '' AND state = 'Texas'...
                                  ^

2026-01-08 02:23:29,041 [ERROR] Failed to ingest member W000326: column "full_name" does not exist
LINE 3:                     WHERE full_name = '' AND state = 'Missou...
                                  ^

2026-01-08 02:23:29,898 [ERROR] Failed to ingest member W000317: column "full_name" does not exist
LINE 3:                     WHERE full_name = '' AND state = 'Ohio' ...
                                  ^

2026-01-08 02:23:30,754 [ERROR] Failed to ingest member W000273: column "full_name" does not exist
LINE 3:                     WHERE full_name = '' AND state = 'Illino...
                                  ^

2026-01-08 02:23:31,596 [ERROR] Failed to ingest member W000267: column "full_name" does not exist
LINE 3:                     WHERE full_name = '' AND state = 'Florid...
                                  ^

2026-01-08 02:23:32,453 [ERROR] Failed to ingest member W000268: column "full_name" does not exist
LINE 3:                     WHERE full_name = '' AND state = 'Pennsy...
                                  ^

2026-01-08 02:23:33,404 [ERROR] Failed to ingest member W000258: column "full_name" does not exist
LINE 3:                     WHERE full_name = '' AND state = 'New Yo...
                                  ^

2026-01-08 02:23:34,293 [ERROR] Failed to ingest member W000237: column "full_name" does not exist
LINE 3:                     WHERE full_name = '' AND state = 'Minnes...
                                  ^

2026-01-08 02:23:35,158 [ERROR] Failed to ingest member W000227: column "full_name" does not exist
LINE 3:                     WHERE full_name = '' AND state = 'Oregon...
                                  ^

2026-01-08 02:23:36,039 [ERROR] Failed to ingest member W000215: column "full_name" does not exist
LINE 3:                     WHERE full_name = '' AND state = 'Califo...
                                  ^

2026-01-08 02:23:36,923 [ERROR] Failed to ingest member W000210: column "full_name" does not exist
LINE 3:                     WHERE full_name = '' AND state = 'Oklaho...
                                  ^

2026-01-08 02:23:37,765 [ERROR] Failed to ingest member W000207: column "full_name" does not exist
LINE 3:                     WHERE full_name = '' AND state = 'North ...
                                  ^

2026-01-08 02:23:38,615 [ERROR] Failed to ingest member W000180: column "full_name" does not exist
LINE 3:                     WHERE full_name = '' AND state = 'Illino...
                                  ^

2026-01-08 02:23:39,503 [ERROR] Failed to ingest member W000177: column "full_name" does not exist
LINE 3:                     WHERE full_name = '' AND state = 'Texas'...
                                  ^

2026-01-08 02:23:40,352 [ERROR] Failed to ingest member W000147: column "full_name" does not exist
LINE 3:                     WHERE full_name = '' AND state = 'Pennsy...
                                  ^

2026-01-08 02:23:41,222 [ERROR] Failed to ingest member W000139: column "full_name" does not exist
LINE 3:                     WHERE full_name = '' AND state = 'Kentuc...
                                  ^

2026-01-08 02:23:42,129 [ERROR] Failed to ingest member W000121: column "full_name" does not exist
LINE 3:                     WHERE full_name = '' AND state = 'Virgin...
                                  ^

2026-01-08 02:23:43,034 [ERROR] Failed to ingest member W000119: column "full_name" does not exist
LINE 3:                     WHERE full_name = '' AND state = 'Tennes...
                                  ^

2026-01-08 02:23:43,941 [ERROR] Failed to ingest member W000107: column "full_name" does not exist
LINE 3:                     WHERE full_name = '' AND state = 'New Yo...
                                  ^

2026-01-08 02:23:44,828 [ERROR] Failed to ingest member W000099: column "full_name" does not exist
LINE 3:                     WHERE full_name = '' AND state = 'New Yo...
                                  ^

2026-01-08 02:23:45,720 [ERROR] Failed to ingest member W000068: column "full_name" does not exist
LINE 3:                     WHERE full_name = '' AND state = 'Pennsy...
                                  ^

2026-01-08 02:23:47,109 [ERROR] Failed to ingest member W000044: column "full_name" does not exist
LINE 3:                     WHERE full_name = '' AND state = 'Pennsy...
                                  ^

2026-01-08 02:23:47,978 [ERROR] Failed to ingest member W000035: column "full_name" does not exist
LINE 3:                     WHERE full_name = '' AND state = 'Califo...
                                  ^

2026-01-08 02:23:48,798 [ERROR] Failed to ingest member G000408: column "full_name" does not exist
LINE 3:                     WHERE full_name = '' AND state = 'Utah' ...
                                  ^

2026-01-08 02:23:49,720 [ERROR] Failed to ingest member W000018: column "full_name" does not exist
LINE 3:                     WHERE full_name = '' AND state = 'Louisi...
                                  ^

2026-01-08 02:23:50,567 [ERROR] Failed to ingest member V000124: column "full_name" does not exist
LINE 3:                     WHERE full_name = '' AND state = 'Nevada...
                                  ^

2026-01-08 02:23:51,412 [ERROR] Failed to ingest member V000112: column "full_name" does not exist
LINE 3:                     WHERE full_name = '' AND state = 'Missou...
                                  ^

2026-01-08 02:23:52,290 [ERROR] Failed to ingest member V000108: column "full_name" does not exist
LINE 3:                     WHERE full_name = '' AND state = 'Indian...
                                  ^

2026-01-08 02:23:53,170 [ERROR] Failed to ingest member V000098: column "full_name" does not exist
LINE 3:                     WHERE full_name = '' AND state = 'Pennsy...
                                  ^

2026-01-08 02:23:54,043 [ERROR] Failed to ingest member V000093: column "full_name" does not exist
LINE 3:                     WHERE full_name = '' AND state = 'Califo...
                                  ^

2026-01-08 02:23:54,974 [ERROR] Failed to ingest member V000047: column "full_name" does not exist
LINE 3:                     WHERE full_name = '' AND state = 'Ohio' ...
                                  ^

2026-01-08 02:23:55,901 [ERROR] Failed to ingest member V000026: column "full_name" does not exist
LINE 3:                     WHERE full_name = '' AND state = 'Texas'...
                                  ^

2026-01-08 02:23:56,815 [ERROR] Failed to ingest member V000029: column "full_name" does not exist
LINE 3:                     WHERE full_name = '' AND state = 'Michig...
                                  ^

2026-01-08 02:23:57,647 [ERROR] Failed to ingest member V000027: column "full_name" does not exist
LINE 3:                     WHERE full_name = '' AND state = 'Michig...
                                  ^

2026-01-08 02:23:58,501 [ERROR] Failed to ingest member V000024: column "full_name" does not exist
LINE 3:                     WHERE full_name = '' AND state = 'Califo...
                                  ^

2026-01-08 02:23:59,352 [ERROR] Failed to ingest member V000006: column "full_name" does not exist
LINE 3:                     WHERE full_name = '' AND state = 'North ...
                                  ^

2026-01-08 02:24:00,255 [ERROR] Failed to ingest member U000017: column "full_name" does not exist
LINE 3:                     WHERE full_name = '' AND state = 'Washin...
                                  ^

2026-01-08 02:24:01,182 [ERROR] Failed to ingest member U000014: column "full_name" does not exist
LINE 3:                     WHERE full_name = '' AND state = 'Guam' ...
                                  ^

2026-01-08 02:24:02,033 [ERROR] Failed to ingest member U000004: column "full_name" does not exist
LINE 3:                     WHERE full_name = '' AND state = 'Oregon...
                                  ^

2026-01-08 02:24:02,914 [ERROR] Failed to ingest member U000001: column "full_name" does not exist
LINE 3:                     WHERE full_name = '' AND state = 'Arizon...
                                  ^

2026-01-08 02:24:03,731 [ERROR] Failed to ingest member T000405: column "full_name" does not exist
LINE 3:                     WHERE full_name = '' AND state = 'Califo...
                                  ^

2026-01-08 02:24:04,615 [ERROR] Failed to ingest member T000393: column "full_name" does not exist
LINE 3:                     WHERE full_name = '' AND state = 'Massac...
                                  ^

2026-01-08 02:24:05,490 [ERROR] Failed to ingest member T000367: column "full_name" does not exist
LINE 3:                     WHERE full_name = '' AND state = 'Virgin...
                                  ^

2026-01-08 02:24:06,345 [ERROR] Failed to ingest member T000362: column "full_name" does not exist
LINE 3:                     WHERE full_name = '' AND state = 'Louisi...
                                  ^

2026-01-08 02:24:07,158 [ERROR] Failed to ingest member T000356: column "full_name" does not exist
LINE 3:                     WHERE full_name = '' AND state = 'Michig...
                                  ^

2026-01-08 02:24:07,964 [ERROR] Failed to ingest member T000350: column "full_name" does not exist
LINE 3:                     WHERE full_name = '' AND state = 'Ohio' ...
                                  ^

2026-01-08 02:24:08,832 [ERROR] Failed to ingest member T000326: column "full_name" does not exist
LINE 3:                     WHERE full_name = '' AND state = 'New Yo...
                                  ^

2026-01-08 02:24:09,700 [ERROR] Failed to ingest member T000321: column "full_name" does not exist
LINE 3:                     WHERE full_name = '' AND state = 'Nevada...
                                  ^

2026-01-08 02:24:10,644 [ERROR] Failed to ingest member T000317: column "full_name" does not exist
LINE 3:                     WHERE full_name = '' AND state = 'New Je...
                                  ^

2026-01-08 02:24:11,510 [ERROR] Failed to ingest member T000316: column "full_name" does not exist
LINE 3:                     WHERE full_name = '' AND state = 'Califo...
                                  ^

2026-01-08 02:24:12,331 [ERROR] Failed to ingest member T000314: column "full_name" does not exist
LINE 3:                     WHERE full_name = '' AND state = 'Massac...
                                  ^

2026-01-08 02:24:13,204 [ERROR] Failed to ingest member T000310: column "full_name" does not exist
LINE 3:                     WHERE full_name = '' AND state = 'Louisi...
                                  ^

2026-01-08 02:24:14,123 [ERROR] Failed to ingest member T000265: column "full_name" does not exist
LINE 3:                     WHERE full_name = '' AND state = 'Rhode ...
                                  ^

2026-01-08 02:24:14,991 [ERROR] Failed to ingest member T000260: column "full_name" does not exist
LINE 3:                     WHERE full_name = '' AND state = 'Kansas...
                                  ^

2026-01-08 02:24:15,861 [ERROR] Failed to ingest member T000253: column "full_name" does not exist
LINE 3:                     WHERE full_name = '' AND state = 'Florid...
                                  ^

2026-01-08 02:24:16,689 [ERROR] Failed to ingest member T000243: column "full_name" does not exist
LINE 3:                     WHERE full_name = '' AND state = 'Arkans...
                                  ^

2026-01-08 02:24:17,577 [ERROR] Failed to ingest member T000238: column "full_name" does not exist
LINE 3:                     WHERE full_name = '' AND state = 'Texas'...
                                  ^

2026-01-08 02:24:18,438 [ERROR] Failed to ingest member T000234: column "full_name" does not exist
LINE 3:                     WHERE full_name = '' AND state = 'Nebras...
                                  ^

2026-01-08 02:24:19,315 [ERROR] Failed to ingest member T000233: column "full_name" does not exist
LINE 3:                     WHERE full_name = '' AND state = 'Wiscon...
                                  ^

2026-01-08 02:24:20,295 [ERROR] Failed to ingest member T000200: column "full_name" does not exist
LINE 3:                     WHERE full_name = '' AND state = 'New Je...
                                  ^

2026-01-08 02:24:21,158 [ERROR] Failed to ingest member T000184: column "full_name" does not exist
LINE 3:                     WHERE full_name = '' AND state = 'Georgi...
                                  ^

2026-01-08 02:24:22,026 [ERROR] Failed to ingest member T000162: column "full_name" does not exist
LINE 3:                     WHERE full_name = '' AND state = 'Wyomin...
                                  ^

2026-01-08 02:24:22,897 [ERROR] Failed to ingest member T000188: column "full_name" does not exist
LINE 3:                     WHERE full_name = '' AND state = 'Califo...
                                  ^

2026-01-08 02:24:23,744 [ERROR] Failed to ingest member T000113: column "full_name" does not exist
LINE 3:                     WHERE full_name = '' AND state = 'Texas'...
                                  ^

2026-01-08 02:24:24,613 [ERROR] Failed to ingest member T000110: column "full_name" does not exist
LINE 3:                     WHERE full_name = '' AND state = 'Texas'...
                                  ^

2026-01-08 02:24:25,512 [ERROR] Failed to ingest member T000109: column "full_name" does not exist
LINE 3:                     WHERE full_name = '' AND state = 'Califo...
                                  ^

2026-01-08 02:24:26,379 [ERROR] Failed to ingest member T000099: column "full_name" does not exist
LINE 3:                     WHERE full_name = '' AND state = 'North ...
                                  ^

2026-01-08 02:24:27,342 [ERROR] Failed to ingest member T000075: column "full_name" does not exist
LINE 3:                     WHERE full_name = '' AND state = 'Missou...
                                  ^

2026-01-08 02:24:28,233 [ERROR] Failed to ingest member T000074: column "full_name" does not exist
LINE 3:                     WHERE full_name = '' AND state = 'Missis...
                                  ^

2026-01-08 02:24:29,048 [ERROR] Failed to ingest member T000067: column "full_name" does not exist
LINE 3:                     WHERE full_name = '' AND state = 'North ...
                                  ^

2026-01-08 02:24:29,898 [ERROR] Failed to ingest member T000058: column "full_name" does not exist
LINE 3:                     WHERE full_name = '' AND state = 'Louisi...
                                  ^

2026-01-08 02:24:30,777 [ERROR] Failed to ingest member T000053: column "full_name" does not exist
LINE 3:                     WHERE full_name = '' AND state = 'Iowa' ...
                                  ^

2026-01-08 02:24:31,694 [ERROR] Failed to ingest member T000048: column "full_name" does not exist
LINE 3:                     WHERE full_name = '' AND state = 'Washin...
                                  ^

2026-01-08 02:24:32,556 [ERROR] Failed to ingest member T000038: column "full_name" does not exist
LINE 3:                     WHERE full_name = '' AND state = 'Tennes...
                                  ^

2026-01-08 02:24:33,446 [ERROR] Failed to ingest member T000034: column "full_name" does not exist
LINE 3:                     WHERE full_name = '' AND state = 'South ...
                                  ^

2026-01-08 02:24:34,297 [ERROR] Failed to ingest member T000024: column "full_name" does not exist
LINE 3:                     WHERE full_name = '' AND state = 'Missou...
                                  ^

2026-01-08 02:24:35,112 [ERROR] Failed to ingest member T000022: column "full_name" does not exist
LINE 3:                     WHERE full_name = '' AND state = 'Califo...
                                  ^

2026-01-08 02:24:35,991 [ERROR] Failed to ingest member S001139: column "full_name" does not exist
LINE 3:                     WHERE full_name = '' AND state = 'Oklaho...
                                  ^

2026-01-08 02:24:36,854 [ERROR] Failed to ingest member S001134: column "full_name" does not exist
LINE 3:                     WHERE full_name = '' AND state = 'Missou...
                                  ^

2026-01-08 02:24:37,820 [ERROR] Failed to ingest member S001122: column "full_name" does not exist
LINE 3:                     WHERE full_name = '' AND state = 'Georgi...
                                  ^

2026-01-08 02:24:38,669 [ERROR] Failed to ingest member S001115: column "full_name" does not exist
LINE 3:                     WHERE full_name = '' AND state = 'Washin...
                                  ^

2026-01-08 02:24:39,536 [ERROR] Failed to ingest member S001113: column "full_name" does not exist
LINE 3:                     WHERE full_name = '' AND state = 'New Ha...
                                  ^

2026-01-08 02:24:40,374 [ERROR] Failed to ingest member S001077: column "full_name" does not exist
LINE 3:                     WHERE full_name = '' AND state = 'Americ...
                                  ^

2026-01-08 02:24:41,232 [ERROR] Failed to ingest member S001057: column "full_name" does not exist
LINE 3:                     WHERE full_name = '' AND state = 'Missou...
                                  ^

2026-01-08 02:24:42,148 [ERROR] Failed to ingest member S001045: column "full_name" does not exist
LINE 3:                     WHERE full_name = '' AND state = 'Michig...
                                  ^

2026-01-08 02:24:43,045 [ERROR] Failed to ingest member S001044: column "full_name" does not exist
LINE 3:                     WHERE full_name = '' AND state = 'Arizon...
                                  ^

2026-01-08 02:24:43,959 [ERROR] Failed to ingest member S001040: column "full_name" does not exist
LINE 3:                     WHERE full_name = '' AND state = 'Massac...
                                  ^

2026-01-08 02:24:44,812 [ERROR] Failed to ingest member S001039: column "full_name" does not exist
LINE 3:                     WHERE full_name = '' AND state = 'Georgi...
                                  ^

2026-01-08 02:24:45,696 [ERROR] Failed to ingest member S001037: column "full_name" does not exist
LINE 3:                     WHERE full_name = '' AND state = 'Kentuc...
                                  ^

2026-01-08 02:24:46,575 [ERROR] Failed to ingest member S001004: column "full_name" does not exist
LINE 3:                     WHERE full_name = '' AND state = 'Ohio' ...
                                  ^

2026-01-08 02:24:47,397 [ERROR] Failed to ingest member S000997: column "full_name" does not exist
LINE 3:                     WHERE full_name = '' AND state = 'New Yo...
                                  ^

2026-01-08 02:24:48,232 [ERROR] Failed to ingest member S000991: column "full_name" does not exist
LINE 3:                     WHERE full_name = '' AND state = 'Colora...
                                  ^

2026-01-08 02:24:49,128 [ERROR] Failed to ingest member S000948: column "full_name" does not exist
LINE 3:                     WHERE full_name = '' AND state = 'Ohio' ...
                                  ^

2026-01-08 02:24:50,052 [ERROR] Failed to ingest member S000937: column "full_name" does not exist
LINE 3:                     WHERE full_name = '' AND state = 'Texas'...
                                  ^

2026-01-08 02:24:50,935 [ERROR] Failed to ingest member S000935: column "full_name" does not exist
LINE 3:                     WHERE full_name = '' AND state = 'Michig...
                                  ^

2026-01-08 02:24:51,763 [ERROR] Failed to ingest member S000902: column "full_name" does not exist
LINE 3:                     WHERE full_name = '' AND state = 'Illino...
                                  ^

2026-01-08 02:24:52,674 [ERROR] Failed to ingest member S000860: column "full_name" does not exist
LINE 3:                     WHERE full_name = '' AND state = 'Georgi...
                                  ^

2026-01-08 02:24:53,505 [ERROR] Failed to ingest member S000846: column "full_name" does not exist
LINE 3:                     WHERE full_name = '' AND state = 'Arizon...
                                  ^

2026-01-08 02:24:54,378 [ERROR] Failed to ingest member S000844: column "full_name" does not exist
LINE 3:                     WHERE full_name = '' AND state = 'Maryla...
                                  ^

2026-01-08 02:24:55,413 [ERROR] Failed to ingest member S000841: column "full_name" does not exist
LINE 3:                     WHERE full_name = '' AND state = 'Texas'...
                                  ^

2026-01-08 02:24:56,290 [ERROR] Failed to ingest member S000836: column "full_name" does not exist
LINE 3:                     WHERE full_name = '' AND state = 'Connec...
                                  ^

2026-01-08 02:24:57,192 [ERROR] Failed to ingest member S000829: column "full_name" does not exist
LINE 3:                     WHERE full_name = '' AND state = 'Oklaho...
                                  ^

2026-01-08 02:24:58,043 [ERROR] Failed to ingest member S000822: column "full_name" does not exist
LINE 3:                     WHERE full_name = '' AND state = 'Florid...
                                  ^

2026-01-08 02:24:58,941 [ERROR] Failed to ingest member S000818: column "full_name" does not exist
LINE 3:                     WHERE full_name = '' AND state = 'West V...
                                  ^

2026-01-08 02:24:59,817 [ERROR] Failed to ingest member S000810: column "full_name" does not exist
LINE 3:                     WHERE full_name = '' AND state = 'Califo...
                                  ^

2026-01-08 02:25:00,642 [ERROR] Failed to ingest member S000803: column "full_name" does not exist
LINE 3:                     WHERE full_name = '' AND state = 'Ohio' ...
                                  ^

2026-01-08 02:25:01,541 [ERROR] Failed to ingest member S000804: column "full_name" does not exist
LINE 3:                     WHERE full_name = '' AND state = 'Ohio' ...
                                  ^

2026-01-08 02:25:02,401 [ERROR] Failed to ingest member S000795: column "full_name" does not exist
LINE 3:                     WHERE full_name = '' AND state = 'Minnes...
                                  ^

2026-01-08 02:25:03,233 [ERROR] Failed to ingest member S000778: column "full_name" does not exist
LINE 3:                     WHERE full_name = '' AND state = 'West V...
                                  ^

2026-01-08 02:25:04,099 [ERROR] Failed to ingest member S000779: column "full_name" does not exist
LINE 3:                     WHERE full_name = '' AND state = 'West V...
                                  ^

2026-01-08 02:25:04,953 [ERROR] Failed to ingest member S000772: column "full_name" does not exist
LINE 3:                     WHERE full_name = '' AND state = 'Florid...
                                  ^

2026-01-08 02:25:05,791 [ERROR] Failed to ingest member S000762: column "full_name" does not exist
LINE 3:                     WHERE full_name = '' AND state = 'Rhode ...
                                  ^

2026-01-08 02:25:06,615 [ERROR] Failed to ingest member S000718: column "full_name" does not exist
LINE 3:                     WHERE full_name = '' AND state = 'South ...
                                  ^

2026-01-08 02:25:07,488 [ERROR] Failed to ingest member S000716: column "full_name" does not exist
LINE 3:                     WHERE full_name = '' AND state = 'Maryla...
                                  ^

2026-01-08 02:25:08,342 [ERROR] Failed to ingest member S001143: column "full_name" does not exist
LINE 3:                     WHERE full_name = '' AND state = 'Indian...
                                  ^

2026-01-08 02:25:09,222 [ERROR] Failed to ingest member S000675: column "full_name" does not exist
LINE 3:                     WHERE full_name = '' AND state = 'New Yo...
                                  ^

2026-01-08 02:25:10,114 [ERROR] Failed to ingest member S000673: column "full_name" does not exist
LINE 3:                     WHERE full_name = '' AND state = 'New Yo...
                                  ^

2026-01-08 02:25:10,983 [ERROR] Failed to ingest member S000669: column "full_name" does not exist
LINE 3:                     WHERE full_name = '' AND state = 'Kentuc...
                                  ^

2026-01-08 02:25:11,857 [ERROR] Failed to ingest member S000663: column "full_name" does not exist
LINE 3:                     WHERE full_name = '' AND state = 'Maine'...
                                  ^

2026-01-08 02:25:12,711 [ERROR] Failed to ingest member S000622: column "full_name" does not exist
LINE 3:                     WHERE full_name = '' AND state = 'Nebras...
                                  ^

2026-01-08 02:25:13,574 [ERROR] Failed to ingest member S000607: column "full_name" does not exist
LINE 3:                     WHERE full_name = '' AND state = 'Oregon...
                                  ^

2026-01-08 02:25:14,392 [ERROR] Failed to ingest member S000606: column "full_name" does not exist
LINE 3:                     WHERE full_name = '' AND state = 'New Ha...
                                  ^

2026-01-08 02:25:15,244 [ERROR] Failed to ingest member S000601: column "full_name" does not exist
LINE 3:                     WHERE full_name = '' AND state = 'Vermon...
                                  ^

2026-01-08 02:25:16,126 [ERROR] Failed to ingest member S000597: column "full_name" does not exist
LINE 3:                     WHERE full_name = '' AND state = 'Michig...
                                  ^

2026-01-08 02:25:17,023 [ERROR] Failed to ingest member S000596: column "full_name" does not exist
LINE 3:                     WHERE full_name = '' AND state = 'Iowa' ...
                                  ^

2026-01-08 02:25:17,923 [ERROR] Failed to ingest member S000587: column "full_name" does not exist
LINE 3:                     WHERE full_name = '' AND state = 'Washin...
                                  ^

2026-01-08 02:25:18,771 [ERROR] Failed to ingest member S000586: column "full_name" does not exist
LINE 3:                     WHERE full_name = '' AND state = 'Florid...
                                  ^

2026-01-08 02:25:19,647 [ERROR] Failed to ingest member S000584: column "full_name" does not exist
LINE 3:                     WHERE full_name = '' AND state = 'Missis...
                                  ^

2026-01-08 02:25:20,537 [ERROR] Failed to ingest member S000583: column "full_name" does not exist
LINE 3:                     WHERE full_name = '' AND state = 'Texas'...
                                  ^

2026-01-08 02:25:21,377 [ERROR] Failed to ingest member S000579: column "full_name" does not exist
LINE 3:                     WHERE full_name = '' AND state = 'Pennsy...
                                  ^

2026-01-08 02:25:22,275 [ERROR] Failed to ingest member S000548: column "full_name" does not exist
LINE 3:                     WHERE full_name = '' AND state = 'New Yo...
                                  ^

2026-01-08 02:25:23,159 [ERROR] Failed to ingest member S000527: column "full_name" does not exist
LINE 3:                     WHERE full_name = '' AND state = 'Oregon...
                                  ^

2026-01-08 02:25:24,015 [ERROR] Failed to ingest member S000514: column "full_name" does not exist
LINE 3:                     WHERE full_name = '' AND state = 'Alabam...
                                  ^

2026-01-08 02:25:24,883 [ERROR] Failed to ingest member S000480: column "full_name" does not exist
LINE 3:                     WHERE full_name = '' AND state = 'New Yo...
                                  ^

2026-01-08 02:25:25,800 [ERROR] Failed to ingest member S000479: column "full_name" does not exist
LINE 3:                     WHERE full_name = '' AND state = 'Virgin...
                                  ^

2026-01-08 02:25:26,638 [ERROR] Failed to ingest member S000477: column "full_name" does not exist
LINE 3:                     WHERE full_name = '' AND state = 'Kansas...
                                  ^

2026-01-08 02:25:27,511 [ERROR] Failed to ingest member S000473: column "full_name" does not exist
LINE 3:                     WHERE full_name = '' AND state = 'West V...
                                  ^

2026-01-08 02:25:28,366 [ERROR] Failed to ingest member S000472: column "full_name" does not exist
LINE 3:                     WHERE full_name = '' AND state = 'Kansas...
                                  ^

2026-01-08 02:25:29,288 [ERROR] Failed to ingest member S000465: column "full_name" does not exist
LINE 3:                     WHERE full_name = '' AND state = 'Missou...
                                  ^

2026-01-08 02:25:30,243 [ERROR] Failed to ingest member S000463: column "full_name" does not exist
LINE 3:                     WHERE full_name = '' AND state = 'New Me...
                                  ^

2026-01-08 02:25:31,073 [ERROR] Failed to ingest member S000462: column "full_name" does not exist
LINE 3:                     WHERE full_name = '' AND state = 'Colora...
                                  ^

2026-01-08 02:25:31,955 [ERROR] Failed to ingest member S000454: column "full_name" does not exist
LINE 3:                     WHERE full_name = '' AND state = 'Califo...
                                  ^

2026-01-08 02:25:32,781 [ERROR] Failed to ingest member S000453: column "full_name" does not exist
LINE 3:                     WHERE full_name = '' AND state = 'Virgin...
                                  ^

2026-01-08 02:25:33,651 [ERROR] Failed to ingest member S000423: column "full_name" does not exist
LINE 3:                     WHERE full_name = '' AND state = 'Illino...
                                  ^

2026-01-08 02:25:34,541 [ERROR] Failed to ingest member S000409: column "full_name" does not exist
LINE 3:                     WHERE full_name = '' AND state = 'Michig...
                                  ^

2026-01-08 02:25:35,451 [ERROR] Failed to ingest member S000407: column "full_name" does not exist
LINE 3:                     WHERE full_name = '' AND state = 'Minnes...
                                  ^

2026-01-08 02:25:36,399 [ERROR] Failed to ingest member S000406: column "full_name" does not exist
LINE 3:                     WHERE full_name = '' AND state = 'Florid...
                                  ^

2026-01-08 02:25:37,243 [ERROR] Failed to ingest member S000388: column "full_name" does not exist
LINE 3:                     WHERE full_name = '' AND state = 'Kansas...
                                  ^

2026-01-08 02:25:38,090 [ERROR] Failed to ingest member S000383: column "full_name" does not exist
LINE 3:                     WHERE full_name = '' AND state = 'Montan...
                                  ^

2026-01-08 02:25:38,997 [ERROR] Failed to ingest member S000367: column "full_name" does not exist
LINE 3:                     WHERE full_name = '' AND state = 'Illino...
                                  ^

2026-01-08 02:25:39,964 [ERROR] Failed to ingest member S000332: column "full_name" does not exist
LINE 3:                     WHERE full_name = '' AND state = 'Utah' ...
                                  ^

2026-01-08 02:25:40,864 [ERROR] Failed to ingest member S001144: column "full_name" does not exist
LINE 3:                     WHERE full_name = '' AND state = 'Connec...
                                  ^

2026-01-08 02:25:41,693 [ERROR] Failed to ingest member S000303: column "full_name" does not exist
LINE 3:                     WHERE full_name = '' AND state = 'Florid...
                                  ^

2026-01-08 02:25:42,565 [ERROR] Failed to ingest member S000294: column "full_name" does not exist
LINE 3:                     WHERE full_name = '' AND state = 'Indian...
                                  ^

2026-01-08 02:25:43,457 [ERROR] Failed to ingest member S000286: column "full_name" does not exist
LINE 3:                     WHERE full_name = '' AND state = 'Massac...
                                  ^

2026-01-08 02:25:44,301 [ERROR] Failed to ingest member S000282: column "full_name" does not exist
LINE 3:                     WHERE full_name = '' AND state = 'Ohio' ...
                                  ^

2026-01-08 02:25:45,227 [ERROR] Failed to ingest member S000275: column "full_name" does not exist
LINE 3:                     WHERE full_name = '' AND state = 'Arizon...
                                  ^

2026-01-08 02:25:46,117 [ERROR] Failed to ingest member S000248: column "full_name" does not exist
LINE 3:                     WHERE full_name = '' AND state = 'New Yo...
                                  ^

2026-01-08 02:25:47,059 [ERROR] Failed to ingest member S000244: column "full_name" does not exist
LINE 3:                     WHERE full_name = '' AND state = 'Wiscon...
                                  ^

2026-01-08 02:25:47,917 [ERROR] Failed to ingest member S000230: column "full_name" does not exist
LINE 3:                     WHERE full_name = '' AND state = 'Ohio' ...
                                  ^

2026-01-08 02:25:48,764 [ERROR] Failed to ingest member S000217: column "full_name" does not exist
LINE 3:                     WHERE full_name = '' AND state = 'Kansas...
                                  ^

2026-01-08 02:25:49,616 [ERROR] Failed to ingest member S000213: column "full_name" does not exist
LINE 3:                     WHERE full_name = '' AND state = 'Califo...
                                  ^

2026-01-08 02:25:50,507 [ERROR] Failed to ingest member S000143: column "full_name" does not exist
LINE 3:                     WHERE full_name = '' AND state = 'Michig...
                                  ^

2026-01-08 02:25:51,303 [ERROR] Failed to ingest member S000136: column "full_name" does not exist
LINE 3:                     WHERE full_name = '' AND state = 'Rhode ...
                                  ^

2026-01-08 02:25:52,091 [ERROR] Failed to ingest member S000135: column "full_name" does not exist
LINE 3:                     WHERE full_name = '' AND state = 'Pennsy...
                                  ^

2026-01-08 02:25:52,970 [ERROR] Failed to ingest member S000125: column "full_name" does not exist
LINE 3:                     WHERE full_name = '' AND state = 'New Me...
                                  ^

2026-01-08 02:25:53,818 [ERROR] Failed to ingest member S000124: column "full_name" does not exist
LINE 3:                     WHERE full_name = '' AND state = 'New Yo...
                                  ^

2026-01-08 02:25:54,723 [ERROR] Failed to ingest member S000121: column "full_name" does not exist
LINE 3:                     WHERE full_name = '' AND state = 'Iowa' ...
                                  ^

2026-01-08 02:25:55,609 [ERROR] Failed to ingest member S000119: column "full_name" does not exist
LINE 3:                     WHERE full_name = '' AND state = 'Califo...
                                  ^

2026-01-08 02:25:56,451 [ERROR] Failed to ingest member S000109: column "full_name" does not exist
LINE 3:                     WHERE full_name = '' AND state = 'Colora...
                                  ^

2026-01-08 02:25:57,332 [ERROR] Failed to ingest member S000106: column "full_name" does not exist
LINE 3:                     WHERE full_name = '' AND state = 'Florid...
                                  ^

2026-01-08 02:25:58,124 [ERROR] Failed to ingest member S000102: column "full_name" does not exist
LINE 3:                     WHERE full_name = '' AND state = 'Pennsy...
                                  ^

2026-01-08 02:25:58,962 [ERROR] Failed to ingest member S000097: column "full_name" does not exist
LINE 3:                     WHERE full_name = '' AND state = 'New Je...
                                  ^

2026-01-08 02:25:59,842 [ERROR] Failed to ingest member S000087: column "full_name" does not exist
LINE 3:                     WHERE full_name = '' AND state = 'Michig...
                                  ^

2026-01-08 02:26:00,715 [ERROR] Failed to ingest member S000081: column "full_name" does not exist
LINE 3:                     WHERE full_name = '' AND state = 'Illino...
                                  ^

2026-01-08 02:26:01,584 [ERROR] Failed to ingest member S000070: column "full_name" does not exist
LINE 3:                     WHERE full_name = '' AND state = 'Virgin...
                                  ^

2026-01-08 02:26:02,465 [ERROR] Failed to ingest member S000066: column "full_name" does not exist
LINE 3:                     WHERE full_name = '' AND state = 'Texas'...
                                  ^

2026-01-08 02:26:03,389 [ERROR] Failed to ingest member S000064: column "full_name" does not exist
LINE 3:                     WHERE full_name = '' AND state = 'Maryla...
                                  ^

2026-01-08 02:26:04,235 [ERROR] Failed to ingest member S000059: column "full_name" does not exist
LINE 3:                     WHERE full_name = '' AND state = 'Pennsy...
                                  ^

2026-01-08 02:26:05,081 [ERROR] Failed to ingest member S000058: column "full_name" does not exist
LINE 3:                     WHERE full_name = '' AND state = 'Nevada...
                                  ^

2026-01-08 02:26:05,930 [ERROR] Failed to ingest member S000056: column "full_name" does not exist
LINE 3:                     WHERE full_name = '' AND state = 'Illino...
                                  ^

2026-01-08 02:26:06,776 [ERROR] Failed to ingest member S000051: column "full_name" does not exist
LINE 3:                     WHERE full_name = '' AND state = 'South ...
                                  ^

2026-01-08 02:26:07,735 [ERROR] Failed to ingest member S000045: column "full_name" does not exist
LINE 3:                     WHERE full_name = '' AND state = 'New Je...
                                  ^

2026-01-08 02:26:08,635 [ERROR] Failed to ingest member S000018: column "full_name" does not exist
LINE 3:                     WHERE full_name = '' AND state = 'Arizon...
                                  ^

2026-01-08 02:26:09,581 [ERROR] Failed to ingest member S000014: column "full_name" does not exist
LINE 3:                     WHERE full_name = '' AND state = 'Hawaii...
                                  ^

2026-01-08 02:26:10,432 [ERROR] Failed to ingest member S000005: column "full_name" does not exist
LINE 3:                     WHERE full_name = '' AND state = 'Minnes...
                                  ^

2026-01-08 02:26:11,270 [ERROR] Failed to ingest member R000558: column "full_name" does not exist
LINE 3:                     WHERE full_name = '' AND state = 'Califo...
                                  ^

2026-01-08 02:26:12,105 [ERROR] Failed to ingest member R000545: column "full_name" does not exist
LINE 3:                     WHERE full_name = '' AND state = 'North ...
                                  ^

2026-01-08 02:26:12,923 [ERROR] Failed to ingest member R000543: column "full_name" does not exist
LINE 3:                     WHERE full_name = '' AND state = 'Illino...
                                  ^

2026-01-08 02:26:13,783 [ERROR] Failed to ingest member R000512: column "full_name" does not exist
LINE 3:                     WHERE full_name = '' AND state = 'Michig...
                                  ^

2026-01-08 02:26:14,734 [ERROR] Failed to ingest member R000510: column "full_name" does not exist
LINE 3:                     WHERE full_name = '' AND state = 'New Me...
                                  ^

2026-01-08 02:26:15,586 [ERROR] Failed to ingest member R000495: column "full_name" does not exist
LINE 3:                     WHERE full_name = '' AND state = 'Arizon...
                                  ^

2026-01-08 02:26:16,476 [ERROR] Failed to ingest member R000489: column "full_name" does not exist
LINE 3:                     WHERE full_name = '' AND state = 'Califo...
                                  ^

2026-01-08 02:26:17,333 [ERROR] Failed to ingest member R000487: column "full_name" does not exist
LINE 3:                     WHERE full_name = '' AND state = 'Califo...
                                  ^

2026-01-08 02:26:18,141 [ERROR] Failed to ingest member R000485: column "full_name" does not exist
LINE 3:                     WHERE full_name = '' AND state = 'Califo...
                                  ^

2026-01-08 02:26:18,980 [ERROR] Failed to ingest member R000484: column "full_name" does not exist
LINE 3:                     WHERE full_name = '' AND state = 'Kansas...
                                  ^

2026-01-08 02:26:19,865 [ERROR] Failed to ingest member R000482: column "full_name" does not exist
LINE 3:                     WHERE full_name = '' AND state = 'Connec...
                                  ^

2026-01-08 02:26:20,819 [ERROR] Failed to ingest member R000481: column "full_name" does not exist
LINE 3:                     WHERE full_name = '' AND state = 'Georgi...
                                  ^

2026-01-08 02:26:21,750 [ERROR] Failed to ingest member R000469: column "full_name" does not exist
LINE 3:                     WHERE full_name = '' AND state = 'Califo...
                                  ^

2026-01-08 02:26:22,571 [ERROR] Failed to ingest member R000467: column "full_name" does not exist
LINE 3:                     WHERE full_name = '' AND state = 'Indian...
                                  ^

2026-01-08 02:26:23,390 [ERROR] Failed to ingest member R000465: column "full_name" does not exist
LINE 3:                     WHERE full_name = '' AND state = 'New Je...
                                  ^

2026-01-08 02:26:24,211 [ERROR] Failed to ingest member R000459: column "full_name" does not exist
LINE 3:                     WHERE full_name = '' AND state = 'Wiscon...
                                  ^

2026-01-08 02:26:25,072 [ERROR] Failed to ingest member R000458: column "full_name" does not exist
LINE 3:                     WHERE full_name = '' AND state = 'Illino...
                                  ^

2026-01-08 02:26:25,961 [ERROR] Failed to ingest member R000442: column "full_name" does not exist
LINE 3:                     WHERE full_name = '' AND state = 'New Yo...
                                  ^

2026-01-08 02:26:26,855 [ERROR] Failed to ingest member R000436: column "full_name" does not exist
LINE 3:                     WHERE full_name = '' AND state = 'North ...
                                  ^

2026-01-08 02:26:27,663 [ERROR] Failed to ingest member R000435: column "full_name" does not exist
LINE 3:                     WHERE full_name = '' AND state = 'Florid...
                                  ^

2026-01-08 02:26:28,472 [ERROR] Failed to ingest member R000424: column "full_name" does not exist
LINE 3:                     WHERE full_name = '' AND state = 'New Yo...
                                  ^

2026-01-08 02:26:29,274 [ERROR] Failed to ingest member R000423: column "full_name" does not exist
LINE 3:                     WHERE full_name = '' AND state = 'Pennsy...
                                  ^

2026-01-08 02:26:30,080 [ERROR] Failed to ingest member R000422: column "full_name" does not exist
LINE 3:                     WHERE full_name = '' AND state = 'New Yo...
                                  ^

2026-01-08 02:26:30,944 [ERROR] Failed to ingest member R000421: column "full_name" does not exist
LINE 3:                     WHERE full_name = '' AND state = 'Wyomin...
                                  ^

2026-01-08 02:26:31,839 [ERROR] Failed to ingest member R000417: column "full_name" does not exist
LINE 3:                     WHERE full_name = '' AND state = 'Puerto...
                                  ^

2026-01-08 02:26:32,632 [ERROR] Failed to ingest member R000409: column "full_name" does not exist
LINE 3:                     WHERE full_name = '' AND state = 'Califo...
                                  ^

2026-01-08 02:26:33,487 [ERROR] Failed to ingest member R000401: column "full_name" does not exist
LINE 3:                     WHERE full_name = '' AND state = 'Florid...
                                  ^

2026-01-08 02:26:34,338 [ERROR] Failed to ingest member R000385: column "full_name" does not exist
LINE 3:                     WHERE full_name = '' AND state = 'Indian...
                                  ^

2026-01-08 02:26:35,322 [ERROR] Failed to ingest member R000384: column "full_name" does not exist
LINE 3:                     WHERE full_name = '' AND state = 'Louisi...
                                  ^

2026-01-08 02:26:36,285 [ERROR] Failed to ingest member R000383: column "full_name" does not exist
LINE 3:                     WHERE full_name = '' AND state = 'New Je...
                                  ^

2026-01-08 02:26:37,183 [ERROR] Failed to ingest member R000374: column "full_name" does not exist
LINE 3:                     WHERE full_name = '' AND state = 'New Je...
                                  ^

2026-01-08 02:26:38,080 [ERROR] Failed to ingest member R000357: column "full_name" does not exist
LINE 3:                     WHERE full_name = '' AND state = 'New Yo...
                                  ^

2026-01-08 02:26:38,996 [ERROR] Failed to ingest member R000337: column "full_name" does not exist
LINE 3:                     WHERE full_name = '' AND state = 'Virgin...
                                  ^

2026-01-08 02:26:39,859 [ERROR] Failed to ingest member R000312: column "full_name" does not exist
LINE 3:                     WHERE full_name = '' AND state = 'Texas'...
                                  ^

2026-01-08 02:26:40,695 [ERROR] Failed to ingest member R000307: column "full_name" does not exist
LINE 3:                     WHERE full_name = '' AND state = 'Kansas...
                                  ^

2026-01-08 02:26:41,505 [ERROR] Failed to ingest member R000308: column "full_name" does not exist
LINE 3:                     WHERE full_name = '' AND state = 'South ...
                                  ^

2026-01-08 02:26:42,388 [ERROR] Failed to ingest member R000281: column "full_name" does not exist
LINE 3:                     WHERE full_name = '' AND state = 'Michig...
                                  ^

2026-01-08 02:26:43,266 [ERROR] Failed to ingest member R000277: column "full_name" does not exist
LINE 3:                     WHERE full_name = '' AND state = 'Pennsy...
                                  ^

2026-01-08 02:26:44,126 [ERROR] Failed to ingest member R000268: column "full_name" does not exist
LINE 3:                     WHERE full_name = '' AND state = 'Oklaho...
                                  ^

2026-01-08 02:26:44,973 [ERROR] Failed to ingest member R000262: column "full_name" does not exist
LINE 3:                     WHERE full_name = '' AND state = 'New Je...
                                  ^

2026-01-08 02:26:45,806 [ERROR] Failed to ingest member R000249: column "full_name" does not exist
LINE 3:                     WHERE full_name = '' AND state = 'Michig...
                                  ^

2026-01-08 02:26:46,603 [ERROR] Failed to ingest member B000839: column "full_name" does not exist
LINE 3:                     WHERE full_name = '' AND state = 'Georgi...
                                  ^

2026-01-08 02:26:47,399 [ERROR] Failed to ingest member B000817: column "full_name" does not exist
LINE 3:                     WHERE full_name = '' AND state = 'Oklaho...
                                  ^

2026-01-08 02:26:48,213 [ERROR] Failed to ingest member B000788: column "full_name" does not exist
LINE 3:                     WHERE full_name = '' AND state = 'Kentuc...
                                  ^

2026-01-08 02:26:49,018 [ERROR] Failed to ingest member B000780: column "full_name" does not exist
LINE 3:                     WHERE full_name = '' AND state = 'Louisi...
                                  ^

2026-01-08 02:26:49,840 [ERROR] Failed to ingest member B000778: column "full_name" does not exist
LINE 3:                     WHERE full_name = '' AND state = 'Indian...
                                  ^

2026-01-08 02:26:50,643 [ERROR] Failed to ingest member B000771: column "full_name" does not exist
LINE 3:                     WHERE full_name = '' AND state = 'New Yo...
                                  ^

2026-01-08 02:26:51,440 [ERROR] Failed to ingest member B000736: column "full_name" does not exist
LINE 3:                     WHERE full_name = '' AND state = 'Indian...
                                  ^

2026-01-08 02:26:52,259 [ERROR] Failed to ingest member B000711: column "full_name" does not exist
LINE 3:                     WHERE full_name = '' AND state = 'Califo...
                                  ^

2026-01-08 02:26:53,083 [ERROR] Failed to ingest member B000682: column "full_name" does not exist
LINE 3:                     WHERE full_name = '' AND state = 'Missis...
                                  ^

2026-01-08 02:26:53,922 [ERROR] Failed to ingest member B000666: column "full_name" does not exist
LINE 3:                     WHERE full_name = '' AND state = 'Texas'...
                                  ^

2026-01-08 02:26:54,786 [ERROR] Failed to ingest member B000657: column "full_name" does not exist
LINE 3:                     WHERE full_name = '' AND state = 'Virgin...
                                  ^

2026-01-08 02:26:55,608 [ERROR] Failed to ingest member B000648: column "full_name" does not exist
LINE 3:                     WHERE full_name = '' AND state = 'Califo...
                                  ^

2026-01-08 02:26:56,447 [ERROR] Failed to ingest member B000644: column "full_name" does not exist
LINE 3:                     WHERE full_name = '' AND state = 'Pennsy...
                                  ^

2026-01-08 02:26:57,291 [ERROR] Failed to ingest member B000622: column "full_name" does not exist
LINE 3:                     WHERE full_name = '' AND state = 'Califo...
                                  ^

2026-01-08 02:26:58,130 [ERROR] Failed to ingest member B000619: column "full_name" does not exist
LINE 3:                     WHERE full_name = '' AND state = 'Michig...
                                  ^

2026-01-08 02:26:58,965 [ERROR] Failed to ingest member B000617: column "full_name" does not exist
LINE 3:                     WHERE full_name = '' AND state = 'Texas'...
                                  ^

2026-01-08 02:26:59,778 [ERROR] Failed to ingest member B000615: column "full_name" does not exist
LINE 3:                     WHERE full_name = '' AND state = 'Tennes...
                                  ^

2026-01-08 02:27:00,591 [ERROR] Failed to ingest member B000605: column "full_name" does not exist
LINE 3:                     WHERE full_name = '' AND state = 'Missou...
                                  ^

2026-01-08 02:27:01,423 [ERROR] Failed to ingest member B000600: column "full_name" does not exist
LINE 3:                     WHERE full_name = '' AND state = 'Massac...
                                  ^

2026-01-08 02:27:02,246 [ERROR] Failed to ingest member B000592: column "full_name" does not exist
LINE 3:                     WHERE full_name = '' AND state = 'Louisi...
                                  ^

2026-01-08 02:27:03,105 [ERROR] Failed to ingest member B000589: column "full_name" does not exist
LINE 3:                     WHERE full_name = '' AND state = 'Ohio' ...
                                  ^

2026-01-08 02:27:03,934 [ERROR] Failed to ingest member B000586: column "full_name" does not exist
LINE 3:                     WHERE full_name = '' AND state = 'New Yo...
                                  ^

2026-01-08 02:27:04,783 [ERROR] Failed to ingest member B000576: column "full_name" does not exist
LINE 3:                     WHERE full_name = '' AND state = 'Massac...
                                  ^

2026-01-08 02:27:05,573 [ERROR] Failed to ingest member B000567: column "full_name" does not exist
LINE 3:                     WHERE full_name = '' AND state = 'Iowa' ...
                                  ^

2026-01-08 02:27:06,377 [ERROR] Failed to ingest member B000551: column "full_name" does not exist
LINE 3:                     WHERE full_name = '' AND state = 'Guam' ...
                                  ^

2026-01-08 02:27:07,170 [ERROR] Failed to ingest member B000550: column "full_name" does not exist
LINE 3:                     WHERE full_name = '' AND state = 'Minnes...
                                  ^

2026-01-08 02:27:07,973 [ERROR] Failed to ingest member B000538: column "full_name" does not exist
LINE 3:                     WHERE full_name = '' AND state = 'Michig...
                                  ^

2026-01-08 02:27:08,791 [ERROR] Failed to ingest member B000517: column "full_name" does not exist
LINE 3:                     WHERE full_name = '' AND state = 'Pennsy...
                                  ^

2026-01-08 02:27:09,640 [ERROR] Failed to ingest member B000472: column "full_name" does not exist
LINE 3:                     WHERE full_name = '' AND state = 'New Yo...
                                  ^

2026-01-08 02:27:10,468 [ERROR] Failed to ingest member B000463: column "full_name" does not exist
LINE 3:                     WHERE full_name = '' AND state = 'Florid...
                                  ^

2026-01-08 02:27:11,314 [ERROR] Failed to ingest member B000462: column "full_name" does not exist
LINE 3:                     WHERE full_name = '' AND state = 'Nevada...
                                  ^

2026-01-08 02:27:12,121 [ERROR] Failed to ingest member B000451: column "full_name" does not exist
LINE 3:                     WHERE full_name = '' AND state = 'Pennsy...
                                  ^

2026-01-08 02:27:12,958 [ERROR] Failed to ingest member B000432: column "full_name" does not exist
LINE 3:                     WHERE full_name = '' AND state = 'New Yo...
                                  ^

2026-01-08 02:27:13,763 [ERROR] Failed to ingest member B000431: column "full_name" does not exist
LINE 3:                     WHERE full_name = '' AND state = 'Alabam...
                                  ^

2026-01-08 02:27:14,608 [ERROR] Failed to ingest member B000422: column "full_name" does not exist
LINE 3:                     WHERE full_name = '' AND state = 'Arkans...
                                  ^

2026-01-08 02:27:15,415 [ERROR] Failed to ingest member B000410: column "full_name" does not exist
LINE 3:                     WHERE full_name = '' AND state = 'Califo...
                                  ^

2026-01-08 02:27:16,235 [ERROR] Failed to ingest member B000408: column "full_name" does not exist
LINE 3:                     WHERE full_name = '' AND state = 'Minnes...
                                  ^

2026-01-08 02:27:17,103 [ERROR] Failed to ingest member B000403: column "full_name" does not exist
LINE 3:                     WHERE full_name = '' AND state = 'Nebras...
                                  ^

2026-01-08 02:27:17,953 [ERROR] Failed to ingest member N000032: column "full_name" does not exist
LINE 3:                     WHERE full_name = '' AND state = 'Florid...
                                  ^

2026-01-08 02:27:18,770 [ERROR] Failed to ingest member N000028: column "full_name" does not exist
LINE 3:                     WHERE full_name = '' AND state = 'Minnes...
                                  ^

2026-01-08 02:27:19,615 [ERROR] Failed to ingest member N000027: column "full_name" does not exist
LINE 3:                     WHERE full_name = '' AND state = 'Pennsy...
                                  ^

2026-01-08 02:27:20,524 [ERROR] Failed to ingest member N000016: column "full_name" does not exist
LINE 3:                     WHERE full_name = '' AND state = 'North ...
                                  ^

2026-01-08 02:27:21,365 [ERROR] Failed to ingest member N000009: column "full_name" does not exist
LINE 3:                     WHERE full_name = '' AND state = 'Kentuc...
                                  ^

2026-01-08 02:27:22,180 [ERROR] Failed to ingest member N000005: column "full_name" does not exist
LINE 3:                     WHERE full_name = '' AND state = 'South ...
                                  ^

2026-01-08 02:27:23,016 [ERROR] Failed to ingest member N000003: column "full_name" does not exist
LINE 3:                     WHERE full_name = '' AND state = 'Iowa' ...
                                  ^

2026-01-08 02:27:23,838 [ERROR] Failed to ingest member M001134: column "full_name" does not exist
LINE 3:                     WHERE full_name = '' AND state = 'North ...
                                  ^

2026-01-08 02:27:24,647 [ERROR] Failed to ingest member M001132: column "full_name" does not exist
LINE 3:                     WHERE full_name = '' AND state = 'Pennsy...
                                  ^

2026-01-08 02:27:25,439 [ERROR] Failed to ingest member M001130: column "full_name" does not exist
LINE 3:                     WHERE full_name = '' AND state = 'Indian...
                                  ^

2026-01-08 02:27:26,266 [ERROR] Failed to ingest member M001128: column "full_name" does not exist
LINE 3:                     WHERE full_name = '' AND state = 'Pennsy...
                                  ^

2026-01-08 02:27:27,081 [ERROR] Failed to ingest member M001123: column "full_name" does not exist
LINE 3:                     WHERE full_name = '' AND state = 'Pennsy...
                                  ^

2026-01-08 02:27:27,895 [ERROR] Failed to ingest member M001101: column "full_name" does not exist
LINE 3:                     WHERE full_name = '' AND state = 'Illino...
                                  ^

2026-01-08 02:27:28,697 [ERROR] Failed to ingest member M001098: column "full_name" does not exist
LINE 3:                     WHERE full_name = '' AND state = 'New Yo...
                                  ^

2026-01-08 02:27:29,526 [ERROR] Failed to ingest member M001057: column "full_name" does not exist
LINE 3:                     WHERE full_name = '' AND state = 'New Yo...
                                  ^

2026-01-08 02:27:30,363 [ERROR] Failed to ingest member M001035: column "full_name" does not exist
LINE 3:                     WHERE full_name = '' AND state = 'Califo...
                                  ^

2026-01-08 02:27:31,176 [ERROR] Failed to ingest member M001031: column "full_name" does not exist
LINE 3:                     WHERE full_name = '' AND state = 'Ohio' ...
                                  ^

2026-01-08 02:27:31,975 [ERROR] Failed to ingest member M000999: column "full_name" does not exist
LINE 3:                     WHERE full_name = '' AND state = 'Washin...
                                  ^

2026-01-08 02:27:32,778 [ERROR] Failed to ingest member M000992: column "full_name" does not exist
LINE 3:                     WHERE full_name = '' AND state = 'Connec...
                                  ^

2026-01-08 02:27:33,616 [ERROR] Failed to ingest member M000958: column "full_name" does not exist
LINE 3:                     WHERE full_name = '' AND state = 'Pennsy...
                                  ^

2026-01-08 02:27:34,447 [ERROR] Failed to ingest member M000941: column "full_name" does not exist
LINE 3:                     WHERE full_name = '' AND state = 'Maryla...
                                  ^

2026-01-08 02:27:35,259 [ERROR] Failed to ingest member M000933: column "full_name" does not exist
LINE 3:                     WHERE full_name = '' AND state = 'Virgin...
                                  ^

2026-01-08 02:27:36,081 [ERROR] Failed to ingest member M000930: column "full_name" does not exist
LINE 3:                     WHERE full_name = '' AND state = 'Pennsy...
                                  ^

2026-01-08 02:27:36,926 [ERROR] Failed to ingest member M000926: column "full_name" does not exist
LINE 3:                     WHERE full_name = '' AND state = 'Califo...
                                  ^

2026-01-08 02:27:37,774 [ERROR] Failed to ingest member M000923: column "full_name" does not exist
LINE 3:                     WHERE full_name = '' AND state = 'Louisi...
                                  ^

2026-01-08 02:27:38,599 [ERROR] Failed to ingest member M000881: column "full_name" does not exist
LINE 3:                     WHERE full_name = '' AND state = 'Wiscon...
                                  ^

2026-01-08 02:27:39,419 [ERROR] Failed to ingest member M000865: column "full_name" does not exist
LINE 3:                     WHERE full_name = '' AND state = 'Missis...
                                  ^

2026-01-08 02:27:40,311 [ERROR] Failed to ingest member M000860: column "full_name" does not exist
LINE 3:                     WHERE full_name = '' AND state = 'Utah' ...
                                  ^

2026-01-08 02:27:41,140 [ERROR] Failed to ingest member M000845: column "full_name" does not exist
LINE 3:                     WHERE full_name = '' AND state = 'West V...
                                  ^

2026-01-08 02:27:41,966 [ERROR] Failed to ingest member M000844: column "full_name" does not exist
LINE 3:                     WHERE full_name = '' AND state = 'West V...
                                  ^

2026-01-08 02:27:42,805 [ERROR] Failed to ingest member M000843: column "full_name" does not exist
LINE 3:                     WHERE full_name = '' AND state = 'New Yo...
                                  ^

2026-01-08 02:27:43,636 [ERROR] Failed to ingest member M000842: column "full_name" does not exist
LINE 3:                     WHERE full_name = '' AND state = 'New Yo...
                                  ^

2026-01-08 02:27:44,433 [ERROR] Failed to ingest member M000839: column "full_name" does not exist
LINE 3:                     WHERE full_name = '' AND state = 'Connec...
                                  ^

2026-01-08 02:27:45,283 [ERROR] Failed to ingest member M000834: column "full_name" does not exist
LINE 3:                     WHERE full_name = '' AND state = 'Massac...
                                  ^

2026-01-08 02:27:46,082 [ERROR] Failed to ingest member M000833: column "full_name" does not exist
LINE 3:                     WHERE full_name = '' AND state = 'North ...
                                  ^

2026-01-08 02:27:46,896 [ERROR] Failed to ingest member M000826: column "full_name" does not exist
LINE 3:                     WHERE full_name = '' AND state = 'Maryla...
                                  ^

2026-01-08 02:27:47,703 [ERROR] Failed to ingest member M000808: column "full_name" does not exist
LINE 3:                     WHERE full_name = '' AND state = 'New Yo...
                                  ^

2026-01-08 02:27:48,527 [ERROR] Failed to ingest member M000799: column "full_name" does not exist
LINE 3:                     WHERE full_name = '' AND state = 'Ohio' ...
                                  ^

2026-01-08 02:27:49,356 [ERROR] Failed to ingest member M000797: column "full_name" does not exist
LINE 3:                     WHERE full_name = '' AND state = 'Hawaii...
                                  ^

2026-01-08 02:27:50,196 [ERROR] Failed to ingest member M000796: column "full_name" does not exist
LINE 3:                     WHERE full_name = '' AND state = 'New Je...
                                  ^

2026-01-08 02:27:51,075 [ERROR] Failed to ingest member M000795: column "full_name" does not exist
LINE 3:                     WHERE full_name = '' AND state = 'Minnes...
                                  ^

2026-01-08 02:27:51,936 [ERROR] Failed to ingest member M000794: column "full_name" does not exist
LINE 3:                     WHERE full_name = '' AND state = 'Califo...
                                  ^

2026-01-08 02:27:52,756 [ERROR] Failed to ingest member M000779: column "full_name" does not exist
LINE 3:                     WHERE full_name = '' AND state = 'Maryla...
                                  ^

2026-01-08 02:27:53,595 [ERROR] Failed to ingest member M000778: column "full_name" does not exist
LINE 3:                     WHERE full_name = '' AND state = 'Arkans...
                                  ^

2026-01-08 02:27:54,438 [ERROR] Failed to ingest member M000736: column "full_name" does not exist
LINE 3:                     WHERE full_name = '' AND state = 'Washin...
                                  ^

2026-01-08 02:27:55,243 [ERROR] Failed to ingest member M000725: column "full_name" does not exist
LINE 3:                     WHERE full_name = '' AND state = 'Califo...
                                  ^

2026-01-08 02:27:56,097 [ERROR] Failed to ingest member M000720: column "full_name" does not exist
LINE 3:                     WHERE full_name = '' AND state = 'Florid...
                                  ^

2026-01-08 02:27:56,927 [ERROR] Failed to ingest member M000718: column "full_name" does not exist
LINE 3:                     WHERE full_name = '' AND state = 'Ohio' ...
                                  ^

2026-01-08 02:27:57,762 [ERROR] Failed to ingest member M000714: column "full_name" does not exist
LINE 3:                     WHERE full_name = '' AND state = 'Califo...
                                  ^

2026-01-08 02:27:58,557 [ERROR] Failed to ingest member M000708: column "full_name" does not exist
LINE 3:                     WHERE full_name = '' AND state = 'Texas'...
                                  ^

2026-01-08 02:27:59,393 [ERROR] Failed to ingest member M000703: column "full_name" does not exist
LINE 3:                     WHERE full_name = '' AND state = 'Illino...
                                  ^

2026-01-08 02:28:00,186 [ERROR] Failed to ingest member M000702: column "full_name" does not exist
LINE 3:                     WHERE full_name = '' AND state = 'Maryla...
                                  ^

2026-01-08 02:28:01,016 [ERROR] Failed to ingest member M000692: column "full_name" does not exist
LINE 3:                     WHERE full_name = '' AND state = 'Illino...
                                  ^

2026-01-08 02:28:01,836 [ERROR] Failed to ingest member M000689: column "full_name" does not exist
LINE 3:                     WHERE full_name = '' AND state = 'Florid...
                                  ^

2026-01-08 02:28:02,679 [ERROR] Failed to ingest member M000688: column "full_name" does not exist
LINE 3:                     WHERE full_name = '' AND state = 'Florid...
                                  ^

2026-01-08 02:28:03,498 [ERROR] Failed to ingest member M000129: column "full_name" does not exist
LINE 3:                     WHERE full_name = '' AND state = 'Pennsy...
                                  ^

2026-01-08 02:28:04,308 [ERROR] Failed to ingest member M000686: column "full_name" does not exist
LINE 3:                     WHERE full_name = '' AND state = 'Iowa' ...
                                  ^

2026-01-08 02:28:05,165 [ERROR] Failed to ingest member M000685: column "full_name" does not exist
LINE 3:                     WHERE full_name = '' AND state = 'New Je...
                                  ^

2026-01-08 02:28:05,985 [ERROR] Failed to ingest member M000684: column "full_name" does not exist
LINE 3:                     WHERE full_name = '' AND state = 'Kansas...
                                  ^

2026-01-08 02:28:06,766 [ERROR] Failed to ingest member M000675: column "full_name" does not exist
LINE 3:                     WHERE full_name = '' AND state = 'Illino...
                                  ^

2026-01-08 02:28:07,600 [ERROR] Failed to ingest member M000669: column "full_name" does not exist
LINE 3:                     WHERE full_name = '' AND state = 'Washin...
                                  ^

2026-01-08 02:28:08,406 [ERROR] Failed to ingest member M000635: column "full_name" does not exist
LINE 3:                     WHERE full_name = '' AND state = 'Montan...
                                  ^

2026-01-08 02:28:09,240 [ERROR] Failed to ingest member M000628: column "full_name" does not exist
LINE 3:                     WHERE full_name = '' AND state = 'Florid...
                                  ^

2026-01-08 02:28:10,061 [ERROR] Failed to ingest member M000626: column "full_name" does not exist
LINE 3:                     WHERE full_name = '' AND state = 'Washin...
                                  ^

2026-01-08 02:28:10,886 [ERROR] Failed to ingest member M000603: column "full_name" does not exist
LINE 3:                     WHERE full_name = '' AND state = 'Oklaho...
                                  ^

2026-01-08 02:28:11,699 [ERROR] Failed to ingest member M000590: column "full_name" does not exist
LINE 3:                     WHERE full_name = '' AND state = 'New Yo...
                                  ^

2026-01-08 02:28:12,537 [ERROR] Failed to ingest member M000589: column "full_name" does not exist
LINE 3:                     WHERE full_name = '' AND state = 'Arizon...
                                  ^

2026-01-08 02:28:13,366 [ERROR] Failed to ingest member M000573: column "full_name" does not exist
LINE 3:                     WHERE full_name = '' AND state = 'Maryla...
                                  ^

2026-01-08 02:28:14,166 [ERROR] Failed to ingest member M000527: column "full_name" does not exist
LINE 3:                     WHERE full_name = '' AND state = 'Connec...
                                  ^

2026-01-08 02:28:14,985 [ERROR] Failed to ingest member M000523: column "full_name" does not exist
LINE 3:                     WHERE full_name = '' AND state = 'Georgi...
                                  ^

2026-01-08 02:28:15,794 [ERROR] Failed to ingest member M000512: column "full_name" does not exist
LINE 3:                     WHERE full_name = '' AND state = 'Maine'...
                                  ^

2026-01-08 02:28:16,636 [ERROR] Failed to ingest member M000508: column "full_name" does not exist
LINE 3:                     WHERE full_name = '' AND state = 'Califo...
                                  ^

2026-01-08 02:28:17,459 [ERROR] Failed to ingest member M000490: column "full_name" does not exist
LINE 3:                     WHERE full_name = '' AND state = 'Utah' ...
                                  ^

2026-01-08 02:28:18,249 [ERROR] Failed to ingest member M000481: column "full_name" does not exist
LINE 3:                     WHERE full_name = '' AND state = 'Indian...
                                  ^

2026-01-08 02:28:19,060 [ERROR] Failed to ingest member M000477: column "full_name" does not exist
LINE 3:                     WHERE full_name = '' AND state = 'Colora...
                                  ^

2026-01-08 02:28:19,861 [ERROR] Failed to ingest member M000473: column "full_name" does not exist
LINE 3:                     WHERE full_name = '' AND state = 'New Yo...
                                  ^

2026-01-08 02:28:20,642 [ERROR] Failed to ingest member M000466: column "full_name" does not exist
LINE 3:                     WHERE full_name = '' AND state = 'Pennsy...
                                  ^

2026-01-08 02:28:21,499 [ERROR] Failed to ingest member M000458: column "full_name" does not exist
LINE 3:                     WHERE full_name = '' AND state = 'New Yo...
                                  ^

2026-01-08 02:28:22,302 [ERROR] Failed to ingest member M000436: column "full_name" does not exist
LINE 3:                     WHERE full_name = '' AND state = 'Califo...
                                  ^

2026-01-08 02:28:23,143 [ERROR] Failed to ingest member M000433: column "full_name" does not exist
LINE 3:                     WHERE full_name = '' AND state = 'New Yo...
                                  ^

2026-01-08 02:28:23,958 [ERROR] Failed to ingest member M000432: column "full_name" does not exist
LINE 3:                     WHERE full_name = '' AND state = 'Ohio' ...
                                  ^

2026-01-08 02:28:24,841 [ERROR] Failed to ingest member M000413: column "full_name" does not exist
LINE 3:                     WHERE full_name = '' AND state = 'Georgi...
                                  ^

2026-01-08 02:28:25,661 [ERROR] Failed to ingest member M000404: column "full_name" does not exist
LINE 3:                     WHERE full_name = '' AND state = 'Washin...
                                  ^

2026-01-08 02:28:26,466 [ERROR] Failed to ingest member M000399: column "full_name" does not exist
LINE 3:                     WHERE full_name = '' AND state = 'Pennsy...
                                  ^

2026-01-08 02:28:27,327 [ERROR] Failed to ingest member M000398: column "full_name" does not exist
LINE 3:                     WHERE full_name = '' AND state = 'Oklaho...
                                  ^

2026-01-08 02:28:28,127 [ERROR] Failed to ingest member M000388: column "full_name" does not exist
LINE 3:                     WHERE full_name = '' AND state = 'Louisi...
                                  ^

2026-01-08 02:28:29,018 [ERROR] Failed to ingest member M000365: column "full_name" does not exist
LINE 3:                     WHERE full_name = '' AND state = 'Washin...
                                  ^

2026-01-08 02:28:29,838 [ERROR] Failed to ingest member M000350: column "full_name" does not exist
LINE 3:                     WHERE full_name = '' AND state = 'Florid...
                                  ^

2026-01-08 02:28:30,622 [ERROR] Failed to ingest member M000349: column "full_name" does not exist
LINE 3:                     WHERE full_name = '' AND state = 'Nebras...
                                  ^

2026-01-08 02:28:31,421 [ERROR] Failed to ingest member M000342: column "full_name" does not exist
LINE 3:                     WHERE full_name = '' AND state = 'Indian...
                                  ^

2026-01-08 02:28:32,248 [ERROR] Failed to ingest member M000340: column "full_name" does not exist
LINE 3:                     WHERE full_name = '' AND state = 'Illino...
                                  ^

2026-01-08 02:28:33,044 [ERROR] Failed to ingest member M000316: column "full_name" does not exist
LINE 3:                     WHERE full_name = '' AND state = 'Missou...
                                  ^

2026-01-08 02:28:33,840 [ERROR] Failed to ingest member M000306: column "full_name" does not exist
LINE 3:                     WHERE full_name = '' AND state = 'Califo...
                                  ^

2026-01-08 02:28:34,679 [ERROR] Failed to ingest member M000303: column "full_name" does not exist
LINE 3:                     WHERE full_name = '' AND state = 'Arizon...
                                  ^

2026-01-08 02:28:35,474 [ERROR] Failed to ingest member M000291: column "full_name" does not exist
LINE 3:                     WHERE full_name = '' AND state = 'Kentuc...
                                  ^

2026-01-08 02:28:36,279 [ERROR] Failed to ingest member M000286: column "full_name" does not exist
LINE 3:                     WHERE full_name = '' AND state = 'Iowa' ...
                                  ^

2026-01-08 02:28:37,107 [ERROR] Failed to ingest member M000264: column "full_name" does not exist
LINE 3:                     WHERE full_name = '' AND state = 'Massac...
                                  ^

2026-01-08 02:28:37,897 [ERROR] Failed to ingest member M000260: column "full_name" does not exist
LINE 3:                     WHERE full_name = '' AND state = 'Texas'...
                                  ^

2026-01-08 02:28:38,693 [ERROR] Failed to ingest member M000250: column "full_name" does not exist
LINE 3:                     WHERE full_name = '' AND state = 'Hawaii...
                                  ^

2026-01-08 02:28:39,492 [ERROR] Failed to ingest member M000249: column "full_name" does not exist
LINE 3:                     WHERE full_name = '' AND state = 'Califo...
                                  ^

2026-01-08 02:28:40,303 [ERROR] Failed to ingest member M000244: column "full_name" does not exist
LINE 3:                     WHERE full_name = '' AND state = 'Georgi...
                                  ^

2026-01-08 02:28:41,142 [ERROR] Failed to ingest member M000242: column "full_name" does not exist
LINE 3:                     WHERE full_name = '' AND state = 'Califo...
                                  ^

2026-01-08 02:28:41,962 [ERROR] Failed to ingest member M000212: column "full_name" does not exist
LINE 3:                     WHERE full_name = '' AND state = 'Pennsy...
                                  ^

2026-01-08 02:28:42,778 [ERROR] Failed to ingest member M000207: column "full_name" does not exist
LINE 3:                     WHERE full_name = '' AND state = 'New Je...
                                  ^

2026-01-08 02:28:43,607 [ERROR] Failed to ingest member M000206: column "full_name" does not exist
LINE 3:                     WHERE full_name = '' AND state = 'Califo...
                                  ^

2026-01-08 02:28:44,426 [ERROR] Failed to ingest member M000195: column "full_name" does not exist
LINE 3:                     WHERE full_name = '' AND state = 'Illino...
                                  ^

2026-01-08 02:28:45,248 [ERROR] Failed to ingest member M000183: column "full_name" does not exist
LINE 3:                     WHERE full_name = '' AND state = 'North ...
                                  ^

2026-01-08 02:28:46,365 [ERROR] Failed to ingest member M000175: column "full_name" does not exist
LINE 3:                     WHERE full_name = '' AND state = 'Nebras...
                                  ^

2026-01-08 02:28:47,208 [ERROR] Failed to ingest member M000174: column "full_name" does not exist
LINE 3:                     WHERE full_name = '' AND state = 'New Yo...
                                  ^

2026-01-08 02:28:48,018 [ERROR] Failed to ingest member M000143: column "full_name" does not exist
LINE 3:                     WHERE full_name = '' AND state = 'Utah' ...
                                  ^

2026-01-08 02:28:48,821 [ERROR] Failed to ingest member M000139: column "full_name" does not exist
LINE 3:                     WHERE full_name = '' AND state = 'Montan...
                                  ^

2026-01-08 02:28:49,639 [ERROR] Failed to ingest member M000136: column "full_name" does not exist
LINE 3:                     WHERE full_name = '' AND state = 'Pennsy...
                                  ^

2026-01-08 02:28:50,480 [ERROR] Failed to ingest member M000121: column "full_name" does not exist
LINE 3:                     WHERE full_name = '' AND state = 'New Je...
                                  ^

2026-01-08 02:28:51,300 [ERROR] Failed to ingest member M001138: column "full_name" does not exist
LINE 3:                     WHERE full_name = '' AND state = 'Illino...
                                  ^

2026-01-08 02:28:52,104 [ERROR] Failed to ingest member M000117: column "full_name" does not exist
LINE 3:                     WHERE full_name = '' AND state = 'New Yo...
                                  ^

2026-01-08 02:28:52,922 [ERROR] Failed to ingest member M000105: column "full_name" does not exist
LINE 3:                     WHERE full_name = '' AND state = 'South ...
                                  ^

2026-01-08 02:28:53,771 [ERROR] Failed to ingest member M000100: column "full_name" does not exist
LINE 3:                     WHERE full_name = '' AND state = 'Ohio' ...
                                  ^

2026-01-08 02:28:54,560 [ERROR] Failed to ingest member M000078: column "full_name" does not exist
LINE 3:                     WHERE full_name = '' AND state = 'Vermon...
                                  ^

2026-01-08 02:28:55,432 [ERROR] Failed to ingest member M000070: column "full_name" does not exist
LINE 3:                     WHERE full_name = '' AND state = 'Califo...
                                  ^

2026-01-08 02:28:56,267 [ERROR] Failed to ingest member M000065: column "full_name" does not exist
LINE 3:                     WHERE full_name = '' AND state = 'Texas'...
                                  ^

2026-01-08 02:28:57,082 [ERROR] Failed to ingest member M000058: column "full_name" does not exist
LINE 3:                     WHERE full_name = '' AND state = 'New Je...
                                  ^

2026-01-08 02:28:57,878 [ERROR] Failed to ingest member M000041: column "full_name" does not exist
LINE 3:                     WHERE full_name = '' AND state = 'Illino...
                                  ^

2026-01-08 02:28:58,683 [ERROR] Failed to ingest member M000039: column "full_name" does not exist
LINE 3:                     WHERE full_name = '' AND state = 'Indian...
                                  ^

2026-01-08 02:28:59,510 [ERROR] Failed to ingest member M000019: column "full_name" does not exist
LINE 3:                     WHERE full_name = '' AND state = 'Florid...
                                  ^

2026-01-08 02:29:00,338 [ERROR] Failed to ingest member M000015: column "full_name" does not exist
LINE 3:                     WHERE full_name = '' AND state = 'Rhode ...
                                  ^

2026-01-08 02:29:01,184 [ERROR] Failed to ingest member M000005: column "full_name" does not exist
LINE 3:                     WHERE full_name = '' AND state = 'Massac...
                                  ^

2026-01-08 02:29:01,964 [ERROR] Failed to ingest member L000521: column "full_name" does not exist
LINE 3:                     WHERE full_name = '' AND state = 'Minnes...
                                  ^

2026-01-08 02:29:02,794 [ERROR] Failed to ingest member L000517: column "full_name" does not exist
LINE 3:                     WHERE full_name = '' AND state = 'Califo...
                                  ^

2026-01-08 02:29:03,614 [ERROR] Failed to ingest member L000516: column "full_name" does not exist
LINE 3:                     WHERE full_name = '' AND state = 'New Yo...
                                  ^

2026-01-08 02:29:04,420 [ERROR] Failed to ingest member L000509: column "full_name" does not exist
LINE 3:                     WHERE full_name = '' AND state = 'Ohio' ...
                                  ^

2026-01-08 02:29:05,248 [ERROR] Failed to ingest member L000507: column "full_name" does not exist
LINE 3:                     WHERE full_name = '' AND state = 'Ohio' ...
                                  ^

2026-01-08 02:29:06,072 [ERROR] Failed to ingest member L000508: column "full_name" does not exist
LINE 3:                     WHERE full_name = '' AND state = 'Ohio' ...
                                  ^

2026-01-08 02:29:06,879 [ERROR] Failed to ingest member L000506: column "full_name" does not exist
LINE 3:                     WHERE full_name = '' AND state = 'New Me...
                                  ^

2026-01-08 02:29:07,674 [ERROR] Failed to ingest member L000486: column "full_name" does not exist
LINE 3:                     WHERE full_name = '' AND state = 'Washin...
                                  ^

2026-01-08 02:29:08,527 [ERROR] Failed to ingest member L000479: column "full_name" does not exist
LINE 3:                     WHERE full_name = '' AND state = 'Califo...
                                  ^

2026-01-08 02:29:09,323 [ERROR] Failed to ingest member L000447: column "full_name" does not exist
LINE 3:                     WHERE full_name = '' AND state = 'Missis...
                                  ^

2026-01-08 02:29:10,127 [ERROR] Failed to ingest member L000431: column "full_name" does not exist
LINE 3:                     WHERE full_name = '' AND state = 'Maine'...
                                  ^

2026-01-08 02:29:10,947 [ERROR] Failed to ingest member L000420: column "full_name" does not exist
LINE 3:                     WHERE full_name = '' AND state = 'Indian...
                                  ^

2026-01-08 02:29:11,740 [ERROR] Failed to ingest member T000035: column "full_name" does not exist
LINE 3:                     WHERE full_name = '' AND state = 'Georgi...
                                  ^

2026-01-08 02:29:12,549 [ERROR] Failed to ingest member T000010: column "full_name" does not exist
LINE 3:                     WHERE full_name = '' AND state = 'Ohio' ...
                                  ^

2026-01-08 02:29:13,372 [ERROR] Failed to ingest member S001136: column "full_name" does not exist
LINE 3:                     WHERE full_name = '' AND state = 'Missou...
                                  ^

2026-01-08 02:29:14,165 [ERROR] Failed to ingest member S000962: column "full_name" does not exist
LINE 3:                     WHERE full_name = '' AND state = 'Florid...
                                  ^

2026-01-08 02:29:14,962 [ERROR] Failed to ingest member S000907: column "full_name" does not exist
LINE 3:                     WHERE full_name = '' AND state = 'Alabam...
                                  ^

2026-01-08 02:29:15,774 [ERROR] Failed to ingest member S000890: column "full_name" does not exist
LINE 3:                     WHERE full_name = '' AND state = 'Illino...
                                  ^

2026-01-08 02:29:16,583 [ERROR] Failed to ingest member S000888: column "full_name" does not exist
LINE 3:                     WHERE full_name = '' AND state = 'Alaska...
                                  ^

2026-01-08 02:29:17,403 [ERROR] Failed to ingest member S000852: column "full_name" does not exist
LINE 3:                     WHERE full_name = '' AND state = 'Missis...
                                  ^

2026-01-08 02:29:18,224 [ERROR] Failed to ingest member S000776: column "full_name" does not exist
LINE 3:                     WHERE full_name = '' AND state = 'Vermon...
                                  ^

2026-01-08 02:29:19,041 [ERROR] Failed to ingest member S000709: column "full_name" does not exist
LINE 3:                     WHERE full_name = '' AND state = 'Pennsy...
                                  ^

2026-01-08 02:29:19,829 [ERROR] Failed to ingest member S000701: column "full_name" does not exist
LINE 3:                     WHERE full_name = '' AND state = 'Alabam...
                                  ^

2026-01-08 02:29:20,640 [ERROR] Failed to ingest member S000269: column "full_name" does not exist
LINE 3:                     WHERE full_name = '' AND state = 'Califo...
                                  ^

2026-01-08 02:29:21,434 [ERROR] Failed to ingest member S000189: column "full_name" does not exist
LINE 3:                     WHERE full_name = '' AND state = 'Virgin...
                                  ^

2026-01-08 02:29:22,292 [ERROR] Failed to ingest member S000174: column "full_name" does not exist
LINE 3:                     WHERE full_name = '' AND state = 'Pennsy...
                                  ^

2026-01-08 02:29:23,110 [ERROR] Failed to ingest member S000159: column "full_name" does not exist
LINE 3:                     WHERE full_name = '' AND state = 'Pennsy...
                                  ^

2026-01-08 02:29:23,913 [ERROR] Failed to ingest member S000132: column "full_name" does not exist
LINE 3:                     WHERE full_name = '' AND state = 'New Me...
                                  ^

2026-01-08 02:29:24,768 [ERROR] Failed to ingest member S000096: column "full_name" does not exist
LINE 3:                     WHERE full_name = '' AND state = 'Ohio' ...
                                  ^

2026-01-08 02:29:25,646 [ERROR] Failed to ingest member S000055: column "full_name" does not exist
LINE 3:                     WHERE full_name = '' AND state = 'North ...
                                  ^

2026-01-08 02:29:26,447 [ERROR] Failed to ingest member R000497: column "full_name" does not exist
LINE 3:                     WHERE full_name = '' AND state = 'New Ha...
                                  ^

2026-01-08 02:29:27,361 [ERROR] Failed to ingest member R000460: column "full_name" does not exist
LINE 3:                     WHERE full_name = '' AND state = 'Delawa...
                                  ^

2026-01-08 02:29:28,184 [ERROR] Failed to ingest member R000361: column "full_name" does not exist
LINE 3:                     WHERE full_name = '' AND state = 'West V...
                                  ^

2026-01-08 02:29:28,976 [ERROR] Failed to ingest member R000295: column "full_name" does not exist
LINE 3:                     WHERE full_name = '' AND state = 'Virgin...
                                  ^

2026-01-08 02:29:29,809 [ERROR] Failed to ingest member R000191: column "full_name" does not exist
LINE 3:                     WHERE full_name = '' AND state = 'Connec...
                                  ^

2026-01-08 02:29:30,636 [ERROR] Failed to ingest member R000046: column "full_name" does not exist
LINE 3:                     WHERE full_name = '' AND state = 'West V...
                                  ^

2026-01-08 02:29:31,481 [ERROR] Failed to ingest member P000553: column "full_name" does not exist
LINE 3:                     WHERE full_name = '' AND state = 'Wiscon...
                                  ^

2026-01-08 02:29:32,327 [ERROR] Failed to ingest member P000222: column "full_name" does not exist
LINE 3:                     WHERE full_name = '' AND state = 'Illino...
                                  ^

2026-01-08 02:29:33,154 [ERROR] Failed to ingest member P000193: column "full_name" does not exist
LINE 3:                     WHERE full_name = '' AND state = 'Rhode ...
                                  ^

2026-01-08 02:29:34,017 [ERROR] Failed to ingest member P000166: column "full_name" does not exist
LINE 3:                     WHERE full_name = '' AND state = 'Kansas...
                                  ^

2026-01-08 02:29:34,822 [ERROR] Failed to ingest member P000100: column "full_name" does not exist
LINE 3:                     WHERE full_name = '' AND state = 'Rhode ...
                                  ^

2026-01-08 02:29:35,690 [ERROR] Failed to ingest member P000009: column "full_name" does not exist
LINE 3:                     WHERE full_name = '' AND state = 'Oregon...
                                  ^

2026-01-08 02:29:36,512 [ERROR] Failed to ingest member N000171: column "full_name" does not exist
LINE 3:                     WHERE full_name = '' AND state = 'Georgi...
                                  ^

2026-01-08 02:29:37,351 [ERROR] Failed to ingest member N000102: column "full_name" does not exist
LINE 3:                     WHERE full_name = '' AND state = 'Oklaho...
                                  ^

2026-01-08 02:29:38,180 [ERROR] Failed to ingest member N000033: column "full_name" does not exist
LINE 3:                     WHERE full_name = '' AND state = 'Wiscon...
                                  ^

2026-01-08 02:29:39,019 [ERROR] Failed to ingest member M001121: column "full_name" does not exist
LINE 3:                     WHERE full_name = '' AND state = 'Maine'...
                                  ^

2026-01-08 02:29:39,841 [ERROR] Failed to ingest member M001085: column "full_name" does not exist
LINE 3:                     WHERE full_name = '' AND state = 'Alaska...
                                  ^

2026-01-08 02:29:40,681 [ERROR] Failed to ingest member M001054: column "full_name" does not exist
LINE 3:                     WHERE full_name = '' AND state = 'New Yo...
                                  ^

2026-01-08 02:29:41,545 [ERROR] Failed to ingest member M001033: column "full_name" does not exist
LINE 3:                     WHERE full_name = '' AND state = 'Utah' ...
                                  ^

2026-01-08 02:29:42,386 [ERROR] Failed to ingest member M001025: column "full_name" does not exist
LINE 3:                     WHERE full_name = '' AND state = 'Illino...
                                  ^

2026-01-08 02:29:43,199 [ERROR] Failed to ingest member M000956: column "full_name" does not exist
LINE 3:                     WHERE full_name = '' AND state = 'North ...
                                  ^

2026-01-08 02:29:44,040 [ERROR] Failed to ingest member M000876: column "full_name" does not exist
LINE 3:                     WHERE full_name = '' AND state = 'New Me...
                                  ^

2026-01-08 02:29:44,901 [ERROR] Failed to ingest member M000851: column "full_name" does not exist
LINE 3:                     WHERE full_name = '' AND state = 'Minnes...
                                  ^

2026-01-08 02:29:45,717 [ERROR] Failed to ingest member M000811: column "full_name" does not exist
LINE 3:                     WHERE full_name = '' AND state = 'Maine'...
                                  ^

2026-01-08 02:29:46,571 [ERROR] Failed to ingest member M000678: column "full_name" does not exist
LINE 3:                     WHERE full_name = '' AND state = 'Ohio' ...
                                  ^

2026-01-08 02:29:47,386 [ERROR] Failed to ingest member M000671: column "full_name" does not exist
LINE 3:                     WHERE full_name = '' AND state = 'Montan...
                                  ^

2026-01-08 02:29:48,272 [ERROR] Failed to ingest member M000486: column "full_name" does not exist
LINE 3:                     WHERE full_name = '' AND state = 'New Ha...
                                  ^

2026-01-08 02:29:49,102 [ERROR] Failed to ingest member M000452: column "full_name" does not exist
LINE 3:                     WHERE full_name = '' AND state = 'South ...
                                  ^

2026-01-08 02:29:49,918 [ERROR] Failed to ingest member M000445: column "full_name" does not exist
LINE 3:                     WHERE full_name = '' AND state = 'Wyomin...
                                  ^

2026-01-08 02:29:50,784 [ERROR] Failed to ingest member M000346: column "full_name" does not exist
LINE 3:                     WHERE full_name = '' AND state = 'Idaho'...
                                  ^

2026-01-08 02:29:51,623 [ERROR] Failed to ingest member M000332: column "full_name" does not exist
LINE 3:                     WHERE full_name = '' AND state = 'Arkans...
                                  ^

2026-01-08 02:29:52,485 [ERROR] Failed to ingest member M000257: column "full_name" does not exist
LINE 3:                     WHERE full_name = '' AND state = 'Georgi...
                                  ^

2026-01-08 02:29:53,350 [ERROR] Failed to ingest member M000241: column "full_name" does not exist
LINE 3:                     WHERE full_name = '' AND state = 'Maryla...
                                  ^

2026-01-08 02:29:54,165 [ERROR] Failed to ingest member M000236: column "full_name" does not exist
LINE 3:                     WHERE full_name = '' AND state = 'Tennes...
                                  ^

2026-01-08 02:29:54,978 [ERROR] Failed to ingest member M000113: column "full_name" does not exist
LINE 3:                     WHERE full_name = '' AND state = 'Montan...
                                  ^

2026-01-08 02:29:55,828 [ERROR] Failed to ingest member M000053: column "full_name" does not exist
LINE 3:                     WHERE full_name = '' AND state = 'Washin...
                                  ^

2026-01-08 02:29:56,670 [ERROR] Failed to ingest member L000504: column "full_name" does not exist
LINE 3:                     WHERE full_name = '' AND state = 'Indian...
                                  ^

2026-01-08 02:29:57,484 [ERROR] Failed to ingest member L000428: column "full_name" does not exist
LINE 3:                     WHERE full_name = '' AND state = 'Louisi...
                                  ^

2026-01-08 02:29:58,305 [ERROR] Failed to ingest member L000261: column "full_name" does not exist
LINE 3:                     WHERE full_name = '' AND state = 'Michig...
                                  ^

2026-01-08 02:29:59,116 [ERROR] Failed to ingest member L000148: column "full_name" does not exist
LINE 3:                     WHERE full_name = '' AND state = 'Nevada...
                                  ^

2026-01-08 02:29:59,940 [ERROR] Failed to ingest member L000123: column "full_name" does not exist
LINE 3:                     WHERE full_name = '' AND state = 'New Je...
                                  ^

2026-01-08 02:30:00,771 [ERROR] Failed to ingest member K000148: column "full_name" does not exist
LINE 3:                     WHERE full_name = '' AND state = 'Massac...
                                  ^

2026-01-08 02:30:01,685 [ERROR] Failed to ingest member K000146: column "full_name" does not exist
LINE 3:                     WHERE full_name = '' AND state = 'Nebras...
                                  ^

2026-01-08 02:30:02,572 [ERROR] Failed to ingest member K000105: column "full_name" does not exist
LINE 3:                     WHERE full_name = '' AND state = 'Massac...
                                  ^

2026-01-08 02:30:03,464 [ERROR] Failed to ingest member K000088: column "full_name" does not exist
LINE 3:                     WHERE full_name = '' AND state = 'Idaho'...
                                  ^

2026-01-08 02:30:04,338 [ERROR] Failed to ingest member K000017: column "full_name" does not exist
LINE 3:                     WHERE full_name = '' AND state = 'Kansas...
                                  ^

2026-01-08 02:30:05,169 [ERROR] Failed to ingest member K000011: column "full_name" does not exist
LINE 3:                     WHERE full_name = '' AND state = 'Nebras...
                                  ^

2026-01-08 02:30:06,023 [ERROR] Failed to ingest member J000101: column "full_name" does not exist
LINE 3:                     WHERE full_name = '' AND state = 'Iowa' ...
                                  ^

2026-01-08 02:30:06,883 [ERROR] Failed to ingest member J000064: column "full_name" does not exist
LINE 3:                     WHERE full_name = '' AND state = 'New Yo...
                                  ^

2026-01-08 02:30:07,728 [ERROR] Failed to ingest member J000013: column "full_name" does not exist
LINE 3:                     WHERE full_name = '' AND state = 'Washin...
                                  ^

2026-01-08 02:30:08,577 [ERROR] Failed to ingest member I000025: column "full_name" does not exist
LINE 3:                     WHERE full_name = '' AND state = 'Hawaii...
                                  ^

2026-01-08 02:30:09,421 [ERROR] Failed to ingest member H001016: column "full_name" does not exist
LINE 3:                     WHERE full_name = '' AND state = 'Texas'...
                                  ^

2026-01-08 02:30:10,254 [ERROR] Failed to ingest member H000956: column "full_name" does not exist
LINE 3:                     WHERE full_name = '' AND state = 'Minnes...
                                  ^

2026-01-08 02:30:11,112 [ERROR] Failed to ingest member H000953: column "full_name" does not exist
LINE 3:                     WHERE full_name = '' AND state = 'Minnes...
                                  ^

2026-01-08 02:30:11,918 [ERROR] Failed to ingest member H000951: column "full_name" does not exist
LINE 3:                     WHERE full_name = '' AND state = 'New Ha...
                                  ^

2026-01-08 02:30:12,750 [ERROR] Failed to ingest member H000922: column "full_name" does not exist
LINE 3:                     WHERE full_name = '' AND state = 'Iowa' ...
                                  ^

2026-01-08 02:30:13,577 [ERROR] Failed to ingest member H000905: column "full_name" does not exist
LINE 3:                     WHERE full_name = '' AND state = 'Kentuc...
                                  ^

2026-01-08 02:30:14,411 [ERROR] Failed to ingest member H000875: column "full_name" does not exist
LINE 3:                     WHERE full_name = '' AND state = 'Nebras...
                                  ^

2026-01-08 02:30:15,251 [ERROR] Failed to ingest member H000725: column "full_name" does not exist
LINE 3:                     WHERE full_name = '' AND state = 'South ...
                                  ^

2026-01-08 02:30:16,119 [ERROR] Failed to ingest member H000675: column "full_name" does not exist
LINE 3:                     WHERE full_name = '' AND state = 'Arkans...
                                  ^

2026-01-08 02:30:16,970 [ERROR] Failed to ingest member H000463: column "full_name" does not exist
LINE 3:                     WHERE full_name = '' AND state = 'North ...
                                  ^

2026-01-08 02:30:17,811 [ERROR] Failed to ingest member H000445: column "full_name" does not exist
LINE 3:                     WHERE full_name = '' AND state = 'Alabam...
                                  ^

2026-01-08 02:30:18,682 [ERROR] Failed to ingest member H000439: column "full_name" does not exist
LINE 3:                     WHERE full_name = '' AND state = 'Nevada...
                                  ^

2026-01-08 02:30:19,512 [ERROR] Failed to ingest member H000384: column "full_name" does not exist
LINE 3:                     WHERE full_name = '' AND state = 'Califo...
                                  ^

2026-01-08 02:30:20,345 [ERROR] Failed to ingest member H000374: column "full_name" does not exist
LINE 3:                     WHERE full_name = '' AND state = 'Florid...
                                  ^

2026-01-08 02:30:21,167 [ERROR] Failed to ingest member H000346: column "full_name" does not exist
LINE 3:                     WHERE full_name = '' AND state = 'Maine'...
                                  ^

2026-01-08 02:30:22,011 [ERROR] Failed to ingest member H000344: column "full_name" does not exist
LINE 3:                     WHERE full_name = '' AND state = 'Montan...
                                  ^

2026-01-08 02:30:22,846 [ERROR] Failed to ingest member H000343: column "full_name" does not exist
LINE 3:                     WHERE full_name = '' AND state = 'Oregon...
                                  ^

2026-01-08 02:30:23,645 [ERROR] Failed to ingest member H000338: column "full_name" does not exist
LINE 3:                     WHERE full_name = '' AND state = 'Utah' ...
                                  ^

2026-01-08 02:30:24,486 [ERROR] Failed to ingest member H000317: column "full_name" does not exist
LINE 3:                     WHERE full_name = '' AND state = 'Colora...
                                  ^

2026-01-08 02:30:25,351 [ERROR] Failed to ingest member H000297: column "full_name" does not exist
LINE 3:                     WHERE full_name = '' AND state = 'Indian...
                                  ^

2026-01-08 02:30:26,189 [ERROR] Failed to ingest member H000291: column "full_name" does not exist
LINE 3:                     WHERE full_name = '' AND state = 'Michig...
                                  ^

2026-01-08 02:30:27,023 [ERROR] Failed to ingest member H000287: column "full_name" does not exist
LINE 3:                     WHERE full_name = '' AND state = 'Colora...
                                  ^

2026-01-08 02:30:27,868 [ERROR] Failed to ingest member H000170: column "full_name" does not exist
LINE 3:                     WHERE full_name = '' AND state = 'Wyomin...
                                  ^

2026-01-08 02:30:28,719 [ERROR] Failed to ingest member G000531: column "full_name" does not exist
LINE 3:                     WHERE full_name = '' AND state = 'Florid...
                                  ^

2026-01-08 02:30:29,547 [ERROR] Failed to ingest member G000465: column "full_name" does not exist
LINE 3:                     WHERE full_name = '' AND state = 'Michig...
                                  ^

2026-01-08 02:30:30,352 [ERROR] Failed to ingest member G000388: column "full_name" does not exist
LINE 3:                     WHERE full_name = '' AND state = 'Alaska...
                                  ^

2026-01-08 02:30:31,233 [ERROR] Failed to ingest member G000333: column "full_name" does not exist
LINE 3:                     WHERE full_name = '' AND state = 'Washin...
                                  ^

2026-01-08 02:30:32,052 [ERROR] Failed to ingest member G000267: column "full_name" does not exist
LINE 3:                     WHERE full_name = '' AND state = 'Arizon...
                                  ^

2026-01-08 02:30:32,912 [ERROR] Failed to ingest member G000236: column "full_name" does not exist
LINE 3:                     WHERE full_name = '' AND state = 'Ohio' ...
                                  ^

2026-01-08 02:30:33,732 [ERROR] Failed to ingest member G000072: column "full_name" does not exist
LINE 3:                     WHERE full_name = '' AND state = 'Utah' ...
                                  ^

2026-01-08 02:30:34,652 [ERROR] Failed to ingest member F000401: column "full_name" does not exist
LINE 3:                     WHERE full_name = '' AND state = 'Arkans...
                                  ^

2026-01-08 02:30:35,526 [ERROR] Failed to ingest member F000439: column "full_name" does not exist
LINE 3:                     WHERE full_name = '' AND state = 'Tennes...
                                  ^

2026-01-08 02:30:36,326 [ERROR] Failed to ingest member F000438: column "full_name" does not exist
LINE 3:                     WHERE full_name = '' AND state = 'Kansas...
                                  ^

2026-01-08 02:30:37,131 [ERROR] Failed to ingest member F000268: column "full_name" does not exist
LINE 3:                     WHERE full_name = '' AND state = 'Kentuc...
                                  ^

2026-01-08 02:30:38,017 [ERROR] Failed to ingest member F000245: column "full_name" does not exist
LINE 3:                     WHERE full_name = '' AND state = 'Hawaii...
                                  ^

2026-01-08 02:30:38,869 [ERROR] Failed to ingest member F000061: column "full_name" does not exist
LINE 3:                     WHERE full_name = '' AND state = 'Wiscon...
                                  ^

2026-01-08 02:30:39,691 [ERROR] Failed to ingest member F000013: column "full_name" does not exist
LINE 3:                     WHERE full_name = '' AND state = 'Arizon...
                                  ^

2026-01-08 02:30:40,536 [ERROR] Failed to ingest member E000284: column "full_name" does not exist
LINE 3:                     WHERE full_name = '' AND state = 'Nebras...
                                  ^

2026-01-08 02:30:41,370 [ERROR] Failed to ingest member E000211: column "full_name" does not exist
LINE 3:                     WHERE full_name = '' AND state = 'North ...
                                  ^

2026-01-08 02:30:42,271 [ERROR] Failed to ingest member E000018: column "full_name" does not exist
LINE 3:                     WHERE full_name = '' AND state = 'Missis...
                                  ^

2026-01-08 02:30:43,227 [ERROR] Failed to ingest member E000017: column "full_name" does not exist
LINE 3:                     WHERE full_name = '' AND state = 'North ...
                                  ^

2026-01-08 02:30:44,072 [ERROR] Failed to ingest member E000004: column "full_name" does not exist
LINE 3:                     WHERE full_name = '' AND state = 'Missou...
                                  ^

2026-01-08 02:30:44,906 [ERROR] Failed to ingest member D000574: column "full_name" does not exist
LINE 3:                     WHERE full_name = '' AND state = 'New Ha...
                                  ^

2026-01-08 02:30:45,750 [ERROR] Failed to ingest member D000409: column "full_name" does not exist
LINE 3:                     WHERE full_name = '' AND state = 'Colora...
                                  ^

2026-01-08 02:30:46,593 [ERROR] Failed to ingest member D000407: column "full_name" does not exist
LINE 3:                     WHERE full_name = '' AND state = 'New Me...
                                  ^

2026-01-08 02:30:47,442 [ERROR] Failed to ingest member D000401: column "full_name" does not exist
LINE 3:                     WHERE full_name = '' AND state = 'Kansas...
                                  ^

2026-01-08 02:30:48,293 [ERROR] Failed to ingest member D000366: column "full_name" does not exist
LINE 3:                     WHERE full_name = '' AND state = 'Illino...
                                  ^

2026-01-08 02:30:49,173 [ERROR] Failed to ingest member D000259: column "full_name" does not exist
LINE 3:                     WHERE full_name = '' AND state = 'Alabam...
                                  ^

2026-01-08 02:30:50,013 [ERROR] Failed to ingest member D000185: column "full_name" does not exist
LINE 3:                     WHERE full_name = '' AND state = 'Arizon...
                                  ^

2026-01-08 02:30:50,831 [ERROR] Failed to ingest member D000030: column "full_name" does not exist
LINE 3:                     WHERE full_name = '' AND state = 'Missou...
                                  ^

2026-01-08 02:30:51,690 [ERROR] Failed to ingest member D000018: column "full_name" does not exist
LINE 3:                     WHERE full_name = '' AND state = 'New Yo...
                                  ^

2026-01-08 02:30:52,517 [ERROR] Failed to ingest member C001006: column "full_name" does not exist
LINE 3:                     WHERE full_name = '' AND state = 'Nebras...
                                  ^

2026-01-08 02:30:53,375 [ERROR] Failed to ingest member C000877: column "full_name" does not exist
LINE 3:                     WHERE full_name = '' AND state = 'Califo...
                                  ^

2026-01-08 02:30:54,197 [ERROR] Failed to ingest member C000813: column "full_name" does not exist
LINE 3:                     WHERE full_name = '' AND state = 'Georgi...
                                  ^

2026-01-08 02:30:55,030 [ERROR] Failed to ingest member C000705: column "full_name" does not exist
LINE 3:                     WHERE full_name = '' AND state = 'North ...
                                  ^

2026-01-08 02:30:55,891 [ERROR] Failed to ingest member N000113: column "full_name" does not exist
LINE 3:                     WHERE full_name = '' AND state = 'Pennsy...
                                  ^

2026-01-08 02:30:56,709 [ERROR] Failed to ingest member N000106: column "full_name" does not exist
LINE 3:                     WHERE full_name = '' AND state = 'Utah' ...
                                  ^

2026-01-08 02:30:57,553 [ERROR] Failed to ingest member N000094: column "full_name" does not exist
LINE 3:                     WHERE full_name = '' AND state = 'Kansas...
                                  ^

2026-01-08 02:30:58,409 [ERROR] Failed to ingest member N000095: column "full_name" does not exist
LINE 3:                     WHERE full_name = '' AND state = 'Alabam...
                                  ^

2026-01-08 02:30:59,252 [ERROR] Failed to ingest member N000081: column "full_name" does not exist
LINE 3:                     WHERE full_name = '' AND state = 'Ohio' ...
                                  ^

2026-01-08 02:31:00,089 [ERROR] Failed to ingest member N000054: column "full_name" does not exist
LINE 3:                     WHERE full_name = '' AND state = 'Wiscon...
                                  ^

2026-01-08 02:31:00,920 [ERROR] Failed to ingest member C000567: column "full_name" does not exist
LINE 3:                     WHERE full_name = '' AND state = 'Missis...
                                  ^

2026-01-08 02:31:01,808 [ERROR] Failed to ingest member C000388: column "full_name" does not exist
LINE 3:                     WHERE full_name = '' AND state = 'Idaho'...
                                  ^

2026-01-08 02:31:02,646 [ERROR] Failed to ingest member C000356: column "full_name" does not exist
LINE 3:                     WHERE full_name = '' AND state = 'Florid...
                                  ^

2026-01-08 02:31:03,494 [ERROR] Failed to ingest member C000269: column "full_name" does not exist
LINE 3:                     WHERE full_name = '' AND state = 'Rhode ...
                                  ^

2026-01-08 02:31:04,406 [ERROR] Failed to ingest member C000220: column "full_name" does not exist
LINE 3:                     WHERE full_name = '' AND state = 'New Je...
                                  ^

2026-01-08 02:31:05,229 [ERROR] Failed to ingest member C000120: column "full_name" does not exist
LINE 3:                     WHERE full_name = '' AND state = 'Nevada...
                                  ^

2026-01-08 02:31:06,131 [ERROR] Failed to ingest member B001209: column "full_name" does not exist
LINE 3:                     WHERE full_name = '' AND state = 'Virgin...
                                  ^

2026-01-08 02:31:06,971 [ERROR] Failed to ingest member B001210: column "full_name" does not exist
LINE 3:                     WHERE full_name = '' AND state = 'West V...
                                  ^

2026-01-08 02:31:07,832 [ERROR] Failed to ingest member B001126: column "full_name" does not exist
LINE 3:                     WHERE full_name = '' AND state = 'Montan...
                                  ^

2026-01-08 02:31:08,652 [ERROR] Failed to ingest member B001077: column "full_name" does not exist
LINE 3:                     WHERE full_name = '' AND state = 'North ...
                                  ^

2026-01-08 02:31:09,523 [ERROR] Failed to ingest member B001076: column "full_name" does not exist
LINE 3:                     WHERE full_name = '' AND state = 'North ...
                                  ^

2026-01-08 02:31:10,371 [ERROR] Failed to ingest member B001057: column "full_name" does not exist
LINE 3:                     WHERE full_name = '' AND state = 'Arkans...
                                  ^

2026-01-08 02:31:11,235 [ERROR] Failed to ingest member B000993: column "full_name" does not exist
LINE 3:                     WHERE full_name = '' AND state = 'Nevada...
                                  ^

2026-01-08 02:31:12,095 [ERROR] Failed to ingest member B000871: column "full_name" does not exist
LINE 3:                     WHERE full_name = '' AND state = 'Massac...
                                  ^

2026-01-08 02:31:12,982 [ERROR] Failed to ingest member B000851: column "full_name" does not exist
LINE 3:                     WHERE full_name = '' AND state = 'Tennes...
                                  ^

2026-01-08 02:31:13,812 [ERROR] Failed to ingest member B000756: column "full_name" does not exist
LINE 3:                     WHERE full_name = '' AND state = 'New Je...
                                  ^

2026-01-08 02:31:14,652 [ERROR] Failed to ingest member B001225: column "full_name" does not exist
LINE 3:                     WHERE full_name = '' AND state = 'New Je...
                                  ^

2026-01-08 02:31:15,455 [ERROR] Failed to ingest member B000647: column "full_name" does not exist
LINE 3:                     WHERE full_name = '' AND state = 'Minnes...
                                  ^

2026-01-08 02:31:16,291 [ERROR] Failed to ingest member B000468: column "full_name" does not exist
LINE 3:                     WHERE full_name = '' AND state = 'New Me...
                                  ^

2026-01-08 02:31:17,093 [ERROR] Failed to ingest member B000444: column "full_name" does not exist
LINE 3:                     WHERE full_name = '' AND state = 'Delawa...
                                  ^

2026-01-08 02:31:17,979 [ERROR] Failed to ingest member B000436: column "full_name" does not exist
LINE 3:                     WHERE full_name = '' AND state = 'Nevada...
                                  ^

2026-01-08 02:31:18,832 [ERROR] Failed to ingest member W000154: column "full_name" does not exist
LINE 3:                     WHERE full_name = '' AND state = 'Virgin...
                                  ^

2026-01-08 02:31:19,649 [ERROR] Failed to ingest member S001142: column "full_name" does not exist
LINE 3:                     WHERE full_name = '' AND state = 'Oregon...
                                  ^

2026-01-08 02:31:20,493 [ERROR] Failed to ingest member L000035: column "full_name" does not exist
LINE 3:                     WHERE full_name = '' AND state = 'Arkans...
                                  ^

2026-01-08 02:31:21,323 [ERROR] Failed to ingest member L000550: column "full_name" does not exist
LINE 3:                     WHERE full_name = '' AND state = 'Louisi...
                                  ^

2026-01-08 02:31:22,144 [ERROR] Failed to ingest member R000578: column "full_name" does not exist
LINE 3:                     WHERE full_name = '' AND state = 'Washin...
                                  ^

2026-01-08 02:31:22,972 [ERROR] Failed to ingest member D000605: column "full_name" does not exist
LINE 3:                     WHERE full_name = '' AND state = 'Virgin...
                                  ^

2026-01-08 02:31:23,811 [ERROR] Failed to ingest member M001158: column "full_name" does not exist
LINE 3:                     WHERE full_name = '' AND state = 'Texas'...
                                  ^

2026-01-08 02:31:24,673 [ERROR] Failed to ingest member C001062: column "full_name" does not exist
LINE 3:                     WHERE full_name = '' AND state = 'Texas'...
                                  ^

2026-01-08 02:31:25,511 [ERROR] Failed to ingest member P000592: column "full_name" does not exist
LINE 3:                     WHERE full_name = '' AND state = 'Texas'...
                                  ^

2026-01-08 02:31:26,374 [ERROR] Failed to ingest member F000452: column "full_name" does not exist
LINE 3:                     WHERE full_name = '' AND state = 'Puerto...
                                  ^

2026-01-08 02:31:27,206 [ERROR] Failed to ingest member D000604: column "full_name" does not exist
LINE 3:                     WHERE full_name = '' AND state = 'Pennsy...
                                  ^

2026-01-08 02:31:28,091 [ERROR] Failed to ingest member S001162: column "full_name" does not exist
LINE 3:                     WHERE full_name = '' AND state = 'Pennsy...
                                  ^

2026-01-08 02:31:28,934 [ERROR] Failed to ingest member F000451: column "full_name" does not exist
LINE 3:                     WHERE full_name = '' AND state = 'Pennsy...
                                  ^

2026-01-08 02:31:29,769 [ERROR] Failed to ingest member B001254: column "full_name" does not exist
LINE 3:                     WHERE full_name = '' AND state = 'Oklaho...
                                  ^

2026-01-08 02:31:30,612 [ERROR] Failed to ingest member K000364: column "full_name" does not exist
LINE 3:                     WHERE full_name = '' AND state = 'New Yo...
                                  ^

2026-01-08 02:31:31,479 [ERROR] Failed to ingest member C001060: column "full_name" does not exist
LINE 3:                     WHERE full_name = '' AND state = 'Missou...
                                  ^

2026-01-08 02:31:32,350 [ERROR] Failed to ingest member S001161: column "full_name" does not exist
LINE 3:                     WHERE full_name = '' AND state = 'Michig...
                                  ^

2026-01-08 02:31:33,211 [ERROR] Failed to ingest member B001255: column "full_name" does not exist
LINE 3:                     WHERE full_name = '' AND state = 'Louisi...
                                  ^

2026-01-08 02:31:34,053 [ERROR] Failed to ingest member M001161: column "full_name" does not exist
LINE 3:                     WHERE full_name = '' AND state = 'Louisi...
                                  ^

2026-01-08 02:31:34,912 [ERROR] Failed to ingest member D000603: column "full_name" does not exist
LINE 3:                     WHERE full_name = '' AND state = 'Kentuc...
                                  ^

2026-01-08 02:31:35,769 [ERROR] Failed to ingest member S001160: column "full_name" does not exist
LINE 3:                     WHERE full_name = '' AND state = 'Indian...
                                  ^

2026-01-08 02:31:36,643 [ERROR] Failed to ingest member B001253: column "full_name" does not exist
LINE 3:                     WHERE full_name = '' AND state = 'Illino...
                                  ^

2026-01-08 02:31:37,495 [ERROR] Failed to ingest member L000563: column "full_name" does not exist
LINE 3:                     WHERE full_name = '' AND state = 'Illino...
                                  ^

2026-01-08 02:31:38,370 [ERROR] Failed to ingest member B001252: column "full_name" does not exist
LINE 3:                     WHERE full_name = '' AND state = 'Georgi...
                                  ^

2026-01-08 02:31:39,348 [ERROR] Failed to ingest member W000796: column "full_name" does not exist
LINE 3:                     WHERE full_name = '' AND state = 'Georgi...
                                  ^

2026-01-08 02:31:40,174 [ERROR] Failed to ingest member P000591: column "full_name" does not exist
LINE 3:                     WHERE full_name = '' AND state = 'Georgi...
                                  ^

2026-01-08 02:31:41,032 [ERROR] Failed to ingest member M001155: column "full_name" does not exist
LINE 3:                     WHERE full_name = '' AND state = 'Florid...
                                  ^

2026-01-08 02:31:41,828 [ERROR] Failed to ingest member S001158: column "full_name" does not exist
LINE 3:                     WHERE full_name = '' AND state = 'Colora...
                                  ^

2026-01-08 02:31:42,731 [ERROR] Failed to ingest member H001037: column "full_name" does not exist
LINE 3:                     WHERE full_name = '' AND state = 'South ...
                                  ^

2026-01-08 02:31:43,571 [ERROR] Failed to ingest member C001058: column "full_name" does not exist
LINE 3:                     WHERE full_name = '' AND state = 'Kentuc...
                                  ^

2026-01-08 02:31:44,456 [ERROR] Failed to ingest member B001250: column "full_name" does not exist
LINE 3:                     WHERE full_name = '' AND state = 'Utah' ...
                                  ^

2026-01-08 02:31:45,276 [ERROR] Failed to ingest member B001241: column "full_name" does not exist
LINE 3:                     WHERE full_name = '' AND state = 'Texas'...
                                  ^

2026-01-08 02:31:46,114 [ERROR] Failed to ingest member H001036: column "full_name" does not exist
LINE 3:                     WHERE full_name = '' AND state = 'Texas'...
                                  ^

2026-01-08 02:31:46,966 [ERROR] Failed to ingest member D000599: column "full_name" does not exist
LINE 3:                     WHERE full_name = '' AND state = 'Tennes...
                                  ^

2026-01-08 02:31:47,847 [ERROR] Failed to ingest member J000286: column "full_name" does not exist
LINE 3:                     WHERE full_name = '' AND state = 'South ...
                                  ^

2026-01-08 02:31:48,653 [ERROR] Failed to ingest member B001239: column "full_name" does not exist
LINE 3:                     WHERE full_name = '' AND state = 'South ...
                                  ^

2026-01-08 02:31:49,527 [ERROR] Failed to ingest member M001151: column "full_name" does not exist
LINE 3:                     WHERE full_name = '' AND state = 'Pennsy...
                                  ^

2026-01-08 02:31:50,353 [ERROR] Failed to ingest member G000549: column "full_name" does not exist
LINE 3:                     WHERE full_name = '' AND state = 'Pennsy...
                                  ^

2026-01-08 02:31:51,191 [ERROR] Failed to ingest member B001242: column "full_name" does not exist
LINE 3:                     WHERE full_name = '' AND state = 'New Yo...
                                  ^

2026-01-08 02:31:52,031 [ERROR] Failed to ingest member P000589: column "full_name" does not exist
LINE 3:                     WHERE full_name = '' AND state = 'Nevada...
                                  ^

2026-01-08 02:31:52,872 [ERROR] Failed to ingest member P000588: column "full_name" does not exist
LINE 3:                     WHERE full_name = '' AND state = 'New Me...
                                  ^

2026-01-08 02:31:53,711 [ERROR] Failed to ingest member G000548: column "full_name" does not exist
LINE 3:                     WHERE full_name = '' AND state = 'New Je...
                                  ^

2026-01-08 02:31:54,585 [ERROR] Failed to ingest member B001246: column "full_name" does not exist
LINE 3:                     WHERE full_name = '' AND state = 'New Ha...
                                  ^

2026-01-08 02:31:55,428 [ERROR] Failed to ingest member M001154: column "full_name" does not exist
LINE 3:                     WHERE full_name = '' AND state = 'North ...
                                  ^

2026-01-08 02:31:56,280 [ERROR] Failed to ingest member B001238: column "full_name" does not exist
LINE 3:                     WHERE full_name = '' AND state = 'North ...
                                  ^

2026-01-08 02:31:57,134 [ERROR] Failed to ingest member K000363: column "full_name" does not exist
LINE 3:                     WHERE full_name = '' AND state = 'Minnes...
                                  ^

2026-01-08 02:31:58,025 [ERROR] Failed to ingest member M001147: column "full_name" does not exist
LINE 3:                     WHERE full_name = '' AND state = 'Michig...
                                  ^

2026-01-08 02:31:58,860 [ERROR] Failed to ingest member M001150: column "full_name" does not exist
LINE 3:                     WHERE full_name = '' AND state = 'Michig...
                                  ^

2026-01-08 02:31:59,689 [ERROR] Failed to ingest member M001149: column "full_name" does not exist
LINE 3:                     WHERE full_name = '' AND state = 'Maine'...
                                  ^

2026-01-08 02:32:00,532 [ERROR] Failed to ingest member A000361: column "full_name" does not exist
LINE 3:                     WHERE full_name = '' AND state = 'Louisi...
                                  ^

2026-01-08 02:32:01,373 [ERROR] Failed to ingest member C001052: column "full_name" does not exist
LINE 3:                     WHERE full_name = '' AND state = 'Indian...
                                  ^

2026-01-08 02:32:02,231 [ERROR] Failed to ingest member E000287: column "full_name" does not exist
LINE 3:                     WHERE full_name = '' AND state = 'Illino...
                                  ^

2026-01-08 02:32:03,050 [ERROR] Failed to ingest member K000362: column "full_name" does not exist
LINE 3:                     WHERE full_name = '' AND state = 'Iowa' ...
                                  ^

2026-01-08 02:32:03,894 [ERROR] Failed to ingest member B001245: column "full_name" does not exist
LINE 3:                     WHERE full_name = '' AND state = 'Guam' ...
                                  ^

2026-01-08 02:32:04,733 [ERROR] Failed to ingest member B001249: column "full_name" does not exist
LINE 3:                     WHERE full_name = '' AND state = 'Georgi...
                                  ^

2026-01-08 02:32:05,554 [ERROR] Failed to ingest member G000550: column "full_name" does not exist
LINE 3:                     WHERE full_name = '' AND state = 'Georgi...
                                  ^

2026-01-08 02:32:06,435 [ERROR] Failed to ingest member M001145: column "full_name" does not exist
LINE 3:                     WHERE full_name = '' AND state = 'Georgi...
                                  ^

2026-01-08 02:32:07,261 [ERROR] Failed to ingest member M001146: column "full_name" does not exist
LINE 3:                     WHERE full_name = '' AND state = 'Georgi...
                                  ^

2026-01-08 02:32:08,064 [ERROR] Failed to ingest member F000447: column "full_name" does not exist
LINE 3:                     WHERE full_name = '' AND state = 'Florid...
                                  ^

2026-01-08 02:32:08,876 [ERROR] Failed to ingest member M001148: column "full_name" does not exist
LINE 3:                     WHERE full_name = '' AND state = 'Florid...
                                  ^

2026-01-08 02:32:09,693 [ERROR] Failed to ingest member H001035: column "full_name" does not exist
LINE 3:                     WHERE full_name = '' AND state = 'Florid...
                                  ^

2026-01-08 02:32:10,579 [ERROR] Failed to ingest member B001247: column "full_name" does not exist
LINE 3:                     WHERE full_name = '' AND state = 'Florid...
                                  ^

2026-01-08 02:32:11,427 [ERROR] Failed to ingest member B001240: column "full_name" does not exist
LINE 3:                     WHERE full_name = '' AND state = 'Colora...
                                  ^

2026-01-08 02:32:12,295 [ERROR] Failed to ingest member M001152: column "full_name" does not exist
LINE 3:                     WHERE full_name = '' AND state = 'Colora...
                                  ^

2026-01-08 02:32:13,133 [ERROR] Failed to ingest member C001050: column "full_name" does not exist
LINE 3:                     WHERE full_name = '' AND state = 'Califo...
                                  ^

2026-01-08 02:32:13,956 [ERROR] Failed to ingest member F000448: column "full_name" does not exist
LINE 3:                     WHERE full_name = '' AND state = 'Arizon...
                                  ^

2026-01-08 02:32:14,805 [ERROR] Failed to ingest member R000574: column "full_name" does not exist
LINE 3:                     WHERE full_name = '' AND state = 'Arizon...
                                  ^

2026-01-08 02:32:15,632 [ERROR] Failed to ingest member D000602: column "full_name" does not exist
LINE 3:                     WHERE full_name = '' AND state = 'Alabam...
                                  ^

2026-01-08 02:32:16,464 [ERROR] Failed to ingest member B001244: column "full_name" does not exist
LINE 3:                     WHERE full_name = '' AND state = 'Alabam...
                                  ^

2026-01-08 02:32:17,314 [ERROR] Failed to ingest member P000590: column "full_name" does not exist
LINE 3:                     WHERE full_name = '' AND state = 'Arkans...
                                  ^

2026-01-08 02:32:18,103 [ERROR] Failed to ingest member N000182: column "full_name" does not exist
LINE 3:                     WHERE full_name = '' AND state = 'Texas'...
                                  ^

2026-01-08 02:32:18,912 [ERROR] Failed to ingest member D000601: column "full_name" does not exist
LINE 3:                     WHERE full_name = '' AND state = 'North ...
                                  ^

2026-01-08 02:32:19,787 [ERROR] Failed to ingest member C001057: column "full_name" does not exist
LINE 3:                     WHERE full_name = '' AND state = 'Minnes...
                                  ^

2026-01-08 02:32:20,665 [ERROR] Failed to ingest member A000360: column "full_name" does not exist
LINE 3:                     WHERE full_name = '' AND state = 'Tennes...
                                  ^

2026-01-08 02:32:21,473 [ERROR] Failed to ingest member B001237: column "full_name" does not exist
LINE 3:                     WHERE full_name = '' AND state = 'Minnes...
                                  ^

2026-01-08 02:32:22,305 [ERROR] Failed to ingest member S001155: column "full_name" does not exist
LINE 3:                     WHERE full_name = '' AND state = 'Oklaho...
                                  ^

2026-01-08 02:32:23,124 [ERROR] Failed to ingest member M001144: column "full_name" does not exist
LINE 3:                     WHERE full_name = '' AND state = 'Florid...
                                  ^

2026-01-08 02:32:23,979 [ERROR] Failed to ingest member F000445: column "full_name" does not exist
LINE 3:                     WHERE full_name = '' AND state = 'Virgin...
                                  ^

2026-01-08 02:32:24,806 [ERROR] Failed to ingest member W000794: column "full_name" does not exist
LINE 3:                     WHERE full_name = '' AND state = 'Califo...
                                  ^

2026-01-08 02:32:25,683 [ERROR] Failed to ingest member S001154: column "full_name" does not exist
LINE 3:                     WHERE full_name = '' AND state = 'Pennsy...
                                  ^

2026-01-08 02:32:26,526 [ERROR] Failed to ingest member A000359: column "full_name" does not exist
LINE 3:                     WHERE full_name = '' AND state = 'Puerto...
                                  ^

2026-01-08 02:32:27,363 [ERROR] Failed to ingest member C001046: column "full_name" does not exist
LINE 3:                     WHERE full_name = '' AND state = 'Virgin...
                                  ^

2026-01-08 02:32:28,199 [ERROR] Failed to ingest member S001151: column "full_name" does not exist
LINE 3:                     WHERE full_name = '' AND state = 'Virgin...
                                  ^

2026-01-08 02:32:29,068 [ERROR] Failed to ingest member D000597: column "full_name" does not exist
LINE 3:                     WHERE full_name = '' AND state = 'Virgin...
                                  ^

2026-01-08 02:32:29,877 [ERROR] Failed to ingest member M001142: column "full_name" does not exist
LINE 3:                     WHERE full_name = '' AND state = 'Utah' ...
                                  ^

2026-01-08 02:32:30,726 [ERROR] Failed to ingest member C001048: column "full_name" does not exist
LINE 3:                     WHERE full_name = '' AND state = 'Texas'...
                                  ^

2026-01-08 02:32:31,578 [ERROR] Failed to ingest member B001235: column "full_name" does not exist
LINE 3:                     WHERE full_name = '' AND state = 'South ...
                                  ^

2026-01-08 02:32:32,417 [ERROR] Failed to ingest member P000585: column "full_name" does not exist
LINE 3:                     WHERE full_name = '' AND state = 'Pennsy...
                                  ^

2026-01-08 02:32:33,277 [ERROR] Failed to ingest member H001033: column "full_name" does not exist
LINE 3:                     WHERE full_name = '' AND state = 'Pennsy...
                                  ^

2026-01-08 02:32:34,115 [ERROR] Failed to ingest member C001044: column "full_name" does not exist
LINE 3:                     WHERE full_name = '' AND state = 'Oklaho...
                                  ^

2026-01-08 02:32:35,015 [ERROR] Failed to ingest member T000462: column "full_name" does not exist
LINE 3:                     WHERE full_name = '' AND state = 'Ohio' ...
                                  ^

2026-01-08 02:32:35,873 [ERROR] Failed to ingest member I000057: column "full_name" does not exist
LINE 3:                     WHERE full_name = '' AND state = 'New Yo...
                                  ^

2026-01-08 02:32:36,719 [ERROR] Failed to ingest member G000547: column "full_name" does not exist
LINE 3:                     WHERE full_name = '' AND state = 'New Yo...
                                  ^

2026-01-08 02:32:37,550 [ERROR] Failed to ingest member F000443: column "full_name" does not exist
LINE 3:                     WHERE full_name = '' AND state = 'New Je...
                                  ^

2026-01-08 02:32:38,394 [ERROR] Failed to ingest member O000165: column "full_name" does not exist
LINE 3:                     WHERE full_name = '' AND state = 'Nebras...
                                  ^

2026-01-08 02:32:39,210 [ERROR] Failed to ingest member A000358: column "full_name" does not exist
LINE 3:                     WHERE full_name = '' AND state = 'Missou...
                                  ^

2026-01-08 02:32:40,047 [ERROR] Failed to ingest member C001049: column "full_name" does not exist
LINE 3:                     WHERE full_name = '' AND state = 'Missou...
                                  ^

2026-01-08 02:32:40,857 [ERROR] Failed to ingest member K000358: column "full_name" does not exist
LINE 3:                     WHERE full_name = '' AND state = 'Minnes...
                                  ^

2026-01-08 02:32:41,705 [ERROR] Failed to ingest member R000572: column "full_name" does not exist
LINE 3:                     WHERE full_name = '' AND state = 'Michig...
                                  ^

2026-01-08 02:32:42,556 [ERROR] Failed to ingest member K000359: column "full_name" does not exist
LINE 3:                     WHERE full_name = '' AND state = 'Indian...
                                  ^

2026-01-08 02:32:43,396 [ERROR] Failed to ingest member P000587: column "full_name" does not exist
LINE 3:                     WHERE full_name = '' AND state = 'Indian...
                                  ^

2026-01-08 02:32:44,225 [ERROR] Failed to ingest member J000285: column "full_name" does not exist
LINE 3:                     WHERE full_name = '' AND state = 'Illino...
                                  ^

2026-01-08 02:32:45,062 [ERROR] Failed to ingest member O000166: column "full_name" does not exist
LINE 3:                     WHERE full_name = '' AND state = 'Idaho'...
                                  ^

2026-01-08 02:32:45,878 [ERROR] Failed to ingest member P000586: column "full_name" does not exist
LINE 3:                     WHERE full_name = '' AND state = 'Florid...
                                  ^

2026-01-08 02:32:46,709 [ERROR] Failed to ingest member K000361: column "full_name" does not exist
LINE 3:                     WHERE full_name = '' AND state = 'Florid...
                                  ^

2026-01-08 02:32:47,521 [ERROR] Failed to ingest member C001045: column "full_name" does not exist
LINE 3:                     WHERE full_name = '' AND state = 'Florid...
                                  ^

2026-01-08 02:32:48,363 [ERROR] Failed to ingest member S001152: column "full_name" does not exist
LINE 3:                     WHERE full_name = '' AND state = 'Connec...
                                  ^

2026-01-08 02:32:49,189 [ERROR] Failed to ingest member D000598: column "full_name" does not exist
LINE 3:                     WHERE full_name = '' AND state = 'Califo...
                                  ^

2026-01-08 02:32:50,031 [ERROR] Failed to ingest member H001034: column "full_name" does not exist
LINE 3:                     WHERE full_name = '' AND state = 'Califo...
                                  ^

2026-01-08 02:32:50,885 [ERROR] Failed to ingest member F000444: column "full_name" does not exist
LINE 3:                     WHERE full_name = '' AND state = 'Arizon...
                                  ^

2026-01-08 02:32:51,703 [ERROR] Failed to ingest member R000573: column "full_name" does not exist
LINE 3:                     WHERE full_name = '' AND state = 'Arkans...
                                  ^

2026-01-08 02:32:52,505 [ERROR] Failed to ingest member C001042: column "full_name" does not exist
LINE 3:                     WHERE full_name = '' AND state = 'New Je...
                                  ^

2026-01-08 02:32:53,347 [ERROR] Failed to ingest member N000180: column "full_name" does not exist
LINE 3:                     WHERE full_name = '' AND state = 'Nebras...
                                  ^

2026-01-08 02:32:54,212 [ERROR] Failed to ingest member D000596: column "full_name" does not exist
LINE 3:                     WHERE full_name = '' AND state = 'Minnes...
                                  ^

2026-01-08 02:32:55,031 [ERROR] Failed to ingest member V000087: column "full_name" does not exist
LINE 3:                     WHERE full_name = '' AND state = 'Minnes...
                                  ^

2026-01-08 02:32:55,855 [ERROR] Failed to ingest member M001141: column "full_name" does not exist
LINE 3:                     WHERE full_name = '' AND state = 'Georgi...
                                  ^

2026-01-08 02:32:56,696 [ERROR] Failed to ingest member B000229: column "full_name" does not exist
LINE 3:                     WHERE full_name = '' AND state = 'Virgin...
                                  ^

2026-01-08 02:32:57,533 [ERROR] Failed to ingest member B001234: column "full_name" does not exist
LINE 3:                     WHERE full_name = '' AND state = 'Califo...
                                  ^

2026-01-08 02:32:58,365 [ERROR] Failed to ingest member C001040: column "full_name" does not exist
LINE 3:                     WHERE full_name = '' AND state = 'Rhode ...
                                  ^

2026-01-08 02:32:59,226 [ERROR] Failed to ingest member F000187: column "full_name" does not exist
LINE 3:                     WHERE full_name = '' AND state = 'Illino...
                                  ^

2026-01-08 02:33:00,055 [ERROR] Failed to ingest member F000184: column "full_name" does not exist
LINE 3:                     WHERE full_name = '' AND state = 'New Yo...
                                  ^

2026-01-08 02:33:00,955 [ERROR] Failed to ingest member F000161: column "full_name" does not exist
LINE 3:                     WHERE full_name = '' AND state = 'Indian...
                                  ^

2026-01-08 02:33:01,811 [ERROR] Failed to ingest member F000152: column "full_name" does not exist
LINE 3:                     WHERE full_name = '' AND state = 'Texas'...
                                  ^

2026-01-08 02:33:02,663 [ERROR] Failed to ingest member F000151: column "full_name" does not exist
LINE 3:                     WHERE full_name = '' AND state = 'Virgin...
                                  ^

2026-01-08 02:33:03,554 [ERROR] Failed to ingest member F000141: column "full_name" does not exist
LINE 3:                     WHERE full_name = '' AND state = 'New Yo...
                                  ^

2026-01-08 02:33:04,355 [ERROR] Failed to ingest member C000868: column "full_name" does not exist
LINE 3:                     WHERE full_name = '' AND state = 'Alabam...
                                  ^

2026-01-08 02:33:05,266 [ERROR] Failed to ingest member C000858: column "full_name" does not exist
LINE 3:                     WHERE full_name = '' AND state = 'Idaho'...
                                  ^

2026-01-08 02:33:06,099 [ERROR] Failed to ingest member C000846: column "full_name" does not exist
LINE 3:                     WHERE full_name = '' AND state = 'Pennsy...
                                  ^

2026-01-08 02:33:06,907 [ERROR] Failed to ingest member C000845: column "full_name" does not exist
LINE 3:                     WHERE full_name = '' AND state = 'Pennsy...
                                  ^

2026-01-08 02:33:07,718 [ERROR] Failed to ingest member C000836: column "full_name" does not exist
LINE 3:                     WHERE full_name = '' AND state = 'Illino...
                                  ^

2026-01-08 02:33:08,555 [ERROR] Failed to ingest member C000830: column "full_name" does not exist
LINE 3:                     WHERE full_name = '' AND state = 'Califo...
                                  ^

2026-01-08 02:33:09,369 [ERROR] Failed to ingest member C000809: column "full_name" does not exist
LINE 3:                     WHERE full_name = '' AND state = 'New Je...
                                  ^

2026-01-08 02:33:10,178 [ERROR] Failed to ingest member C000807: column "full_name" does not exist
LINE 3:                     WHERE full_name = '' AND state = 'Pennsy...
                                  ^

2026-01-08 02:33:11,055 [ERROR] Failed to ingest member C000799: column "full_name" does not exist
LINE 3:                     WHERE full_name = '' AND state = 'Connec...
                                  ^

2026-01-08 02:33:11,907 [ERROR] Failed to ingest member C000794: column "full_name" does not exist
LINE 3:                     WHERE full_name = '' AND state = 'Illino...
                                  ^

2026-01-08 02:33:12,696 [ERROR] Failed to ingest member C000788: column "full_name" does not exist
LINE 3:                     WHERE full_name = '' AND state = 'Puerto...
                                  ^

2026-01-08 02:33:13,559 [ERROR] Failed to ingest member C000787: column "full_name" does not exist
LINE 3:                     WHERE full_name = '' AND state = 'Indian...
                                  ^

2026-01-08 02:33:14,376 [ERROR] Failed to ingest member C000782: column "full_name" does not exist
LINE 3:                     WHERE full_name = '' AND state = 'Wiscon...
                                  ^

2026-01-08 02:33:15,196 [ERROR] Failed to ingest member C000780: column "full_name" does not exist
LINE 3:                     WHERE full_name = '' AND state = 'Califo...
                                  ^

2026-01-08 02:33:16,058 [ERROR] Failed to ingest member C000773: column "full_name" does not exist
LINE 3:                     WHERE full_name = '' AND state = 'Illino...
                                  ^

2026-01-08 02:33:16,896 [ERROR] Failed to ingest member C000767: column "full_name" does not exist
LINE 3:                     WHERE full_name = '' AND state = 'Arizon...
                                  ^

2026-01-08 02:33:17,718 [ERROR] Failed to ingest member C000737: column "full_name" does not exist
LINE 3:                     WHERE full_name = '' AND state = 'Oregon...
                                  ^

2026-01-08 02:33:18,548 [ERROR] Failed to ingest member C000714: column "full_name" does not exist
LINE 3:                     WHERE full_name = '' AND state = 'Michig...
                                  ^

2026-01-08 02:33:19,370 [ERROR] Failed to ingest member C000709: column "full_name" does not exist
LINE 3:                     WHERE full_name = '' AND state = 'Massac...
                                  ^

2026-01-08 02:33:20,227 [ERROR] Failed to ingest member C000682: column "full_name" does not exist
LINE 3:                     WHERE full_name = '' AND state = 'Arizon...
                                  ^

2026-01-08 02:33:21,097 [ERROR] Failed to ingest member C000670: column "full_name" does not exist
LINE 3:                     WHERE full_name = '' AND state = 'Califo...
                                  ^

2026-01-08 02:33:21,897 [ERROR] Failed to ingest member C000666: column "full_name" does not exist
LINE 3:                     WHERE full_name = '' AND state = 'New Yo...
                                  ^

2026-01-08 02:33:22,714 [ERROR] Failed to ingest member C000653: column "full_name" does not exist
LINE 3:                     WHERE full_name = '' AND state = 'Texas'...
                                  ^

2026-01-08 02:33:23,529 [ERROR] Failed to ingest member C000646: column "full_name" does not exist
LINE 3:                     WHERE full_name = '' AND state = 'Puerto...
                                  ^

2026-01-08 02:33:24,375 [ERROR] Failed to ingest member C000640: column "full_name" does not exist
LINE 3:                     WHERE full_name = '' AND state = 'Georgi...
                                  ^

2026-01-08 02:33:25,193 [ERROR] Failed to ingest member C000638: column "full_name" does not exist
LINE 3:                     WHERE full_name = '' AND state = 'Texas'...
                                  ^

2026-01-08 02:33:26,025 [ERROR] Failed to ingest member C000634: column "full_name" does not exist
LINE 3:                     WHERE full_name = '' AND state = 'Illino...
                                  ^

2026-01-08 02:33:26,848 [ERROR] Failed to ingest member C000633: column "full_name" does not exist
LINE 3:                     WHERE full_name = '' AND state = 'Michig...
                                  ^

2026-01-08 02:33:27,772 [ERROR] Failed to ingest member C000629: column "full_name" does not exist
LINE 3:                     WHERE full_name = '' AND state = 'Illino...
                                  ^

2026-01-08 02:33:28,575 [ERROR] Failed to ingest member C000621: column "full_name" does not exist
LINE 3:                     WHERE full_name = '' AND state = 'Texas'...
                                  ^

2026-01-08 02:33:29,411 [ERROR] Failed to ingest member C000618: column "full_name" does not exist
LINE 3:                     WHERE full_name = '' AND state = 'Missou...
                                  ^

2026-01-08 02:33:30,232 [ERROR] Failed to ingest member C000598: column "full_name" does not exist
LINE 3:                     WHERE full_name = '' AND state = 'Maine'...
                                  ^

2026-01-08 02:33:31,046 [ERROR] Failed to ingest member C000581: column "full_name" does not exist
LINE 3:                     WHERE full_name = '' AND state = 'Califo...
                                  ^

2026-01-08 02:33:31,871 [ERROR] Failed to ingest member C000560: column "full_name" does not exist
LINE 3:                     WHERE full_name = '' AND state = 'Oklaho...
                                  ^

2026-01-08 02:33:32,691 [ERROR] Failed to ingest member C000556: column "full_name" does not exist
LINE 3:                     WHERE full_name = '' AND state = 'North ...
                                  ^

2026-01-08 02:33:33,509 [ERROR] Failed to ingest member C000555: column "full_name" does not exist
LINE 3:                     WHERE full_name = '' AND state = 'North ...
                                  ^

2026-01-08 02:33:34,309 [ERROR] Failed to ingest member C000542: column "full_name" does not exist
LINE 3:                     WHERE full_name = '' AND state = 'Indian...
                                  ^

2026-01-08 02:33:35,153 [ERROR] Failed to ingest member C000523: column "full_name" does not exist
LINE 3:                     WHERE full_name = '' AND state = 'Pennsy...
                                  ^

2026-01-08 02:33:35,960 [ERROR] Failed to ingest member C000512: column "full_name" does not exist
LINE 3:                     WHERE full_name = '' AND state = 'New Ha...
                                  ^

2026-01-08 02:33:36,775 [ERROR] Failed to ingest member C000503: column "full_name" does not exist
LINE 3:                     WHERE full_name = '' AND state = 'Tennes...
                                  ^

2026-01-08 02:33:37,574 [ERROR] Failed to ingest member C000494: column "full_name" does not exist
LINE 3:                     WHERE full_name = '' AND state = 'North ...
                                  ^

2026-01-08 02:33:38,364 [ERROR] Failed to ingest member C000476: column "full_name" does not exist
LINE 3:                     WHERE full_name = '' AND state = 'Califo...
                                  ^

2026-01-08 02:33:39,213 [ERROR] Failed to ingest member C000475: column "full_name" does not exist
LINE 3:                     WHERE full_name = '' AND state = 'Califo...
                                  ^

2026-01-08 02:33:40,025 [ERROR] Failed to ingest member C000462: column "full_name" does not exist
LINE 3:                     WHERE full_name = '' AND state = 'North ...
                                  ^

2026-01-08 02:33:40,896 [ERROR] Failed to ingest member C000431: column "full_name" does not exist
LINE 3:                     WHERE full_name = '' AND state = 'Pennsy...
                                  ^

2026-01-08 02:33:41,710 [ERROR] Failed to ingest member C000409: column "full_name" does not exist
LINE 3:                     WHERE full_name = '' AND state = 'Ohio' ...
                                  ^

2026-01-08 02:33:42,574 [ERROR] Failed to ingest member C000385: column "full_name" does not exist
LINE 3:                     WHERE full_name = '' AND state = 'Michig...
                                  ^

2026-01-08 02:33:43,433 [ERROR] Failed to ingest member C000377: column "full_name" does not exist
LINE 3:                     WHERE full_name = '' AND state = 'Nebras...
                                  ^

2026-01-08 02:33:44,270 [ERROR] Failed to ingest member C000371: column "full_name" does not exist
LINE 3:                     WHERE full_name = '' AND state = 'New Yo...
                                  ^

2026-01-08 02:33:45,107 [ERROR] Failed to ingest member C000345: column "full_name" does not exist
LINE 3:                     WHERE full_name = '' AND state = 'Idaho'...
                                  ^

2026-01-08 02:33:45,993 [ERROR] Failed to ingest member C000322: column "full_name" does not exist
LINE 3:                     WHERE full_name = '' AND state = 'Califo...
                                  ^

2026-01-08 02:33:46,879 [ERROR] Failed to ingest member C000321: column "full_name" does not exist
LINE 3:                     WHERE full_name = '' AND state = 'Florid...
                                  ^

2026-01-08 02:33:47,697 [ERROR] Failed to ingest member C000312: column "full_name" does not exist
LINE 3:                     WHERE full_name = '' AND state = 'Texas'...
                                  ^

2026-01-08 02:33:48,573 [ERROR] Failed to ingest member C000293: column "full_name" does not exist
LINE 3:                     WHERE full_name = '' AND state = 'Washin...
                                  ^

2026-01-08 02:33:49,461 [ERROR] Failed to ingest member C000286: column "full_name" does not exist
LINE 3:                     WHERE full_name = '' AND state = 'Georgi...
                                  ^

2026-01-08 02:33:50,307 [ERROR] Failed to ingest member C000275: column "full_name" does not exist
LINE 3:                     WHERE full_name = '' AND state = 'Michig...
                                  ^

2026-01-08 02:33:51,170 [ERROR] Failed to ingest member C000263: column "full_name" does not exist
LINE 3:                     WHERE full_name = '' AND state = 'Michig...
                                  ^

2026-01-08 02:33:52,030 [ERROR] Failed to ingest member C000261: column "full_name" does not exist
LINE 3:                     WHERE full_name = '' AND state = 'Nebras...
                                  ^

2026-01-08 02:33:52,858 [ERROR] Failed to ingest member C000228: column "full_name" does not exist
LINE 3:                     WHERE full_name = '' AND state = 'Texas'...
                                  ^

2026-01-08 02:33:53,697 [ERROR] Failed to ingest member C000201: column "full_name" does not exist
LINE 3:                     WHERE full_name = '' AND state = 'Kentuc...
                                  ^

2026-01-08 02:33:54,516 [ERROR] Failed to ingest member C000165: column "full_name" does not exist
LINE 3:                     WHERE full_name = '' AND state = 'New Yo...
                                  ^

2026-01-08 02:33:55,353 [ERROR] Failed to ingest member C000164: column "full_name" does not exist
LINE 3:                     WHERE full_name = '' AND state = 'Ohio' ...
                                  ^

2026-01-08 02:33:56,184 [ERROR] Failed to ingest member C000158: column "full_name" does not exist
LINE 3:                     WHERE full_name = '' AND state = 'New Yo...
                                  ^

2026-01-08 02:33:57,031 [ERROR] Failed to ingest member C000143: column "full_name" does not exist
LINE 3:                     WHERE full_name = '' AND state = 'New Yo...
                                  ^

2026-01-08 02:33:57,900 [ERROR] Failed to ingest member C000137: column "full_name" does not exist
LINE 3:                     WHERE full_name = '' AND state = 'New Yo...
                                  ^

2026-01-08 02:33:58,778 [ERROR] Failed to ingest member C000107: column "full_name" does not exist
LINE 3:                     WHERE full_name = '' AND state = 'Florid...
                                  ^

2026-01-08 02:33:59,593 [ERROR] Failed to ingest member C000100: column "full_name" does not exist
LINE 3:                     WHERE full_name = '' AND state = 'Califo...
                                  ^

2026-01-08 02:34:00,425 [ERROR] Failed to ingest member C000079: column "full_name" does not exist
LINE 3:                     WHERE full_name = '' AND state = 'South ...
                                  ^

2026-01-08 02:34:01,237 [ERROR] Failed to ingest member C000073: column "full_name" does not exist
LINE 3:                     WHERE full_name = '' AND state = 'Oklaho...
                                  ^

2026-01-08 02:34:02,072 [ERROR] Failed to ingest member C000071: column "full_name" does not exist
LINE 3:                     WHERE full_name = '' AND state = 'Michig...
                                  ^

2026-01-08 02:34:03,001 [ERROR] Failed to ingest member C000052: column "full_name" does not exist
LINE 3:                     WHERE full_name = '' AND state = 'Alabam...
                                  ^

2026-01-08 02:34:03,837 [ERROR] Failed to ingest member B001221: column "full_name" does not exist
LINE 3:                     WHERE full_name = '' AND state = 'Maryla...
                                  ^

2026-01-08 02:34:04,690 [ERROR] Failed to ingest member B001213: column "full_name" does not exist
LINE 3:                     WHERE full_name = '' AND state = 'Virgin...
                                  ^

2026-01-08 02:34:05,517 [ERROR] Failed to ingest member B001203: column "full_name" does not exist
LINE 3:                     WHERE full_name = '' AND state = 'Indian...
                                  ^

2026-01-08 02:34:06,334 [ERROR] Failed to ingest member B001182: column "full_name" does not exist
LINE 3:                     WHERE full_name = '' AND state = 'Virgin...
                                  ^

2026-01-08 02:34:07,177 [ERROR] Failed to ingest member B001172: column "full_name" does not exist
LINE 3:                     WHERE full_name = '' AND state = 'Texas'...
                                  ^

2026-01-08 02:34:08,036 [ERROR] Failed to ingest member B001158: column "full_name" does not exist
LINE 3:                     WHERE full_name = '' AND state = 'Califo...
                                  ^

2026-01-08 02:34:08,838 [ERROR] Failed to ingest member B001156: column "full_name" does not exist
LINE 3:                     WHERE full_name = '' AND state = 'Califo...
                                  ^

2026-01-08 02:34:09,656 [ERROR] Failed to ingest member B001149: column "full_name" does not exist
LINE 3:                     WHERE full_name = '' AND state = 'Indian...
                                  ^

2026-01-08 02:34:10,469 [ERROR] Failed to ingest member B001113: column "full_name" does not exist
LINE 3:                     WHERE full_name = '' AND state = 'Missou...
                                  ^

2026-01-08 02:34:11,292 [ERROR] Failed to ingest member B001111: column "full_name" does not exist
LINE 3:                     WHERE full_name = '' AND state = 'Texas'...
                                  ^

2026-01-08 02:34:12,138 [ERROR] Failed to ingest member B001102: column "full_name" does not exist
LINE 3:                     WHERE full_name = '' AND state = 'Califo...
                                  ^

2026-01-08 02:34:12,980 [ERROR] Failed to ingest member B001092: column "full_name" does not exist
LINE 3:                     WHERE full_name = '' AND state = 'Massac...
                                  ^

2026-01-08 02:34:13,818 [ERROR] Failed to ingest member B001091: column "full_name" does not exist
LINE 3:                     WHERE full_name = '' AND state = 'Florid...
                                  ^

2026-01-08 02:34:14,636 [ERROR] Failed to ingest member B001080: column "full_name" does not exist
LINE 3:                     WHERE full_name = '' AND state = 'Califo...
                                  ^

2026-01-08 02:34:15,538 [ERROR] Failed to ingest member B001066: column "full_name" does not exist
LINE 3:                     WHERE full_name = '' AND state = 'Kentuc...
                                  ^

2026-01-08 02:34:16,338 [ERROR] Failed to ingest member B001063: column "full_name" does not exist
LINE 3:                     WHERE full_name = '' AND state = 'Oregon...
                                  ^

2026-01-08 02:34:17,154 [ERROR] Failed to ingest member B001036: column "full_name" does not exist
LINE 3:                     WHERE full_name = '' AND state = 'Missou...
                                  ^

2026-01-08 02:34:17,951 [ERROR] Failed to ingest member B001008: column "full_name" does not exist
LINE 3:                     WHERE full_name = '' AND state = 'Alabam...
                                  ^

2026-01-08 02:34:18,775 [ERROR] Failed to ingest member B000997: column "full_name" does not exist
LINE 3:                     WHERE full_name = '' AND state = 'Texas'...
                                  ^

2026-01-08 02:34:19,611 [ERROR] Failed to ingest member B000996: column "full_name" does not exist
LINE 3:                     WHERE full_name = '' AND state = 'Tennes...
                                  ^

2026-01-08 02:34:20,430 [ERROR] Failed to ingest member B000971: column "full_name" does not exist
LINE 3:                     WHERE full_name = '' AND state = 'Illino...
                                  ^

2026-01-08 02:34:21,248 [ERROR] Failed to ingest member B000967: column "full_name" does not exist
LINE 3:                     WHERE full_name = '' AND state = 'Virgin...
                                  ^

2026-01-08 02:34:22,117 [ERROR] Failed to ingest member B000953: column "full_name" does not exist
LINE 3:                     WHERE full_name = '' AND state = 'Kansas...
                                  ^

2026-01-08 02:34:22,976 [ERROR] Failed to ingest member B000919: column "full_name" does not exist
LINE 3:                     WHERE full_name = '' AND state = 'Colora...
                                  ^

2026-01-08 02:34:23,797 [ERROR] Failed to ingest member B000918: column "full_name" does not exist
LINE 3:                     WHERE full_name = '' AND state = 'Califo...
                                  ^

2026-01-08 02:34:24,692 [ERROR] Failed to ingest member B000917: column "full_name" does not exist
LINE 3:                     WHERE full_name = '' AND state = 'Michig...
                                  ^

2026-01-08 02:34:25,537 [ERROR] Failed to ingest member B000911: column "full_name" does not exist
LINE 3:                     WHERE full_name = '' AND state = 'Florid...
                                  ^

2026-01-08 02:34:26,378 [ERROR] Failed to ingest member B000910: column "full_name" does not exist
LINE 3:                     WHERE full_name = '' AND state = 'Ohio' ...
                                  ^

2026-01-08 02:34:27,215 [ERROR] Failed to ingest member B000897: column "full_name" does not exist
LINE 3:                     WHERE full_name = '' AND state = 'Alabam...
                                  ^

2026-01-08 02:34:28,033 [ERROR] Failed to ingest member B000893: column "full_name" does not exist
LINE 3:                     WHERE full_name = '' AND state = 'Colora...
                                  ^

2026-01-08 02:34:28,876 [ERROR] Failed to ingest member B000890: column "full_name" does not exist
LINE 3:                     WHERE full_name = '' AND state = 'Michig...
                                  ^

2026-01-08 02:34:29,783 [ERROR] Failed to ingest member B000880: column "full_name" does not exist
LINE 3:                     WHERE full_name = '' AND state = 'Texas'...
                                  ^

2026-01-08 02:34:30,640 [ERROR] Failed to ingest member B000862: column "full_name" does not exist
LINE 3:                     WHERE full_name = '' AND state = 'Michig...
                                  ^

2026-01-08 02:34:31,516 [ERROR] Failed to ingest member B000845: column "full_name" does not exist
LINE 3:                     WHERE full_name = '' AND state = 'North ...
                                  ^

2026-01-08 02:34:32,348 [ERROR] Failed to ingest member B000400: column "full_name" does not exist
LINE 3:                     WHERE full_name = '' AND state = 'Texas'...
                                  ^

2026-01-08 02:34:33,216 [ERROR] Failed to ingest member B000392: column "full_name" does not exist
LINE 3:                     WHERE full_name = '' AND state = 'Maryla...
                                  ^

2026-01-08 02:34:34,091 [ERROR] Failed to ingest member B000371: column "full_name" does not exist
LINE 3:                     WHERE full_name = '' AND state = 'Florid...
                                  ^

2026-01-08 02:34:34,950 [ERROR] Failed to ingest member B000363: column "full_name" does not exist
LINE 3:                     WHERE full_name = '' AND state = 'Indian...
                                  ^

2026-01-08 02:34:35,818 [ERROR] Failed to ingest member B000362: column "full_name" does not exist
LINE 3:                     WHERE full_name = '' AND state = 'Puerto...
                                  ^

2026-01-08 02:34:36,696 [ERROR] Failed to ingest member B000358: column "full_name" does not exist
LINE 3:                     WHERE full_name = '' AND state = 'West V...
                                  ^

2026-01-08 02:34:37,572 [ERROR] Failed to ingest member B000330: column "full_name" does not exist
LINE 3:                     WHERE full_name = '' AND state = 'Califo...
                                  ^

2026-01-08 02:34:38,393 [ERROR] Failed to ingest member B000318: column "full_name" does not exist
LINE 3:                     WHERE full_name = '' AND state = 'Califo...
                                  ^

2026-01-08 02:34:39,259 [ERROR] Failed to ingest member B000298: column "full_name" does not exist
LINE 3:                     WHERE full_name = '' AND state = 'Iowa' ...
                                  ^

2026-01-08 02:34:40,122 [ERROR] Failed to ingest member B000287: column "full_name" does not exist
LINE 3:                     WHERE full_name = '' AND state = 'Califo...
                                  ^

2026-01-08 02:34:40,988 [ERROR] Failed to ingest member B000280: column "full_name" does not exist
LINE 3:                     WHERE full_name = '' AND state = 'Tennes...
                                  ^

2026-01-08 02:34:41,857 [ERROR] Failed to ingest member B000279: column "full_name" does not exist
LINE 3:                     WHERE full_name = '' AND state = 'Rhode ...
                                  ^

2026-01-08 02:34:42,729 [ERROR] Failed to ingest member B000244: column "full_name" does not exist
LINE 3:                     WHERE full_name = '' AND state = 'Maryla...
                                  ^

2026-01-08 02:34:43,551 [ERROR] Failed to ingest member B000243: column "full_name" does not exist
LINE 3:                     WHERE full_name = '' AND state = 'Montan...
                                  ^

2026-01-08 02:34:44,458 [ERROR] Failed to ingest member B000236: column "full_name" does not exist
LINE 3:                     WHERE full_name = '' AND state = 'Califo...
                                  ^

2026-01-08 02:34:45,306 [ERROR] Failed to ingest member B000220: column "full_name" does not exist
LINE 3:                     WHERE full_name = '' AND state = 'New Ha...
                                  ^

2026-01-08 02:34:46,222 [ERROR] Failed to ingest member B000213: column "full_name" does not exist
LINE 3:                     WHERE full_name = '' AND state = 'Texas'...
                                  ^

2026-01-08 02:34:47,042 [ERROR] Failed to ingest member B000204: column "full_name" does not exist
LINE 3:                     WHERE full_name = '' AND state = 'Texas'...
                                  ^

2026-01-08 02:34:47,876 [ERROR] Failed to ingest member B000208: column "full_name" does not exist
LINE 3:                     WHERE full_name = '' AND state = 'Maryla...
                                  ^

2026-01-08 02:34:48,806 [ERROR] Failed to ingest member B000178: column "full_name" does not exist
LINE 3:                     WHERE full_name = '' AND state = 'Pennsy...
                                  ^

2026-01-08 02:34:49,665 [ERROR] Failed to ingest member B000177: column "full_name" does not exist
LINE 3:                     WHERE full_name = '' AND state = 'Wiscon...
                                  ^

2026-01-08 02:34:50,500 [ERROR] Failed to ingest member B000179: column "full_name" does not exist
LINE 3:                     WHERE full_name = '' AND state = 'Nebras...
                                  ^

2026-01-08 02:34:51,357 [ERROR] Failed to ingest member B000169: column "full_name" does not exist
LINE 3:                     WHERE full_name = '' AND state = 'Georgi...
                                  ^

2026-01-08 02:34:52,206 [ERROR] Failed to ingest member B000160: column "full_name" does not exist
LINE 3:                     WHERE full_name = '' AND state = 'Maryla...
                                  ^

2026-01-08 02:34:53,145 [ERROR] Failed to ingest member B000153: column "full_name" does not exist
LINE 3:                     WHERE full_name = '' AND state = 'Georgi...
                                  ^

2026-01-08 02:34:54,043 [ERROR] Failed to ingest member B000151: column "full_name" does not exist
LINE 3:                     WHERE full_name = '' AND state = 'Kentuc...
                                  ^

2026-01-08 02:34:54,888 [ERROR] Failed to ingest member B000134: column "full_name" does not exist
LINE 3:                     WHERE full_name = '' AND state = 'Michig...
                                  ^

2026-01-08 02:34:55,716 [ERROR] Failed to ingest member B001226: column "full_name" does not exist
LINE 3:                     WHERE full_name = '' AND state = 'Wiscon...
                                  ^

2026-01-08 02:34:56,611 [ERROR] Failed to ingest member B000104: column "full_name" does not exist
LINE 3:                     WHERE full_name = '' AND state = 'North ...
                                  ^

2026-01-08 02:34:57,446 [ERROR] Failed to ingest member B000083: column "full_name" does not exist
LINE 3:                     WHERE full_name = '' AND state = 'Wiscon...
                                  ^

2026-01-08 02:34:58,878 [ERROR] Failed to ingest member B000081: column "full_name" does not exist
LINE 3:                     WHERE full_name = '' AND state = 'Maine'...
                                  ^

2026-01-08 02:34:59,679 [ERROR] Failed to ingest member B000072: column "full_name" does not exist
LINE 3:                     WHERE full_name = '' AND state = 'Louisi...
                                  ^

2026-01-08 02:35:00,519 [ERROR] Failed to ingest member B000069: column "full_name" does not exist
LINE 3:                     WHERE full_name = '' AND state = 'Tennes...
                                  ^

2026-01-08 02:35:01,371 [ERROR] Failed to ingest member B000078: column "full_name" does not exist
LINE 3:                     WHERE full_name = '' AND state = 'Califo...
                                  ^

2026-01-08 02:35:02,242 [ERROR] Failed to ingest member B000047: column "full_name" does not exist
LINE 3:                     WHERE full_name = '' AND state = 'Missou...
                                  ^

2026-01-08 02:35:03,055 [ERROR] Failed to ingest member B000037: column "full_name" does not exist
LINE 3:                     WHERE full_name = '' AND state = 'Pennsy...
                                  ^

2026-01-08 02:35:03,930 [ERROR] Failed to ingest member B000028: column "full_name" does not exist
LINE 3:                     WHERE full_name = '' AND state = 'Kentuc...
                                  ^

2026-01-08 02:35:04,810 [ERROR] Failed to ingest member B000025: column "full_name" does not exist
LINE 3:                     WHERE full_name = '' AND state = 'New Yo...
                                  ^

2026-01-08 02:35:05,656 [ERROR] Failed to ingest member B000024: column "full_name" does not exist
LINE 3:                     WHERE full_name = '' AND state = 'Califo...
                                  ^

2026-01-08 02:35:06,537 [ERROR] Failed to ingest member B000013: column "full_name" does not exist
LINE 3:                     WHERE full_name = '' AND state = 'Alabam...
                                  ^

2026-01-08 02:35:07,358 [ERROR] Failed to ingest member B000008: column "full_name" does not exist
LINE 3:                     WHERE full_name = '' AND state = 'Florid...
                                  ^

2026-01-08 02:35:08,161 [ERROR] Failed to ingest member A000337: column "full_name" does not exist
LINE 3:                     WHERE full_name = '' AND state = 'Oregon...
                                  ^

2026-01-08 02:35:09,011 [ERROR] Failed to ingest member A000329: column "full_name" does not exist
LINE 3:                     WHERE full_name = '' AND state = 'Pennsy...
                                  ^

2026-01-08 02:35:09,840 [ERROR] Failed to ingest member A000226: column "full_name" does not exist
LINE 3:                     WHERE full_name = '' AND state = 'Massac...
                                  ^

2026-01-08 02:35:10,657 [ERROR] Failed to ingest member A000224: column "full_name" does not exist
LINE 3:                     WHERE full_name = '' AND state = 'Wiscon...
                                  ^

2026-01-08 02:35:11,526 [ERROR] Failed to ingest member A000222: column "full_name" does not exist
LINE 3:                     WHERE full_name = '' AND state = 'Ohio' ...
                                  ^

2026-01-08 02:35:12,339 [ERROR] Failed to ingest member A000221: column "full_name" does not exist
LINE 3:                     WHERE full_name = '' AND state = 'Ohio' ...
                                  ^

2026-01-08 02:35:13,211 [ERROR] Failed to ingest member A000220: column "full_name" does not exist
LINE 3:                     WHERE full_name = '' AND state = 'Ohio' ...
                                  ^

2026-01-08 02:35:14,080 [ERROR] Failed to ingest member A000219: column "full_name" does not exist
LINE 3:                     WHERE full_name = '' AND state = 'Colora...
                                  ^

2026-01-08 02:35:14,894 [ERROR] Failed to ingest member A000217: column "full_name" does not exist
LINE 3:                     WHERE full_name = '' AND state = 'Texas'...
                                  ^

2026-01-08 02:35:15,716 [ERROR] Failed to ingest member A000216: column "full_name" does not exist
LINE 3:                     WHERE full_name = '' AND state = 'Illino...
                                  ^

2026-01-08 02:35:16,570 [ERROR] Failed to ingest member A000215: column "full_name" does not exist
LINE 3:                     WHERE full_name = '' AND state = 'Texas'...
                                  ^

2026-01-08 02:35:17,360 [ERROR] Failed to ingest member A000214: column "full_name" does not exist
LINE 3:                     WHERE full_name = '' AND state = 'Ohio' ...
                                  ^

2026-01-08 02:35:18,179 [ERROR] Failed to ingest member A000212: column "full_name" does not exist
LINE 3:                     WHERE full_name = '' AND state = 'Illino...
                                  ^

2026-01-08 02:35:19,018 [ERROR] Failed to ingest member A000211: column "full_name" does not exist
LINE 3:                     WHERE full_name = '' AND state = 'Maine'...
                                  ^

2026-01-08 02:35:19,842 [ERROR] Failed to ingest member A000210: column "full_name" does not exist
LINE 3:                     WHERE full_name = '' AND state = 'New Je...
                                  ^

2026-01-08 02:35:20,682 [ERROR] Failed to ingest member A000209: column "full_name" does not exist
LINE 3:                     WHERE full_name = '' AND state = 'Texas'...
                                  ^

2026-01-08 02:35:21,518 [ERROR] Failed to ingest member A000208: column "full_name" does not exist
LINE 3:                     WHERE full_name = '' AND state = 'North ...
                                  ^

2026-01-08 02:35:22,351 [ERROR] Failed to ingest member A000207: column "full_name" does not exist
LINE 3:                     WHERE full_name = '' AND state = 'North ...
                                  ^

2026-01-08 02:35:23,343 [ERROR] Failed to ingest member A000195: column "full_name" does not exist
LINE 3:                     WHERE full_name = '' AND state = 'Illino...
                                  ^

2026-01-08 02:35:24,192 [ERROR] Failed to ingest member A000189: column "full_name" does not exist
LINE 3:                     WHERE full_name = '' AND state = 'Califo...
                                  ^

2026-01-08 02:35:25,007 [ERROR] Failed to ingest member A000177: column "full_name" does not exist
LINE 3:                     WHERE full_name = '' AND state = 'Pennsy...
                                  ^

2026-01-08 02:35:25,883 [ERROR] Failed to ingest member A000170: column "full_name" does not exist
LINE 3:                     WHERE full_name = '' AND state = 'New Yo...
                                  ^

2026-01-08 02:35:26,713 [ERROR] Failed to ingest member A000121: column "full_name" does not exist
LINE 3:                     WHERE full_name = '' AND state = 'Virgin...
                                  ^

2026-01-08 02:35:27,535 [ERROR] Failed to ingest member A000118: column "full_name" does not exist
LINE 3:                     WHERE full_name = '' AND state = 'Tennes...
                                  ^

2026-01-08 02:35:28,358 [ERROR] Failed to ingest member A000109: column "full_name" does not exist
LINE 3:                     WHERE full_name = '' AND state = 'Colora...
                                  ^

2026-01-08 02:35:29,163 [ERROR] Failed to ingest member A000103: column "full_name" does not exist
LINE 3:                     WHERE full_name = '' AND state = 'Arkans...
                                  ^

2026-01-08 02:35:29,986 [ERROR] Failed to ingest member A000076: column "full_name" does not exist
LINE 3:                     WHERE full_name = '' AND state = 'Michig...
                                  ^

2026-01-08 02:35:30,810 [ERROR] Failed to ingest member A000073: column "full_name" does not exist
LINE 3:                     WHERE full_name = '' AND state = 'Oklaho...
                                  ^

2026-01-08 02:35:31,700 [ERROR] Failed to ingest member A000069: column "full_name" does not exist
LINE 3:                     WHERE full_name = '' AND state = 'Hawaii...
                                  ^

2026-01-08 02:35:32,519 [ERROR] Failed to ingest member A000052: column "full_name" does not exist
LINE 3:                     WHERE full_name = '' AND state = 'New Yo...
                                  ^

2026-01-08 02:35:33,353 [ERROR] Failed to ingest member A000031: column "full_name" does not exist
LINE 3:                     WHERE full_name = '' AND state = 'Washin...
                                  ^

2026-01-08 02:35:34,220 [ERROR] Failed to ingest member A000022: column "full_name" does not exist
LINE 3:                     WHERE full_name = '' AND state = 'New Yo...
                                  ^

2026-01-08 02:35:35,099 [ERROR] Failed to ingest member A000018: column "full_name" does not exist
LINE 3:                     WHERE full_name = '' AND state = 'New Yo...
                                  ^

2026-01-08 02:35:35,933 [ERROR] Failed to ingest member A000014: column "full_name" does not exist
LINE 3:                     WHERE full_name = '' AND state = 'Hawaii...
                                  ^

2026-01-08 02:35:36,745 [ERROR] Failed to ingest member A000009: column "full_name" does not exist
LINE 3:                     WHERE full_name = '' AND state = 'South ...
                                  ^

2026-01-08 02:35:37,598 [ERROR] Failed to ingest member F000128: column "full_name" does not exist
LINE 3:                     WHERE full_name = '' AND state = 'Ohio' ...
                                  ^

2026-01-08 02:35:38,444 [ERROR] Failed to ingest member F000123: column "full_name" does not exist
LINE 3:                     WHERE full_name = '' AND state = 'Illino...
                                  ^

2026-01-08 02:35:39,253 [ERROR] Failed to ingest member F000111: column "full_name" does not exist
LINE 3:                     WHERE full_name = '' AND state = 'Texas'...
                                  ^

2026-01-08 02:35:40,120 [ERROR] Failed to ingest member F000102: column "full_name" does not exist
LINE 3:                     WHERE full_name = '' AND state = 'Califo...
                                  ^

2026-01-08 02:35:41,001 [ERROR] Failed to ingest member F000088: column "full_name" does not exist
LINE 3:                     WHERE full_name = '' AND state = 'New Yo...
                                  ^

2026-01-08 02:35:41,900 [ERROR] Failed to ingest member F000078: column "full_name" does not exist
LINE 3:                     WHERE full_name = '' AND state = 'New Je...
                                  ^

2026-01-08 02:35:42,760 [ERROR] Failed to ingest member F000059: column "full_name" does not exist
LINE 3:                     WHERE full_name = '' AND state = 'Ohio' ...
                                  ^

2026-01-08 02:35:43,640 [ERROR] Failed to ingest member F000053: column "full_name" does not exist
LINE 3:                     WHERE full_name = '' AND state = 'Califo...
                                  ^

2026-01-08 02:35:44,515 [ERROR] Failed to ingest member F000049: column "full_name" does not exist
LINE 3:                     WHERE full_name = '' AND state = 'Illino...
                                  ^

2026-01-08 02:35:45,358 [ERROR] Failed to ingest member F000046: column "full_name" does not exist
LINE 3:                     WHERE full_name = '' AND state = 'Distri...
                                  ^

2026-01-08 02:35:46,178 [ERROR] Failed to ingest member F000043: column "full_name" does not exist
LINE 3:                     WHERE full_name = '' AND state = 'Pennsy...
                                  ^

2026-01-08 02:35:47,015 [ERROR] Failed to ingest member F000041: column "full_name" does not exist
LINE 3:                     WHERE full_name = '' AND state = 'Florid...
                                  ^

2026-01-08 02:35:47,870 [ERROR] Failed to ingest member F000040: column "full_name" does not exist
LINE 3:                     WHERE full_name = '' AND state = 'Illino...
                                  ^

2026-01-08 02:35:48,714 [ERROR] Failed to ingest member F000030: column "full_name" does not exist
LINE 3:                     WHERE full_name = '' AND state = 'Califo...
                                  ^

2026-01-08 02:35:49,520 [ERROR] Failed to ingest member F000010: column "full_name" does not exist
LINE 3:                     WHERE full_name = '' AND state = 'Americ...
                                  ^

2026-01-08 02:35:50,333 [ERROR] Failed to ingest member E000282: column "full_name" does not exist
LINE 3:                     WHERE full_name = '' AND state = 'Illino...
                                  ^

2026-01-08 02:35:51,192 [ERROR] Failed to ingest member E000273: column "full_name" does not exist
LINE 3:                     WHERE full_name = '' AND state = 'Tennes...
                                  ^

2026-01-08 02:35:52,002 [ERROR] Failed to ingest member E000258: column "full_name" does not exist
LINE 3:                     WHERE full_name = '' AND state = 'Delawa...
                                  ^

2026-01-08 02:35:52,828 [ERROR] Failed to ingest member E000254: column "full_name" does not exist
LINE 3:                     WHERE full_name = '' AND state = 'Virgin...
                                  ^

2026-01-08 02:35:53,621 [ERROR] Failed to ingest member E000250: column "full_name" does not exist
LINE 3:                     WHERE full_name = '' AND state = 'Illino...
                                  ^

2026-01-08 02:35:54,528 [ERROR] Failed to ingest member E000240: column "full_name" does not exist
LINE 3:                     WHERE full_name = '' AND state = 'Colora...
                                  ^

2026-01-08 02:35:55,433 [ERROR] Failed to ingest member E000239: column "full_name" does not exist
LINE 3:                     WHERE full_name = '' AND state = 'Indian...
                                  ^

2026-01-08 02:35:56,242 [ERROR] Failed to ingest member E000259: column "full_name" does not exist
LINE 3:                     WHERE full_name = '' AND state = 'Iowa' ...
                                  ^

2026-01-08 02:35:57,102 [ERROR] Failed to ingest member E000233: column "full_name" does not exist
LINE 3:                     WHERE full_name = '' AND state = 'Georgi...
                                  ^

2026-01-08 02:35:57,933 [ERROR] Failed to ingest member E000218: column "full_name" does not exist
LINE 3:                     WHERE full_name = '' AND state = 'Missis...
                                  ^

2026-01-08 02:35:58,736 [ERROR] Failed to ingest member E000214: column "full_name" does not exist
LINE 3:                     WHERE full_name = '' AND state = 'Pennsy...
                                  ^

2026-01-08 02:35:59,620 [ERROR] Failed to ingest member E000213: column "full_name" does not exist
LINE 3:                     WHERE full_name = '' AND state = 'Michig...
                                  ^

2026-01-08 02:36:00,469 [ERROR] Failed to ingest member E000208: column "full_name" does not exist
LINE 3:                     WHERE full_name = '' AND state = 'Pennsy...
                                  ^

2026-01-08 02:36:01,318 [ERROR] Failed to ingest member E000204: column "full_name" does not exist
LINE 3:                     WHERE full_name = '' AND state = 'Illino...
                                  ^

2026-01-08 02:36:02,125 [ERROR] Failed to ingest member E000201: column "full_name" does not exist
LINE 3:                     WHERE full_name = '' AND state = 'Alabam...
                                  ^

2026-01-08 02:36:02,988 [ERROR] Failed to ingest member E000194: column "full_name" does not exist
LINE 3:                     WHERE full_name = '' AND state = 'Nevada...
                                  ^

2026-01-08 02:36:03,924 [ERROR] Failed to ingest member E000187: column "full_name" does not exist
LINE 3:                     WHERE full_name = '' AND state = 'Pennsy...
                                  ^

2026-01-08 02:36:04,822 [ERROR] Failed to ingest member E000186: column "full_name" does not exist
LINE 3:                     WHERE full_name = '' AND state = 'Arizon...
                                  ^

2026-01-08 02:36:05,664 [ERROR] Failed to ingest member E000184: column "full_name" does not exist
LINE 3:                     WHERE full_name = '' AND state = 'Oklaho...
                                  ^

2026-01-08 02:36:06,482 [ERROR] Failed to ingest member E000179: column "full_name" does not exist
LINE 3:                     WHERE full_name = '' AND state = 'New Yo...
                                  ^

2026-01-08 02:36:07,326 [ERROR] Failed to ingest member E000175: column "full_name" does not exist
LINE 3:                     WHERE full_name = '' AND state = 'Maine'...
                                  ^

2026-01-08 02:36:08,195 [ERROR] Failed to ingest member E000174: column "full_name" does not exist
LINE 3:                     WHERE full_name = '' AND state = 'Missou...
                                  ^

2026-01-08 02:36:09,069 [ERROR] Failed to ingest member E000096: column "full_name" does not exist
LINE 3:                     WHERE full_name = '' AND state = 'Pennsy...
                                  ^

2026-01-08 02:36:09,900 [ERROR] Failed to ingest member E000093: column "full_name" does not exist
LINE 3:                     WHERE full_name = '' AND state = 'Maryla...
                                  ^

2026-01-08 02:36:10,727 [ERROR] Failed to ingest member E000092: column "full_name" does not exist
LINE 3:                     WHERE full_name = '' AND state = 'Michig...
                                  ^

2026-01-08 02:36:11,629 [ERROR] Failed to ingest member E000077: column "full_name" does not exist
LINE 3:                     WHERE full_name = '' AND state = 'Oklaho...
                                  ^

2026-01-08 02:36:12,478 [ERROR] Failed to ingest member E000084: column "full_name" does not exist
LINE 3:                     WHERE full_name = '' AND state = 'Alabam...
                                  ^

2026-01-08 02:36:13,292 [ERROR] Failed to ingest member E000064: column "full_name" does not exist
LINE 3:                     WHERE full_name = '' AND state = 'Califo...
                                  ^

2026-01-08 02:36:14,179 [ERROR] Failed to ingest member E000063: column "full_name" does not exist
LINE 3:                     WHERE full_name = '' AND state = 'Texas'...
                                  ^

2026-01-08 02:36:14,999 [ERROR] Failed to ingest member E000043: column "full_name" does not exist
LINE 3:                     WHERE full_name = '' AND state = 'Pennsy...
                                  ^

2026-01-08 02:36:15,864 [ERROR] Failed to ingest member E000035: column "full_name" does not exist
LINE 3:                     WHERE full_name = '' AND state = 'Texas'...
                                  ^

2026-01-08 02:36:16,757 [ERROR] Failed to ingest member E000033: column "full_name" does not exist
LINE 3:                     WHERE full_name = '' AND state = 'New Yo...
                                  ^

2026-01-08 02:36:17,664 [ERROR] Failed to ingest member E000031: column "full_name" does not exist
LINE 3:                     WHERE full_name = '' AND state = 'Ohio' ...
                                  ^

2026-01-08 02:36:18,524 [ERROR] Failed to ingest member E000013: column "full_name" does not exist
LINE 3:                     WHERE full_name = '' AND state = 'Massac...
                                  ^

2026-01-08 02:36:19,381 [ERROR] Failed to ingest member D000593: column "full_name" does not exist
LINE 3:                     WHERE full_name = '' AND state = 'Maryla...
                                  ^

2026-01-08 02:36:20,233 [ERROR] Failed to ingest member D000592: column "full_name" does not exist
LINE 3:                     WHERE full_name = '' AND state = 'Califo...
                                  ^

2026-01-08 02:36:21,039 [ERROR] Failed to ingest member D000586: column "full_name" does not exist
LINE 3:                     WHERE full_name = '' AND state = 'New Je...
                                  ^

2026-01-08 02:36:21,867 [ERROR] Failed to ingest member D000548: column "full_name" does not exist
LINE 3:                     WHERE full_name = '' AND state = 'Michig...
                                  ^

2026-01-08 02:36:22,777 [ERROR] Failed to ingest member D000549: column "full_name" does not exist
LINE 3:                     WHERE full_name = '' AND state = 'Washin...
                                  ^

2026-01-08 02:36:23,679 [ERROR] Failed to ingest member D000537: column "full_name" does not exist
LINE 3:                     WHERE full_name = '' AND state = 'Oregon...
                                  ^

2026-01-08 02:36:24,527 [ERROR] Failed to ingest member D000533: column "full_name" does not exist
LINE 3:                     WHERE full_name = '' AND state = 'Tennes...
                                  ^

2026-01-08 02:36:25,393 [ERROR] Failed to ingest member D000534: column "full_name" does not exist
LINE 3:                     WHERE full_name = '' AND state = 'Tennes...
                                  ^

2026-01-08 02:36:26,218 [ERROR] Failed to ingest member D000523: column "full_name" does not exist
LINE 3:                     WHERE full_name = '' AND state = 'New Yo...
                                  ^

2026-01-08 02:36:27,046 [ERROR] Failed to ingest member D000558: column "full_name" does not exist
LINE 3:                     WHERE full_name = '' AND state = 'Delawa...
                                  ^

2026-01-08 02:36:27,880 [ERROR] Failed to ingest member D000499: column "full_name" does not exist
LINE 3:                     WHERE full_name = '' AND state = 'Massac...
                                  ^

2026-01-08 02:36:28,720 [ERROR] Failed to ingest member D000492: column "full_name" does not exist
LINE 3:                     WHERE full_name = '' AND state = 'Califo...
                                  ^

2026-01-08 02:36:29,619 [ERROR] Failed to ingest member D000474: column "full_name" does not exist
LINE 3:                     WHERE full_name = '' AND state = 'Virgin...
                                  ^

2026-01-08 02:36:30,491 [ERROR] Failed to ingest member D000471: column "full_name" does not exist
LINE 3:                     WHERE full_name = '' AND state = 'New Yo...
                                  ^

2026-01-08 02:36:31,323 [ERROR] Failed to ingest member D000466: column "full_name" does not exist
LINE 3:                     WHERE full_name = '' AND state = 'Missis...
                                  ^

2026-01-08 02:36:32,123 [ERROR] Failed to ingest member D000451: column "full_name" does not exist
LINE 3:                     WHERE full_name = '' AND state = 'New Ha...
                                  ^

2026-01-08 02:36:32,938 [ERROR] Failed to ingest member D000446: column "full_name" does not exist
LINE 3:                     WHERE full_name = '' AND state = 'Pennsy...
                                  ^

2026-01-08 02:36:33,768 [ERROR] Failed to ingest member D000435: column "full_name" does not exist
LINE 3:                     WHERE full_name = '' AND state = 'Califo...
                                  ^

2026-01-08 02:36:34,607 [ERROR] Failed to ingest member D000434: column "full_name" does not exist
LINE 3:                     WHERE full_name = '' AND state = 'South ...
                                  ^

2026-01-08 02:36:35,467 [ERROR] Failed to ingest member D000432: column "full_name" does not exist
LINE 3:                     WHERE full_name = '' AND state = 'North ...
                                  ^

2026-01-08 02:36:36,333 [ERROR] Failed to ingest member D000429: column "full_name" does not exist
LINE 3:                     WHERE full_name = '' AND state = 'Califo...
                                  ^

2026-01-08 02:36:37,198 [ERROR] Failed to ingest member D000424: column "full_name" does not exist
LINE 3:                     WHERE full_name = '' AND state = 'Califo...
                                  ^

2026-01-08 02:36:38,082 [ERROR] Failed to ingest member D000419: column "full_name" does not exist
LINE 3:                     WHERE full_name = '' AND state = 'Massac...
                                  ^

2026-01-08 02:36:39,100 [ERROR] Failed to ingest member D000388: column "full_name" does not exist
LINE 3:                     WHERE full_name = '' AND state = 'Connec...
                                  ^

2026-01-08 02:36:40,053 [ERROR] Failed to ingest member D000373: column "full_name" does not exist
LINE 3:                     WHERE full_name = '' AND state = 'Califo...
                                  ^

2026-01-08 02:36:41,070 [ERROR] Failed to ingest member D000359: column "full_name" does not exist
LINE 3:                     WHERE full_name = '' AND state = 'New Yo...
                                  ^

2026-01-08 02:36:42,032 [ERROR] Failed to ingest member D000355: column "full_name" does not exist
LINE 3:                     WHERE full_name = '' AND state = 'Michig...
                                  ^

2026-01-08 02:36:42,882 [ERROR] Failed to ingest member D000344: column "full_name" does not exist
LINE 3:                     WHERE full_name = '' AND state = 'Michig...
                                  ^

2026-01-08 02:36:43,720 [ERROR] Failed to ingest member D000327: column "full_name" does not exist
LINE 3:                     WHERE full_name = '' AND state = 'Washin...
                                  ^

2026-01-08 02:36:44,579 [ERROR] Failed to ingest member D000326: column "full_name" does not exist
LINE 3:                     WHERE full_name = '' AND state = 'Alabam...
                                  ^

2026-01-08 02:36:45,422 [ERROR] Failed to ingest member D000312: column "full_name" does not exist
LINE 3:                     WHERE full_name = '' AND state = 'Arkans...
                                  ^

2026-01-08 02:36:46,204 [ERROR] Failed to ingest member D000279: column "full_name" does not exist
LINE 3:                     WHERE full_name = '' AND state = 'Ohio' ...
                                  ^

2026-01-08 02:36:47,017 [ERROR] Failed to ingest member D000275: column "full_name" does not exist
LINE 3:                     WHERE full_name = '' AND state = 'Florid...
                                  ^

2026-01-08 02:36:47,846 [ERROR] Failed to ingest member D000269: column "full_name" does not exist
LINE 3:                     WHERE full_name = '' AND state = 'Illino...
                                  ^

2026-01-08 02:36:48,704 [ERROR] Failed to ingest member D000267: column "full_name" does not exist
LINE 3:                     WHERE full_name = '' AND state = 'South ...
                                  ^

2026-01-08 02:36:49,558 [ERROR] Failed to ingest member D000255: column "full_name" does not exist
LINE 3:                     WHERE full_name = '' AND state = 'Pennsy...
                                  ^

2026-01-08 02:36:50,395 [ERROR] Failed to ingest member D000241: column "full_name" does not exist
LINE 3:                     WHERE full_name = '' AND state = 'Indian...
                                  ^

2026-01-08 02:36:51,215 [ERROR] Failed to ingest member D000234: column "full_name" does not exist
LINE 3:                     WHERE full_name = '' AND state = 'South ...
                                  ^

2026-01-08 02:36:52,064 [ERROR] Failed to ingest member D000231: column "full_name" does not exist
LINE 3:                     WHERE full_name = '' AND state = 'Connec...
                                  ^

2026-01-08 02:36:52,887 [ERROR] Failed to ingest member D000222: column "full_name" does not exist
LINE 3:                     WHERE full_name = '' AND state = 'Califo...
                                  ^

2026-01-08 02:36:53,720 [ERROR] Failed to ingest member D000220: column "full_name" does not exist
LINE 3:                     WHERE full_name = '' AND state = 'Oregon...
                                  ^

2026-01-08 02:36:54,560 [ERROR] Failed to ingest member D000211: column "full_name" does not exist
LINE 3:                     WHERE full_name = '' AND state = 'New Yo...
                                  ^

2026-01-08 02:36:55,363 [ERROR] Failed to ingest member D000183: column "full_name" does not exist
LINE 3:                     WHERE full_name = '' AND state = 'Indian...
                                  ^

2026-01-08 02:36:56,197 [ERROR] Failed to ingest member D000168: column "full_name" does not exist
LINE 3:                     WHERE full_name = '' AND state = 'Georgi...
                                  ^

2026-01-08 02:36:57,096 [ERROR] Failed to ingest member D000203: column "full_name" does not exist
LINE 3:                     WHERE full_name = '' AND state = 'Texas'...
                                  ^

2026-01-08 02:36:57,920 [ERROR] Failed to ingest member D000209: column "full_name" does not exist
LINE 3:                     WHERE full_name = '' AND state = 'Virgin...
                                  ^

2026-01-08 02:36:58,742 [ERROR] Failed to ingest member D000136: column "full_name" does not exist
LINE 3:                     WHERE full_name = '' AND state = 'Virgin...
                                  ^

2026-01-08 02:36:59,545 [ERROR] Failed to ingest member D000131: column "full_name" does not exist
LINE 3:                     WHERE full_name = '' AND state = 'Michig...
                                  ^

2026-01-08 02:37:00,437 [ERROR] Failed to ingest member D000125: column "full_name" does not exist
LINE 3:                     WHERE full_name = '' AND state = 'South ...
                                  ^

2026-01-08 02:37:01,282 [ERROR] Failed to ingest member D000122: column "full_name" does not exist
LINE 3:                     WHERE full_name = '' AND state = 'Georgi...
                                  ^

2026-01-08 02:37:02,119 [ERROR] Failed to ingest member D000106: column "full_name" does not exist
LINE 3:                     WHERE full_name = '' AND state = 'Illino...
                                  ^

2026-01-08 02:37:03,032 [ERROR] Failed to ingest member D000102: column "full_name" does not exist
LINE 3:                     WHERE full_name = '' AND state = 'Wiscon...
                                  ^

2026-01-08 02:37:03,863 [ERROR] Failed to ingest member D000065: column "full_name" does not exist
LINE 3:                     WHERE full_name = '' AND state = 'Nebras...
                                  ^

2026-01-08 02:37:04,742 [ERROR] Failed to ingest member D000051: column "full_name" does not exist
LINE 3:                     WHERE full_name = '' AND state = 'Georgi...
                                  ^

2026-01-08 02:37:05,642 [ERROR] Failed to ingest member D000046: column "full_name" does not exist
LINE 3:                     WHERE full_name = '' AND state = 'Missou...
                                  ^

2026-01-08 02:37:06,564 [ERROR] Failed to ingest member D000044: column "full_name" does not exist
LINE 3:                     WHERE full_name = '' AND state = 'Califo...
                                  ^

2026-01-08 02:37:07,448 [ERROR] Failed to ingest member D000043: column "full_name" does not exist
LINE 3:                     WHERE full_name = '' AND state = 'Califo...
                                  ^

2026-01-08 02:37:08,329 [ERROR] Failed to ingest member D000041: column "full_name" does not exist
LINE 3:                     WHERE full_name = '' AND state = 'New Je...
                                  ^

2026-01-08 02:37:09,201 [ERROR] Failed to ingest member D000038: column "full_name" does not exist
LINE 3:                     WHERE full_name = '' AND state = 'Virgin...
                                  ^

2026-01-08 02:37:10,105 [ERROR] Failed to ingest member D000037: column "full_name" does not exist
LINE 3:                     WHERE full_name = '' AND state = 'Virgin...
                                  ^

2026-01-08 02:37:10,960 [ERROR] Failed to ingest member D000017: column "full_name" does not exist
LINE 3:                     WHERE full_name = '' AND state = 'New Ha...
                                  ^

2026-01-08 02:37:11,807 [ERROR] Failed to ingest member C000992: column "full_name" does not exist
LINE 3:                     WHERE full_name = '' AND state = 'Washin...
                                  ^

2026-01-08 02:37:12,745 [ERROR] Failed to ingest member C000984: column "full_name" does not exist
LINE 3:                     WHERE full_name = '' AND state = 'Maryla...
                                  ^

2026-01-08 02:37:13,537 [ERROR] Failed to ingest member C000979: column "full_name" does not exist
LINE 3:                     WHERE full_name = '' AND state = 'Iowa' ...
                                  ^

2026-01-08 02:37:14,343 [ERROR] Failed to ingest member C000962: column "full_name" does not exist
LINE 3:                     WHERE full_name = '' AND state = 'Wyomin...
                                  ^

2026-01-08 02:37:15,162 [ERROR] Failed to ingest member C000925: column "full_name" does not exist
LINE 3:                     WHERE full_name = '' AND state = 'Massac...
                                  ^

2026-01-08 02:37:16,006 [ERROR] Failed to ingest member C000919: column "full_name" does not exist
LINE 3:                     WHERE full_name = '' AND state = 'Michig...
                                  ^

2026-01-08 02:37:16,869 [ERROR] Failed to ingest member C000903: column "full_name" does not exist
LINE 3:                     WHERE full_name = '' AND state = 'Ohio' ...
                                  ^

2026-01-08 02:37:17,893 [ERROR] Failed to ingest member C000873: column "full_name" does not exist
LINE 3:                     WHERE full_name = '' AND state = 'Illino...
                                  ^

2026-01-08 02:37:18,869 [ERROR] Failed to ingest member C000871: column "full_name" does not exist
LINE 3:                     WHERE full_name = '' AND state = 'Illino...
                                  ^

2026-01-08 02:37:19,820 [ERROR] Failed to ingest member L000417: column "full_name" does not exist
LINE 3:                     WHERE full_name = '' AND state = 'Louisi...
                                  ^

2026-01-08 02:37:20,696 [ERROR] Failed to ingest member L000413: column "full_name" does not exist
LINE 3:                     WHERE full_name = '' AND state = 'Maryla...
                                  ^

2026-01-08 02:37:21,874 [ERROR] Failed to ingest member L000411: column "full_name" does not exist
LINE 3:                     WHERE full_name = '' AND state = 'Louisi...
                                  ^

2026-01-08 02:37:22,843 [ERROR] Failed to ingest member L000396: column "full_name" does not exist
LINE 3:                     WHERE full_name = '' AND state = 'Texas'...
                                  ^

2026-01-08 02:37:23,818 [ERROR] Failed to ingest member L000554: column "full_name" does not exist
LINE 3:                     WHERE full_name = '' AND state = 'New Je...
                                  ^

2026-01-08 02:37:24,791 [ERROR] Failed to ingest member L000381: column "full_name" does not exist
LINE 3:                     WHERE full_name = '' AND state = 'Tennes...
                                  ^

2026-01-08 02:37:25,728 [ERROR] Failed to ingest member L000379: column "full_name" does not exist
LINE 3:                     WHERE full_name = '' AND state = 'Califo...
                                  ^

2026-01-08 02:37:26,585 [ERROR] Failed to ingest member L000371: column "full_name" does not exist
LINE 3:                     WHERE full_name = '' AND state = 'Louisi...
                                  ^

2026-01-08 02:37:27,434 [ERROR] Failed to ingest member L000360: column "full_name" does not exist
LINE 3:                     WHERE full_name = '' AND state = 'Missou...
                                  ^

2026-01-08 02:37:28,354 [ERROR] Failed to ingest member L000342: column "full_name" does not exist
LINE 3:                     WHERE full_name = '' AND state = 'Illino...
                                  ^

2026-01-08 02:37:29,264 [ERROR] Failed to ingest member L000321: column "full_name" does not exist
LINE 3:                     WHERE full_name = '' AND state = 'Georgi...
                                  ^

2026-01-08 02:37:30,172 [ERROR] Failed to ingest member L000305: column "full_name" does not exist
LINE 3:                     WHERE full_name = '' AND state = 'Iowa' ...
                                  ^

2026-01-08 02:37:31,146 [ERROR] Failed to ingest member L000295: column "full_name" does not exist
LINE 3:                     WHERE full_name = '' AND state = 'Florid...
                                  ^

2026-01-08 02:37:32,253 [ERROR] Failed to ingest member L000293: column "full_name" does not exist
LINE 3:                     WHERE full_name = '' AND state = 'Kentuc...
                                  ^

2026-01-08 02:37:33,128 [ERROR] Failed to ingest member L000287: column "full_name" does not exist
LINE 3:                     WHERE full_name = '' AND state = 'Georgi...
                                  ^

2026-01-08 02:37:34,000 [ERROR] Failed to ingest member L000274: column "full_name" does not exist
LINE 3:                     WHERE full_name = '' AND state = 'Califo...
                                  ^

2026-01-08 02:37:34,871 [ERROR] Failed to ingest member L000267: column "full_name" does not exist
LINE 3:                     WHERE full_name = '' AND state = 'New Yo...
                                  ^

2026-01-08 02:37:35,854 [ERROR] Failed to ingest member L000264: column "full_name" does not exist
LINE 3:                     WHERE full_name = '' AND state = 'Califo...
                                  ^

2026-01-08 02:37:36,857 [ERROR] Failed to ingest member L000263: column "full_name" does not exist
LINE 3:                     WHERE full_name = '' AND state = 'Michig...
                                  ^

2026-01-08 02:37:37,768 [ERROR] Failed to ingest member L000243: column "full_name" does not exist
LINE 3:                     WHERE full_name = '' AND state = 'New Yo...
                                  ^

2026-01-08 02:37:38,760 [ERROR] Failed to ingest member L000237: column "full_name" does not exist
LINE 3:                     WHERE full_name = '' AND state = 'Texas'...
                                  ^

2026-01-08 02:37:39,696 [ERROR] Failed to ingest member L000226: column "full_name" does not exist
LINE 3:                     WHERE full_name = '' AND state = 'Florid...
                                  ^

2026-01-08 02:37:40,642 [ERROR] Failed to ingest member L000225: column "full_name" does not exist
LINE 3:                     WHERE full_name = '' AND state = 'Califo...
                                  ^

2026-01-08 02:37:41,646 [ERROR] Failed to ingest member L000221: column "full_name" does not exist
LINE 3:                     WHERE full_name = '' AND state = 'Califo...
                                  ^

2026-01-08 02:37:42,590 [ERROR] Failed to ingest member L000561: column "full_name" does not exist
LINE 3:                     WHERE full_name = '' AND state = 'New Je...
                                  ^

2026-01-08 02:37:43,521 [ERROR] Failed to ingest member L000192: column "full_name" does not exist
LINE 3:                     WHERE full_name = '' AND state = 'New Yo...
                                  ^

2026-01-08 02:37:44,404 [ERROR] Failed to ingest member L000187: column "full_name" does not exist
LINE 3:                     WHERE full_name = '' AND state = 'Pennsy...
                                  ^

2026-01-08 02:37:45,283 [ERROR] Failed to ingest member L000547: column "full_name" does not exist
LINE 3:                     WHERE full_name = '' AND state = 'New Yo...
                                  ^

2026-01-08 02:37:46,124 [ERROR] Failed to ingest member L000180: column "full_name" does not exist
LINE 3:                     WHERE full_name = '' AND state = 'Texas'...
                                  ^

2026-01-08 02:37:46,942 [ERROR] Failed to ingest member L000167: column "full_name" does not exist
LINE 3:                     WHERE full_name = '' AND state = 'Louisi...
                                  ^

2026-01-08 02:37:47,847 [ERROR] Failed to ingest member L000155: column "full_name" does not exist
LINE 3:                     WHERE full_name = '' AND state = 'New Yo...
                                  ^

2026-01-08 02:37:48,775 [ERROR] Failed to ingest member L000119: column "full_name" does not exist
LINE 3:                     WHERE full_name = '' AND state = 'Texas'...
                                  ^

2026-01-08 02:37:49,779 [ERROR] Failed to ingest member L000116: column "full_name" does not exist
LINE 3:                     WHERE full_name = '' AND state = 'Ohio' ...
                                  ^

2026-01-08 02:37:50,830 [ERROR] Failed to ingest member L000553: column "full_name" does not exist
LINE 3:                     WHERE full_name = '' AND state = 'Ohio' ...
                                  ^

2026-01-08 02:37:51,975 [ERROR] Failed to ingest member L000111: column "full_name" does not exist
LINE 3:                     WHERE full_name = '' AND state = 'Iowa' ...
                                  ^

2026-01-08 02:37:53,037 [ERROR] Failed to ingest member L000098: column "full_name" does not exist
LINE 3:                     WHERE full_name = '' AND state = 'Idaho'...
                                  ^

2026-01-08 02:37:54,199 [ERROR] Failed to ingest member L000096: column "full_name" does not exist
LINE 3:                     WHERE full_name = '' AND state = 'Oklaho...
                                  ^

2026-01-08 02:37:55,499 [ERROR] Failed to ingest member L000090: column "full_name" does not exist
LINE 3:                     WHERE full_name = '' AND state = 'Califo...
                                  ^

2026-01-08 02:37:56,632 [ERROR] Failed to ingest member L000054: column "full_name" does not exist
LINE 3:                     WHERE full_name = '' AND state = 'Georgi...
                                  ^

2026-01-08 02:37:58,045 [ERROR] Failed to ingest member L000049: column "full_name" does not exist
LINE 3:                     WHERE full_name = '' AND state = 'Indian...
                                  ^

2026-01-08 02:37:58,939 [ERROR] Failed to ingest member L000045: column "full_name" does not exist
LINE 3:                     WHERE full_name = '' AND state = 'North ...
                                  ^

2026-01-08 02:37:59,831 [ERROR] Failed to ingest member L000552: column "full_name" does not exist
LINE 3:                     WHERE full_name = '' AND state = 'Illino...
                                  ^

2026-01-08 02:38:00,760 [ERROR] Failed to ingest member L000020: column "full_name" does not exist
LINE 3:                     WHERE full_name = '' AND state = 'Califo...
                                  ^

2026-01-08 02:38:01,621 [ERROR] Failed to ingest member K000356: column "full_name" does not exist
LINE 3:                     WHERE full_name = '' AND state = 'Maine'...
                                  ^

2026-01-08 02:38:02,449 [ERROR] Failed to ingest member K000352: column "full_name" does not exist
LINE 3:                     WHERE full_name = '' AND state = 'Arizon...
                                  ^

2026-01-08 02:38:03,350 [ERROR] Failed to ingest member K000348: column "full_name" does not exist
LINE 3:                     WHERE full_name = '' AND state = 'Tennes...
                                  ^

2026-01-08 02:38:04,187 [ERROR] Failed to ingest member K000328: column "full_name" does not exist
LINE 3:                     WHERE full_name = '' AND state = 'Washin...
                                  ^

2026-01-08 02:38:05,066 [ERROR] Failed to ingest member K000325: column "full_name" does not exist
LINE 3:                     WHERE full_name = '' AND state = 'Califo...
                                  ^

2026-01-08 02:38:05,932 [ERROR] Failed to ingest member K000322: column "full_name" does not exist
LINE 3:                     WHERE full_name = '' AND state = 'Colora...
                                  ^

2026-01-08 02:38:06,812 [ERROR] Failed to ingest member K000319: column "full_name" does not exist
LINE 3:                     WHERE full_name = '' AND state = 'Pennsy...
                                  ^

2026-01-08 02:38:07,656 [ERROR] Failed to ingest member K000312: column "full_name" does not exist
LINE 3:                     WHERE full_name = '' AND state = 'Oregon...
                                  ^

2026-01-08 02:38:08,588 [ERROR] Failed to ingest member K000309: column "full_name" does not exist
LINE 3:                     WHERE full_name = '' AND state = 'Califo...
                                  ^

2026-01-08 02:38:09,532 [ERROR] Failed to ingest member K000307: column "full_name" does not exist
LINE 3:                     WHERE full_name = '' AND state = 'Pennsy...
                                  ^

2026-01-08 02:38:10,443 [ERROR] Failed to ingest member K000304: column "full_name" does not exist
LINE 3:                     WHERE full_name = '' AND state = 'Colora...
                                  ^

2026-01-08 02:38:11,459 [ERROR] Failed to ingest member K000302: column "full_name" does not exist
LINE 3:                     WHERE full_name = '' AND state = 'New Yo...
                                  ^

2026-01-08 02:38:12,412 [ERROR] Failed to ingest member K000288: column "full_name" does not exist
LINE 3:                     WHERE full_name = '' AND state = 'Michig...
                                  ^

2026-01-08 02:38:13,263 [ERROR] Failed to ingest member K000274: column "full_name" does not exist
LINE 3:                     WHERE full_name = '' AND state = 'Wiscon...
                                  ^

2026-01-08 02:38:14,142 [ERROR] Failed to ingest member K000273: column "full_name" does not exist
LINE 3:                     WHERE full_name = '' AND state = 'Illino...
                                  ^

2026-01-08 02:38:15,058 [ERROR] Failed to ingest member K000270: column "full_name" does not exist
LINE 3:                     WHERE full_name = '' AND state = 'Pennsy...
                                  ^

2026-01-08 02:38:15,934 [ERROR] Failed to ingest member K000259: column "full_name" does not exist
LINE 3:                     WHERE full_name = '' AND state = 'Wiscon...
                                  ^

2026-01-08 02:38:16,818 [ERROR] Failed to ingest member K000220: column "full_name" does not exist
LINE 3:                     WHERE full_name = '' AND state = 'Georgi...
                                  ^

2026-01-08 02:38:17,661 [ERROR] Failed to ingest member K000210: column "full_name" does not exist
LINE 3:                     WHERE full_name = '' AND state = 'New Yo...
                                  ^

2026-01-08 02:38:18,526 [ERROR] Failed to ingest member K000195: column "full_name" does not exist
LINE 3:                     WHERE full_name = '' AND state = 'New Yo...
                                  ^

2026-01-08 02:38:19,357 [ERROR] Failed to ingest member K000190: column "full_name" does not exist
LINE 3:                     WHERE full_name = '' AND state = 'Ohio' ...
                                  ^

2026-01-08 02:38:21,527 [ERROR] Failed to ingest member K000181: column "full_name" does not exist
LINE 3:                     WHERE full_name = '' AND state = 'Califo...
                                  ^

2026-01-08 02:38:22,412 [ERROR] Failed to ingest member K000172: column "full_name" does not exist
LINE 3:                     WHERE full_name = '' AND state = 'Michig...
                                  ^

2026-01-08 02:38:23,271 [ERROR] Failed to ingest member K000153: column "full_name" does not exist
LINE 3:                     WHERE full_name = '' AND state = 'Califo...
                                  ^

2026-01-08 02:38:24,120 [ERROR] Failed to ingest member K000118: column "full_name" does not exist
LINE 3:                     WHERE full_name = '' AND state = 'Connec...
                                  ^

2026-01-08 02:38:25,031 [ERROR] Failed to ingest member K000113: column "full_name" does not exist
LINE 3:                     WHERE full_name = '' AND state = 'Rhode ...
                                  ^

2026-01-08 02:38:25,878 [ERROR] Failed to ingest member K000110: column "full_name" does not exist
LINE 3:                     WHERE full_name = '' AND state = 'Massac...
                                  ^

2026-01-08 02:38:26,828 [ERROR] Failed to ingest member K000086: column "full_name" does not exist
LINE 3:                     WHERE full_name = '' AND state = 'New Yo...
                                  ^

2026-01-08 02:38:27,739 [ERROR] Failed to ingest member K000078: column "full_name" does not exist
LINE 3:                     WHERE full_name = '' AND state = 'New Yo...
                                  ^

2026-01-08 02:38:28,705 [ERROR] Failed to ingest member K000077: column "full_name" does not exist
LINE 3:                     WHERE full_name = '' AND state = 'Florid...
                                  ^

2026-01-08 02:38:29,638 [ERROR] Failed to ingest member K000037: column "full_name" does not exist
LINE 3:                     WHERE full_name = '' AND state = 'Ohio' ...
                                  ^

2026-01-08 02:38:30,564 [ERROR] Failed to ingest member K000025: column "full_name" does not exist
LINE 3:                     WHERE full_name = '' AND state = 'Texas'...
                                  ^

2026-01-08 02:38:31,443 [ERROR] Failed to ingest member K000020: column "full_name" does not exist
LINE 3:                     WHERE full_name = '' AND state = 'Wiscon...
                                  ^

2026-01-08 02:38:32,304 [ERROR] Failed to ingest member K000019: column "full_name" does not exist
LINE 3:                     WHERE full_name = '' AND state = 'Wiscon...
                                  ^

2026-01-08 02:38:33,246 [ERROR] Failed to ingest member K000016: column "full_name" does not exist
LINE 3:                     WHERE full_name = '' AND state = 'Ohio' ...
                                  ^

2026-01-08 02:38:34,122 [ERROR] Failed to ingest member K000014: column "full_name" does not exist
LINE 3:                     WHERE full_name = '' AND state = 'Minnes...
                                  ^

2026-01-08 02:38:34,987 [ERROR] Failed to ingest member K000008: column "full_name" does not exist
LINE 3:                     WHERE full_name = '' AND state = 'Pennsy...
                                  ^

2026-01-08 02:38:35,805 [ERROR] Failed to ingest member J000266: column "full_name" does not exist
LINE 3:                     WHERE full_name = '' AND state = 'Texas'...
                                  ^

2026-01-08 02:38:36,675 [ERROR] Failed to ingest member J000265: column "full_name" does not exist
LINE 3:                     WHERE full_name = '' AND state = 'Indian...
                                  ^

2026-01-08 02:38:37,537 [ERROR] Failed to ingest member J000255: column "full_name" does not exist
LINE 3:                     WHERE full_name = '' AND state = 'North ...
                                  ^

2026-01-08 02:38:38,384 [ERROR] Failed to ingest member J000256: column "full_name" does not exist
LINE 3:                     WHERE full_name = '' AND state = 'North ...
                                  ^

2026-01-08 02:38:39,243 [ERROR] Failed to ingest member J000248: column "full_name" does not exist
LINE 3:                     WHERE full_name = '' AND state = 'Alabam...
                                  ^

2026-01-08 02:38:40,164 [ERROR] Failed to ingest member J000232: column "full_name" does not exist
LINE 3:                     WHERE full_name = '' AND state = 'Oklaho...
                                  ^

2026-01-08 02:38:41,096 [ERROR] Failed to ingest member J000216: column "full_name" does not exist
LINE 3:                     WHERE full_name = '' AND state = 'Tennes...
                                  ^

2026-01-08 02:38:42,025 [ERROR] Failed to ingest member J000211: column "full_name" does not exist
LINE 3:                     WHERE full_name = '' AND state = 'Georgi...
                                  ^

2026-01-08 02:38:42,877 [ERROR] Failed to ingest member J000187: column "full_name" does not exist
LINE 3:                     WHERE full_name = '' AND state = 'Florid...
                                  ^

2026-01-08 02:38:43,729 [ERROR] Failed to ingest member J000200: column "full_name" does not exist
LINE 3:                     WHERE full_name = '' AND state = 'North ...
                                  ^

2026-01-08 02:38:44,629 [ERROR] Failed to ingest member J000174: column "full_name" does not exist
LINE 3:                     WHERE full_name = '' AND state = 'Texas'...
                                  ^

2026-01-08 02:38:45,539 [ERROR] Failed to ingest member J000163: column "full_name" does not exist
LINE 3:                     WHERE full_name = '' AND state = 'Connec...
                                  ^

2026-01-08 02:38:46,489 [ERROR] Failed to ingest member J000135: column "full_name" does not exist
LINE 3:                     WHERE full_name = '' AND state = 'Califo...
                                  ^

2026-01-08 02:38:47,397 [ERROR] Failed to ingest member J000120: column "full_name" does not exist
LINE 3:                     WHERE full_name = '' AND state = 'Georgi...
                                  ^

2026-01-08 02:38:48,292 [ERROR] Failed to ingest member J000115: column "full_name" does not exist
LINE 3:                     WHERE full_name = '' AND state = 'Pennsy...
                                  ^

2026-01-08 02:38:49,164 [ERROR] Failed to ingest member J000083: column "full_name" does not exist
LINE 3:                     WHERE full_name = '' AND state = 'Georgi...
                                  ^

2026-01-08 02:38:50,026 [ERROR] Failed to ingest member J000074: column "full_name" does not exist
LINE 3:                     WHERE full_name = '' AND state = 'Kansas...
                                  ^

2026-01-08 02:38:50,876 [ERROR] Failed to ingest member J000072: column "full_name" does not exist
LINE 3:                     WHERE full_name = '' AND state = 'Vermon...
                                  ^

2026-01-08 02:38:51,797 [ERROR] Failed to ingest member J000070: column "full_name" does not exist
LINE 3:                     WHERE full_name = '' AND state = 'Louisi...
                                  ^

2026-01-08 02:38:52,770 [ERROR] Failed to ingest member J000057: column "full_name" does not exist
LINE 3:                     WHERE full_name = '' AND state = 'Oklaho...
                                  ^

2026-01-08 02:38:53,866 [ERROR] Failed to ingest member J000047: column "full_name" does not exist
LINE 3:                     WHERE full_name = '' AND state = 'Florid...
                                  ^

2026-01-08 02:38:54,749 [ERROR] Failed to ingest member J000033: column "full_name" does not exist
LINE 3:                     WHERE full_name = '' AND state = 'Indian...
                                  ^

2026-01-08 02:38:55,678 [ERROR] Failed to ingest member J000283: column "full_name" does not exist
LINE 3:                     WHERE full_name = '' AND state = 'Illino...
                                  ^

2026-01-08 02:38:56,563 [ERROR] Failed to ingest member I000047: column "full_name" does not exist
LINE 3:                     WHERE full_name = '' AND state = 'Oklaho...
                                  ^

2026-01-08 02:38:57,394 [ERROR] Failed to ingest member I000026: column "full_name" does not exist
LINE 3:                     WHERE full_name = '' AND state = 'Washin...
                                  ^

2026-01-08 02:38:58,303 [ERROR] Failed to ingest member I000023: column "full_name" does not exist
LINE 3:                     WHERE full_name = '' AND state = 'South ...
                                  ^

2026-01-08 02:38:59,145 [ERROR] Failed to ingest member I000001: column "full_name" does not exist
LINE 3:                     WHERE full_name = '' AND state = 'Missou...
                                  ^

2026-01-08 02:39:00,047 [ERROR] Failed to ingest member H001022: column "full_name" does not exist
LINE 3:                     WHERE full_name = '' AND state = 'Illino...
                                  ^

2026-01-08 02:39:00,929 [ERROR] Failed to ingest member H001018: column "full_name" does not exist
LINE 3:                     WHERE full_name = '' AND state = 'Florid...
                                  ^

2026-01-08 02:39:01,139 [INFO] === Congress.gov Ingestion Pipeline Started ===
2026-01-08 02:39:01,811 [ERROR] Failed to ingest member H001015: column "full_name" does not exist
LINE 3:                     WHERE full_name = '' AND state = 'Arkans...
                                  ^

2026-01-08 02:39:02,409 [INFO] Database connection established
2026-01-08 02:39:02,409 [INFO] === Starting members ingestion for both, Congress 118 ===
2026-01-08 02:39:02,410 [INFO] Fetching house members for Congress 118
2026-01-08 02:39:02,751 [ERROR] Failed to ingest member H001011: column "full_name" does not exist
LINE 3:                     WHERE full_name = '' AND state = 'Michig...
                                  ^

2026-01-08 02:39:03,749 [ERROR] Failed to ingest member H000981: column "full_name" does not exist
LINE 3:                     WHERE full_name = '' AND state = 'Califo...
                                  ^

2026-01-08 02:39:04,627 [ERROR] Failed to ingest member H000972: column "full_name" does not exist
LINE 3:                     WHERE full_name = '' AND state = 'New Je...
                                  ^

2026-01-08 02:39:05,510 [ERROR] Failed to ingest member H000965: column "full_name" does not exist
LINE 3:                     WHERE full_name = '' AND state = 'Missou...
                                  ^

2026-01-08 02:39:06,458 [ERROR] Failed to ingest member H000930: column "full_name" does not exist
LINE 3:                     WHERE full_name = '' AND state = 'New Je...
                                  ^

2026-01-08 02:39:07,374 [ERROR] Failed to ingest member H000912: column "full_name" does not exist
LINE 3:                     WHERE full_name = '' AND state = 'Califo...
                                  ^

2026-01-08 02:39:08,248 [ERROR] Failed to ingest member H000906: column "full_name" does not exist
LINE 3:                     WHERE full_name = '' AND state = 'Indian...
                                  ^

2026-01-08 02:39:09,403 [ERROR] Failed to ingest member H000901: column "full_name" does not exist
LINE 3:                     WHERE full_name = '' AND state = 'Louisi...
                                  ^

2026-01-08 02:39:10,356 [ERROR] Failed to ingest member H000897: column "full_name" does not exist
LINE 3:                     WHERE full_name = '' AND state = 'Michig...
                                  ^

2026-01-08 02:39:11,235 [ERROR] Failed to ingest member H000851: column "full_name" does not exist
LINE 3:                     WHERE full_name = '' AND state = 'Utah' ...
                                  ^

2026-01-08 02:39:12,204 [ERROR] Failed to ingest member H000840: column "full_name" does not exist
LINE 3:                     WHERE full_name = '' AND state = 'New Je...
                                  ^

2026-01-08 02:39:13,046 [ERROR] Failed to ingest member H000814: column "full_name" does not exist
LINE 3:                     WHERE full_name = '' AND state = 'New Yo...
                                  ^

2026-01-08 02:39:13,972 [ERROR] Failed to ingest member H000807: column "full_name" does not exist
LINE 3:                     WHERE full_name = '' AND state = 'Indian...
                                  ^

2026-01-08 02:39:14,787 [ERROR] Failed to ingest member H000802: column "full_name" does not exist
LINE 3:                     WHERE full_name = '' AND state = 'Califo...
                                  ^

2026-01-08 02:39:15,668 [ERROR] Failed to ingest member H000797: column "full_name" does not exist
LINE 3:                     WHERE full_name = '' AND state = 'New Yo...
                                  ^

2026-01-08 02:39:16,568 [ERROR] Failed to ingest member H000789: column "full_name" does not exist
LINE 3:                     WHERE full_name = '' AND state = 'Califo...
                                  ^

2026-01-08 02:39:17,404 [ERROR] Failed to ingest member H000788: column "full_name" does not exist
LINE 3:                     WHERE full_name = '' AND state = 'Missou...
                                  ^

2026-01-08 02:39:17,578 [INFO] Retrieved 2600 house members
2026-01-08 02:39:17,578 [INFO] Fetching senate members for Congress 118
2026-01-08 02:39:18,254 [ERROR] Failed to ingest member H000776: column "full_name" does not exist
LINE 3:                     WHERE full_name = '' AND state = 'Kentuc...
                                  ^

2026-01-08 02:39:19,147 [ERROR] Failed to ingest member H000752: column "full_name" does not exist
LINE 3:                     WHERE full_name = '' AND state = 'New Yo...
                                  ^

2026-01-08 02:39:20,011 [ERROR] Failed to ingest member H000747: column "full_name" does not exist
LINE 3:                     WHERE full_name = '' AND state = 'Maryla...
                                  ^

2026-01-08 02:39:20,887 [ERROR] Failed to ingest member H000729: column "full_name" does not exist
LINE 3:                     WHERE full_name = '' AND state = 'Louisi...
                                  ^

2026-01-08 02:39:21,708 [ERROR] Failed to ingest member H000722: column "full_name" does not exist
LINE 3:                     WHERE full_name = '' AND state = 'New Je...
                                  ^

2026-01-08 02:39:22,587 [ERROR] Failed to ingest member H000719: column "full_name" does not exist
LINE 3:                     WHERE full_name = '' AND state = 'South ...
                                  ^

2026-01-08 02:39:23,429 [ERROR] Failed to ingest member H000713: column "full_name" does not exist
LINE 3:                     WHERE full_name = '' AND state = 'Califo...
                                  ^

2026-01-08 02:39:24,262 [ERROR] Failed to ingest member H000712: column "full_name" does not exist
LINE 3:                     WHERE full_name = '' AND state = 'Pennsy...
                                  ^

2026-01-08 02:39:25,134 [ERROR] Failed to ingest member H000707: column "full_name" does not exist
LINE 3:                     WHERE full_name = '' AND state = 'Ohio' ...
                                  ^

2026-01-08 02:39:26,007 [ERROR] Failed to ingest member H000692: column "full_name" does not exist
LINE 3:                     WHERE full_name = '' AND state = 'Maryla...
                                  ^

2026-01-08 02:39:26,895 [ERROR] Failed to ingest member H000676: column "full_name" does not exist
LINE 3:                     WHERE full_name = '' AND state = 'Michig...
                                  ^

2026-01-08 02:39:27,745 [ERROR] Failed to ingest member H000670: column "full_name" does not exist
LINE 3:                     WHERE full_name = '' AND state = 'New Yo...
                                  ^

2026-01-08 02:39:28,598 [ERROR] Failed to ingest member H000652: column "full_name" does not exist
LINE 3:                     WHERE full_name = '' AND state = 'Nebras...
                                  ^

2026-01-08 02:39:29,523 [ERROR] Failed to ingest member H000641: column "full_name" does not exist
LINE 3:                     WHERE full_name = '' AND state = 'Missis...
                                  ^

2026-01-08 02:39:30,327 [ERROR] Failed to ingest member H000638: column "full_name" does not exist
LINE 3:                     WHERE full_name = '' AND state = 'Califo...
                                  ^

2026-01-08 02:39:31,124 [ERROR] Failed to ingest member H000627: column "full_name" does not exist
LINE 3:                     WHERE full_name = '' AND state = 'New Yo...
                                  ^

2026-01-08 02:39:31,374 [INFO] Retrieved 2600 senate members
2026-01-08 02:39:31,375 [INFO] Found 5200 members
2026-01-08 02:39:31,995 [ERROR] Failed to ingest member H000621: column "full_name" does not exist
LINE 3:                     WHERE full_name = '' AND state = 'Alabam...
                                  ^

2026-01-08 02:39:32,453 [ERROR] Failed to ingest member L000578: value too long for type character(2)

2026-01-08 02:39:32,821 [ERROR] Failed to ingest member H000615: column "full_name" does not exist
LINE 3:                     WHERE full_name = '' AND state = 'Tennes...
                                  ^

2026-01-08 02:39:33,473 [ERROR] Failed to ingest member G000596: value too long for type character(2)

2026-01-08 02:39:33,710 [ERROR] Failed to ingest member H000586: column "full_name" does not exist
LINE 3:                     WHERE full_name = '' AND state = 'Indian...
                                  ^

2026-01-08 02:39:34,487 [ERROR] Failed to ingest member Z000008: value too long for type character(2)

2026-01-08 02:39:34,563 [ERROR] Failed to ingest member H000582: column "full_name" does not exist
LINE 3:                     WHERE full_name = '' AND state = 'Texas'...
                                  ^

2026-01-08 02:39:35,445 [ERROR] Failed to ingest member H000563: column "full_name" does not exist
LINE 3:                     WHERE full_name = '' AND state = 'Washin...
                                  ^

2026-01-08 02:39:35,529 [ERROR] Failed to ingest member S000146: value too long for type character(2)

2026-01-08 02:39:36,321 [ERROR] Failed to ingest member H000547: column "full_name" does not exist
LINE 3:                     WHERE full_name = '' AND state = 'Michig...
                                  ^

2026-01-08 02:39:36,540 [ERROR] Failed to ingest member C000077: value too long for type character(2)

2026-01-08 02:39:37,198 [ERROR] Failed to ingest member H000528: column "full_name" does not exist
LINE 3:                     WHERE full_name = '' AND state = 'Califo...
                                  ^

2026-01-08 02:39:37,516 [ERROR] Failed to ingest member R000619: value too long for type character(2)

2026-01-08 02:39:38,010 [ERROR] Failed to ingest member H000514: column "full_name" does not exist
LINE 3:                     WHERE full_name = '' AND state = 'Michig...
                                  ^

2026-01-08 02:39:38,567 [ERROR] Failed to ingest member J000312: value too long for type character(2)

2026-01-08 02:39:43,946 [ERROR] Failed to ingest member H000490: column "full_name" does not exist
LINE 3:                     WHERE full_name = '' AND state = 'North ...
                                  ^

2026-01-08 02:39:44,389 [ERROR] Failed to ingest member D000628: value too long for type character(2)

2026-01-08 02:39:44,845 [ERROR] Failed to ingest member H000479: column "full_name" does not exist
LINE 3:                     WHERE full_name = '' AND state = 'North ...
                                  ^

2026-01-08 02:39:45,395 [ERROR] Failed to ingest member N000147: value too long for type character(2)

2026-01-08 02:39:45,707 [ERROR] Failed to ingest member H000465: column "full_name" does not exist
LINE 3:                     WHERE full_name = '' AND state = 'New Je...
                                  ^

2026-01-08 02:39:46,384 [ERROR] Failed to ingest member D000216: value too long for type character(2)

2026-01-08 02:39:46,509 [ERROR] Failed to ingest member H000456: column "full_name" does not exist
LINE 3:                     WHERE full_name = '' AND state = 'Pennsy...
                                  ^

2026-01-08 02:39:47,441 [ERROR] Failed to ingest member H000452: column "full_name" does not exist
LINE 3:                     WHERE full_name = '' AND state = 'North ...
                                  ^

2026-01-08 02:39:48,274 [ERROR] Failed to ingest member H000449: column "full_name" does not exist
LINE 3:                     WHERE full_name = '' AND state = 'Hawaii...
                                  ^

2026-01-08 02:39:48,464 [ERROR] Failed to ingest member P000197: value too long for type character(2)

2026-01-08 02:39:49,111 [ERROR] Failed to ingest member H000448: column "full_name" does not exist
LINE 3:                     WHERE full_name = '' AND state = 'North ...
                                  ^

2026-01-08 02:39:49,453 [ERROR] Failed to ingest member V000139: value too long for type character(2)

2026-01-08 02:39:49,957 [ERROR] Failed to ingest member H000444: column "full_name" does not exist
LINE 3:                     WHERE full_name = '' AND state = 'Colora...
                                  ^

2026-01-08 02:39:50,500 [ERROR] Failed to ingest member S001207: value too long for type character(2)

2026-01-08 02:39:50,864 [ERROR] Failed to ingest member H000440: column "full_name" does not exist
LINE 3:                     WHERE full_name = '' AND state = 'Massac...
                                  ^

2026-01-08 02:39:51,540 [ERROR] Failed to ingest member G000606: value too long for type character(2)

2026-01-08 02:39:51,708 [ERROR] Failed to ingest member H000438: column "full_name" does not exist
LINE 3:                     WHERE full_name = '' AND state = 'West V...
                                  ^

2026-01-08 02:39:52,557 [ERROR] Failed to ingest member H000437: column "full_name" does not exist
LINE 3:                     WHERE full_name = '' AND state = 'Louisi...
                                  ^

2026-01-08 02:39:53,443 [ERROR] Failed to ingest member H000413: column "full_name" does not exist
LINE 3:                     WHERE full_name = '' AND state = 'Arizon...
                                  ^

2026-01-08 02:39:53,621 [ERROR] Failed to ingest member C000344: value too long for type character(2)

2026-01-08 02:39:54,297 [ERROR] Failed to ingest member H000408: column "full_name" does not exist
LINE 3:                     WHERE full_name = '' AND state = 'Ohio' ...
                                  ^

2026-01-08 02:39:54,611 [ERROR] Failed to ingest member S000785: value too long for type character(2)

2026-01-08 02:39:55,118 [ERROR] Failed to ingest member H000390: column "full_name" does not exist
LINE 3:                     WHERE full_name = '' AND state = 'Louisi...
                                  ^

2026-01-08 02:39:55,607 [ERROR] Failed to ingest member K000180: value too long for type character(2)

2026-01-08 02:39:55,990 [ERROR] Failed to ingest member H000388: column "full_name" does not exist
LINE 3:                     WHERE full_name = '' AND state = 'Illino...
                                  ^

2026-01-08 02:39:56,681 [ERROR] Failed to ingest member Y000064: value too long for type character(2)

2026-01-08 02:39:56,851 [ERROR] Failed to ingest member H000367: column "full_name" does not exist
LINE 3:                     WHERE full_name = '' AND state = 'Califo...
                                  ^

2026-01-08 02:39:57,708 [ERROR] Failed to ingest member W000779: value too long for type character(2)

2026-01-08 02:39:57,711 [ERROR] Failed to ingest member H000340: column "full_name" does not exist
LINE 3:                     WHERE full_name = '' AND state = 'Georgi...
                                  ^

2026-01-08 02:39:58,517 [ERROR] Failed to ingest member H000327: column "full_name" does not exist
LINE 3:                     WHERE full_name = '' AND state = 'New Yo...
                                  ^

2026-01-08 02:39:58,685 [ERROR] Failed to ingest member W000817: value too long for type character(2)

2026-01-08 02:39:59,356 [ERROR] Failed to ingest member H000329: column "full_name" does not exist
LINE 3:                     WHERE full_name = '' AND state = 'Washin...
                                  ^

2026-01-08 02:39:59,674 [ERROR] Failed to ingest member W000802: value too long for type character(2)

2026-01-08 02:40:00,204 [ERROR] Failed to ingest member H000323: column "full_name" does not exist
LINE 3:                     WHERE full_name = '' AND state = 'Illino...
                                  ^

2026-01-08 02:40:00,670 [ERROR] Failed to ingest member W000800: value too long for type character(2)

2026-01-08 02:40:01,012 [ERROR] Failed to ingest member H000306: column "full_name" does not exist
LINE 3:                     WHERE full_name = '' AND state = 'Michig...
                                  ^

2026-01-08 02:40:01,701 [ERROR] Failed to ingest member W000437: value too long for type character(2)

2026-01-08 02:40:01,890 [ERROR] Failed to ingest member H000302: column "full_name" does not exist
LINE 3:                     WHERE full_name = '' AND state = 'South ...
                                  ^

2026-01-08 02:40:02,739 [ERROR] Failed to ingest member H000281: column "full_name" does not exist
LINE 3:                     WHERE full_name = '' AND state = 'Ohio' ...
                                  ^

2026-01-08 02:40:03,565 [ERROR] Failed to ingest member H000269: column "full_name" does not exist
LINE 3:                     WHERE full_name = '' AND state = 'Pennsy...
                                  ^

2026-01-08 02:40:03,722 [ERROR] Failed to ingest member T000278: value too long for type character(2)

2026-01-08 02:40:04,460 [ERROR] Failed to ingest member H000241: column "full_name" does not exist
LINE 3:                     WHERE full_name = '' AND state = 'Virgin...
                                  ^

2026-01-08 02:40:04,818 [ERROR] Failed to ingest member W000805: value too long for type character(2)

2026-01-08 02:40:05,308 [ERROR] Failed to ingest member H000236: column "full_name" does not exist
LINE 3:                     WHERE full_name = '' AND state = 'Alabam...
                                  ^

2026-01-08 02:40:05,791 [ERROR] Failed to ingest member V000128: value too long for type character(2)

2026-01-08 02:40:06,110 [ERROR] Failed to ingest member H000230: column "full_name" does not exist
LINE 3:                     WHERE full_name = '' AND state = 'Massac...
                                  ^

2026-01-08 02:40:06,819 [ERROR] Failed to ingest member S001203: value too long for type character(2)

2026-01-08 02:40:06,930 [ERROR] Failed to ingest member H000206: column "full_name" does not exist
LINE 3:                     WHERE full_name = '' AND state = 'Iowa' ...
                                  ^

2026-01-08 02:40:07,789 [ERROR] Failed to ingest member H000175: column "full_name" does not exist
LINE 3:                     WHERE full_name = '' AND state = 'Idaho'...
                                  ^

2026-01-08 02:40:08,664 [ERROR] Failed to ingest member H000174: column "full_name" does not exist
LINE 3:                     WHERE full_name = '' AND state = 'Washin...
                                  ^

2026-01-08 02:40:08,836 [ERROR] Failed to ingest member S001198: value too long for type character(2)

2026-01-08 02:40:09,534 [ERROR] Failed to ingest member H000172: column "full_name" does not exist
LINE 3:                     WHERE full_name = '' AND state = 'Utah' ...
                                  ^

2026-01-08 02:40:09,868 [ERROR] Failed to ingest member T000250: value too long for type character(2)

2026-01-08 02:40:10,350 [ERROR] Failed to ingest member H000171: column "full_name" does not exist
LINE 3:                     WHERE full_name = '' AND state = 'Idaho'...
                                  ^

2026-01-08 02:40:10,832 [ERROR] Failed to ingest member S001232: value too long for type character(2)

2026-01-08 02:40:11,150 [ERROR] Failed to ingest member H000168: column "full_name" does not exist
LINE 3:                     WHERE full_name = '' AND state = 'Illino...
                                  ^

2026-01-08 02:40:11,831 [ERROR] Failed to ingest member S001217: value too long for type character(2)

2026-01-08 02:40:11,968 [ERROR] Failed to ingest member H000166: column "full_name" does not exist
LINE 3:                     WHERE full_name = '' AND state = 'Califo...
                                  ^

2026-01-08 02:40:12,824 [ERROR] Failed to ingest member H000164: column "full_name" does not exist
LINE 3:                     WHERE full_name = '' AND state = 'Califo...
                                  ^

2026-01-08 02:40:12,834 [ERROR] Failed to ingest member S001208: value too long for type character(2)

2026-01-08 02:40:13,648 [ERROR] Failed to ingest member H000158: column "full_name" does not exist
LINE 3:                     WHERE full_name = '' AND state = 'New Yo...
                                  ^

2026-01-08 02:40:13,809 [ERROR] Failed to ingest member S001184: value too long for type character(2)

2026-01-08 02:40:14,471 [ERROR] Failed to ingest member H000151: column "full_name" does not exist
LINE 3:                     WHERE full_name = '' AND state = 'Missou...
                                  ^

2026-01-08 02:40:14,866 [ERROR] Failed to ingest member S001181: value too long for type character(2)

2026-01-08 02:40:15,423 [ERROR] Failed to ingest member H000144: column "full_name" does not exist
LINE 3:                     WHERE full_name = '' AND state = 'Texas'...
                                  ^

2026-01-08 02:40:15,935 [ERROR] Failed to ingest member S001227: value too long for type character(2)

2026-01-08 02:40:16,269 [ERROR] Failed to ingest member H000124: column "full_name" does not exist
LINE 3:                     WHERE full_name = '' AND state = 'Arkans...
                                  ^

2026-01-08 02:40:16,950 [ERROR] Failed to ingest member R000605: value too long for type character(2)

2026-01-08 02:40:17,110 [ERROR] Failed to ingest member H000114: column "full_name" does not exist
LINE 3:                     WHERE full_name = '' AND state = 'Indian...
                                  ^

2026-01-08 02:40:17,943 [ERROR] Failed to ingest member H000096: column "full_name" does not exist
LINE 3:                     WHERE full_name = '' AND state = 'Califo...
                                  ^

2026-01-08 02:40:18,804 [ERROR] Failed to ingest member H000074: column "full_name" does not exist
LINE 3:                     WHERE full_name = '' AND state = 'Ohio' ...
                                  ^

2026-01-08 02:40:18,967 [ERROR] Failed to ingest member S000148: value too long for type character(2)

2026-01-08 02:40:19,657 [ERROR] Failed to ingest member H000073: column "full_name" does not exist
LINE 3:                     WHERE full_name = '' AND state = 'Illino...
                                  ^

2026-01-08 02:40:19,984 [ERROR] Failed to ingest member S000033: value too long for type character(2)

2026-01-08 02:40:20,493 [ERROR] Failed to ingest member H000070: column "full_name" does not exist
LINE 3:                     WHERE full_name = '' AND state = 'Texas'...
                                  ^

2026-01-08 02:40:21,007 [ERROR] Failed to ingest member S001150: value too long for type character(2)

2026-01-08 02:40:21,363 [ERROR] Failed to ingest member H000067: column "full_name" does not exist
LINE 3:                     WHERE full_name = '' AND state = 'Texas'...
                                  ^

2026-01-08 02:40:22,024 [ERROR] Failed to ingest member R000618: value too long for type character(2)

2026-01-08 02:40:22,192 [ERROR] Failed to ingest member H000058: column "full_name" does not exist
LINE 3:                     WHERE full_name = '' AND state = 'Indian...
                                  ^

2026-01-08 02:40:23,003 [ERROR] Failed to ingest member R000608: value too long for type character(2)

2026-01-08 02:40:23,033 [ERROR] Failed to ingest member H000041: column "full_name" does not exist
LINE 3:                     WHERE full_name = '' AND state = 'Florid...
                                  ^

2026-01-08 02:40:23,892 [ERROR] Failed to ingest member H000012: column "full_name" does not exist
LINE 3:                     WHERE full_name = '' AND state = 'Minnes...
                                  ^

2026-01-08 02:40:24,101 [ERROR] Failed to ingest member P000603: value too long for type character(2)

2026-01-08 02:40:24,833 [ERROR] Failed to ingest member G000537: column "full_name" does not exist
LINE 3:                     WHERE full_name = '' AND state = 'Ohio' ...
                                  ^

2026-01-08 02:40:25,150 [ERROR] Failed to ingest member P000595: value too long for type character(2)

2026-01-08 02:40:25,702 [ERROR] Failed to ingest member G000536: column "full_name" does not exist
LINE 3:                     WHERE full_name = '' AND state = 'Minnes...
                                  ^

2026-01-08 02:40:26,131 [ERROR] Failed to ingest member R000584: value too long for type character(2)

2026-01-08 02:40:26,527 [ERROR] Failed to ingest member G000535: column "full_name" does not exist
LINE 3:                     WHERE full_name = '' AND state = 'Illino...
                                  ^

2026-01-08 02:40:27,136 [ERROR] Failed to ingest member R000122: value too long for type character(2)

2026-01-08 02:40:27,429 [ERROR] Failed to ingest member G000524: column "full_name" does not exist
LINE 3:                     WHERE full_name = '' AND state = 'Wiscon...
                                  ^

2026-01-08 02:40:28,247 [ERROR] Failed to ingest member G000515: column "full_name" does not exist
LINE 3:                     WHERE full_name = '' AND state = 'North ...
                                  ^

2026-01-08 02:40:28,309 [ERROR] Failed to ingest member P000145: value too long for type character(2)

2026-01-08 02:40:29,057 [ERROR] Failed to ingest member G000513: column "full_name" does not exist
LINE 3:                     WHERE full_name = '' AND state = 'Maryla...
                                  ^

2026-01-08 02:40:29,287 [ERROR] Failed to ingest member O000174: value too long for type character(2)

2026-01-08 02:40:29,872 [ERROR] Failed to ingest member G000512: column "full_name" does not exist
LINE 3:                     WHERE full_name = '' AND state = 'Califo...
                                  ^

2026-01-08 02:40:30,345 [ERROR] Failed to ingest member M001190: value too long for type character(2)

2026-01-08 02:40:30,713 [ERROR] Failed to ingest member G000511: column "full_name" does not exist
LINE 3:                     WHERE full_name = '' AND state = 'New Je...
                                  ^

2026-01-08 02:40:31,392 [ERROR] Failed to ingest member M001169: value too long for type character(2)

2026-01-08 02:40:31,603 [ERROR] Failed to ingest member G000504: column "full_name" does not exist
LINE 3:                     WHERE full_name = '' AND state = 'New Yo...
                                  ^

2026-01-08 02:40:32,393 [ERROR] Failed to ingest member M001111: value too long for type character(2)

2026-01-08 02:40:32,409 [ERROR] Failed to ingest member G000499: column "full_name" does not exist
LINE 3:                     WHERE full_name = '' AND state = 'Illino...
                                  ^

2026-01-08 02:40:33,245 [ERROR] Failed to ingest member G000495: column "full_name" does not exist
LINE 3:                     WHERE full_name = '' AND state = 'Iowa' ...
                                  ^

2026-01-08 02:40:33,387 [ERROR] Failed to ingest member M001153: value too long for type character(2)

2026-01-08 02:40:34,104 [ERROR] Failed to ingest member G000480: column "full_name" does not exist
LINE 3:                     WHERE full_name = '' AND state = 'Califo...
                                  ^

2026-01-08 02:40:34,389 [ERROR] Failed to ingest member M001244: value too long for type character(2)

2026-01-08 02:40:34,911 [ERROR] Failed to ingest member G000471: column "full_name" does not exist
LINE 3:                     WHERE full_name = '' AND state = 'Michig...
                                  ^

2026-01-08 02:40:35,406 [ERROR] Failed to ingest member M001243: value too long for type character(2)

2026-01-08 02:40:35,727 [ERROR] Failed to ingest member G000445: column "full_name" does not exist
LINE 3:                     WHERE full_name = '' AND state = 'New Ha...
                                  ^

2026-01-08 02:40:36,388 [ERROR] Failed to ingest member M001242: value too long for type character(2)

2026-01-08 02:40:36,567 [ERROR] Failed to ingest member G000439: column "full_name" does not exist
LINE 3:                     WHERE full_name = '' AND state = 'Pennsy...
                                  ^

2026-01-08 02:40:37,390 [ERROR] Failed to ingest member M001176: value too long for type character(2)

2026-01-08 02:40:37,404 [ERROR] Failed to ingest member G000420: column "full_name" does not exist
LINE 3:                     WHERE full_name = '' AND state = 'Pennsy...
                                  ^

2026-01-08 02:40:38,329 [ERROR] Failed to ingest member G000417: column "full_name" does not exist
LINE 3:                     WHERE full_name = '' AND state = 'New Yo...
                                  ^

2026-01-08 02:40:38,419 [ERROR] Failed to ingest member M000934: value too long for type character(2)

2026-01-08 02:40:39,270 [ERROR] Failed to ingest member G000410: column "full_name" does not exist
LINE 3:                     WHERE full_name = '' AND state = 'Texas'...
                                  ^

2026-01-08 02:40:39,542 [ERROR] Failed to ingest member M000355: value too long for type character(2)

2026-01-08 02:40:40,159 [ERROR] Failed to ingest member G000407: column "full_name" does not exist
LINE 3:                     WHERE full_name = '' AND state = 'Oregon...
                                  ^

2026-01-08 02:40:40,656 [ERROR] Failed to ingest member M001198: value too long for type character(2)

2026-01-08 02:40:40,989 [ERROR] Failed to ingest member G000402: column "full_name" does not exist
LINE 3:                     WHERE full_name = '' AND state = 'Pennsy...
                                  ^

2026-01-08 02:40:41,661 [ERROR] Failed to ingest member K000367: value too long for type character(2)

2026-01-08 02:40:41,858 [ERROR] Failed to ingest member G000400: column "full_name" does not exist
LINE 3:                     WHERE full_name = '' AND state = 'Illino...
                                  ^

2026-01-08 02:40:42,770 [ERROR] Failed to ingest member G000387: column "full_name" does not exist
LINE 3:                     WHERE full_name = '' AND state = 'Connec...
                                  ^

2026-01-08 02:40:43,589 [ERROR] Failed to ingest member G000382: column "full_name" does not exist
LINE 3:                     WHERE full_name = '' AND state = 'Florid...
                                  ^

2026-01-08 02:40:43,772 [ERROR] Failed to ingest member L000575: value too long for type character(2)

2026-01-08 02:40:44,432 [ERROR] Failed to ingest member G000371: column "full_name" does not exist
LINE 3:                     WHERE full_name = '' AND state = 'Iowa' ...
                                  ^

2026-01-08 02:40:44,753 [ERROR] Failed to ingest member L000571: value too long for type character(2)

2026-01-08 02:40:45,291 [ERROR] Failed to ingest member G000367: column "full_name" does not exist
LINE 3:                     WHERE full_name = '' AND state = 'Minnes...
                                  ^

2026-01-08 02:40:45,770 [ERROR] Failed to ingest member L000570: value too long for type character(2)

2026-01-08 02:40:46,129 [ERROR] Failed to ingest member G000365: column "full_name" does not exist
LINE 3:                     WHERE full_name = '' AND state = 'Texas'...
                                  ^

2026-01-08 02:40:46,813 [ERROR] Failed to ingest member M000133: value too long for type character(2)

2026-01-08 02:40:46,988 [ERROR] Failed to ingest member G000349: column "full_name" does not exist
LINE 3:                     WHERE full_name = '' AND state = 'Ohio' ...
                                  ^

2026-01-08 02:40:47,846 [ERROR] Failed to ingest member G000336: column "full_name" does not exist
LINE 3:                     WHERE full_name = '' AND state = 'Florid...
                                  ^

2026-01-08 02:40:47,853 [ERROR] Failed to ingest member K000377: value too long for type character(2)

2026-01-08 02:40:48,712 [ERROR] Failed to ingest member G000321: column "full_name" does not exist
LINE 3:                     WHERE full_name = '' AND state = 'Tennes...
                                  ^

2026-01-08 02:40:48,901 [ERROR] Failed to ingest member K000394: value too long for type character(2)

2026-01-08 02:40:49,616 [ERROR] Failed to ingest member G000309: column "full_name" does not exist
LINE 3:                     WHERE full_name = '' AND state = 'Tennes...
                                  ^

2026-01-08 02:40:49,998 [ERROR] Failed to ingest member K000393: value too long for type character(2)

2026-01-08 02:40:50,469 [ERROR] Failed to ingest member G000291: column "full_name" does not exist
LINE 3:                     WHERE full_name = '' AND state = 'Pennsy...
                                  ^

2026-01-08 02:40:51,030 [ERROR] Failed to ingest member K000383: value too long for type character(2)

2026-01-08 02:40:51,393 [ERROR] Failed to ingest member G000289: column "full_name" does not exist
LINE 3:                     WHERE full_name = '' AND state = 'Virgin...
                                  ^

2026-01-08 02:40:52,049 [ERROR] Failed to ingest member K000384: value too long for type character(2)

2026-01-08 02:40:52,219 [ERROR] Failed to ingest member G000272: column "full_name" does not exist
LINE 3:                     WHERE full_name = '' AND state = 'Texas'...
                                  ^

2026-01-08 02:40:53,064 [ERROR] Failed to ingest member J000293: value too long for type character(2)

2026-01-08 02:40:53,126 [ERROR] Failed to ingest member G000268: column "full_name" does not exist
LINE 3:                     WHERE full_name = '' AND state = 'Califo...
                                  ^

2026-01-08 02:40:54,009 [ERROR] Failed to ingest member G000240: column "full_name" does not exist
LINE 3:                     WHERE full_name = '' AND state = 'Kansas...
                                  ^

2026-01-08 02:40:54,068 [ERROR] Failed to ingest member H001104: value too long for type character(2)

2026-01-08 02:40:54,829 [ERROR] Failed to ingest member G000226: column "full_name" does not exist
LINE 3:                     WHERE full_name = '' AND state = 'Georgi...
                                  ^

2026-01-08 02:40:55,069 [ERROR] Failed to ingest member H000273: value too long for type character(2)

2026-01-08 02:40:55,671 [ERROR] Failed to ingest member G000225: column "full_name" does not exist
LINE 3:                     WHERE full_name = '' AND state = 'Georgi...
                                  ^

2026-01-08 02:40:56,114 [ERROR] Failed to ingest member H001089: value too long for type character(2)

2026-01-08 02:40:56,597 [ERROR] Failed to ingest member G000212: column "full_name" does not exist
LINE 3:                     WHERE full_name = '' AND state = 'New Yo...
                                  ^

2026-01-08 02:40:57,202 [ERROR] Failed to ingest member H001079: value too long for type character(2)

2026-01-08 02:40:57,457 [ERROR] Failed to ingest member G000210: column "full_name" does not exist
LINE 3:                     WHERE full_name = '' AND state = 'Ohio' ...
                                  ^

2026-01-08 02:40:58,176 [ERROR] Failed to ingest member H001061: value too long for type character(2)

2026-01-08 02:40:58,346 [ERROR] Failed to ingest member G000180: column "full_name" does not exist
LINE 3:                     WHERE full_name = '' AND state = 'Maryla...
                                  ^

2026-01-08 02:40:59,190 [ERROR] Failed to ingest member G000153: column "full_name" does not exist
LINE 3:                     WHERE full_name = '' AND state = 'Florid...
                                  ^

2026-01-08 02:40:59,195 [ERROR] Failed to ingest member H001042: value too long for type character(2)

2026-01-08 02:41:00,008 [ERROR] Failed to ingest member G000151: column "full_name" does not exist
LINE 3:                     WHERE full_name = '' AND state = 'Connec...
                                  ^

2026-01-08 02:41:00,174 [ERROR] Failed to ingest member H001046: value too long for type character(2)

2026-01-08 02:41:00,849 [ERROR] Failed to ingest member G000144: column "full_name" does not exist
LINE 3:                     WHERE full_name = '' AND state = 'South ...
                                  ^

2026-01-08 02:41:01,225 [ERROR] Failed to ingest member H000601: value too long for type character(2)

2026-01-08 02:41:01,757 [ERROR] Failed to ingest member G000134: column "full_name" does not exist
LINE 3:                     WHERE full_name = '' AND state = 'Texas'...
                                  ^

2026-01-08 02:41:02,272 [ERROR] Failed to ingest member H001076: value too long for type character(2)

2026-01-08 02:41:02,613 [ERROR] Failed to ingest member G000132: column "full_name" does not exist
LINE 3:                     WHERE full_name = '' AND state = 'Missou...
                                  ^

2026-01-08 02:41:03,288 [ERROR] Failed to ingest member G000574: value too long for type character(2)

2026-01-08 02:41:03,428 [ERROR] Failed to ingest member G000121: column "full_name" does not exist
LINE 3:                     WHERE full_name = '' AND state = 'Pennsy...
                                  ^

2026-01-08 02:41:04,251 [ERROR] Failed to ingest member G000555: value too long for type character(2)

3:                     WHERE full_name = '' AND state = 'Connec...
                                  ^

2026-01-08 02:41:05,102 [ERROR] Failed to ingest member G000105: column "full_name" does not exist
LINE 3:                     WHERE full_name = '' AND state = 'Pennsy...
                                  ^

2026-01-08 02:41:05,269 [ERROR] Failed to ingest member G000386: value too long for type character(2)

2026-01-08 02:41:05,984 [ERROR] Failed to ingest member G000047: column "full_name" does not exist
LINE 3:                     WHERE full_name = '' AND state = 'New Yo...
                                  ^

2026-01-08 02:41:06,311 [ERROR] Failed to ingest member G000359: value too long for type character(2)

2026-01-08 02:41:06,810 [ERROR] Failed to ingest member G000041: column "full_name" does not exist
LINE 3:                     WHERE full_name = '' AND state = 'Iowa' ...
                                  ^

2026-01-08 02:41:07,429 [ERROR] Failed to ingest member F000479: value too long for type character(2)

2026-01-08 02:41:07,663 [ERROR] Failed to ingest member G000036: column "full_name" does not exist
LINE 3:                     WHERE full_name = '' AND state = 'Texas'...
                                  ^

2026-01-08 02:41:08,451 [ERROR] Failed to ingest member C001114: value too long for type character(2)

2026-01-08 02:41:08,565 [ERROR] Failed to ingest member G000025: column "full_name" does not exist
LINE 3:                     WHERE full_name = '' AND state = 'New Je...
                                  ^

2026-01-08 02:41:09,389 [ERROR] Failed to ingest member G000021: column "full_name" does not exist
LINE 3:                     WHERE full_name = '' AND state = 'Califo...
                                  ^

2026-01-08 02:41:09,466 [ERROR] Failed to ingest member E000295: value too long for type character(2)

2026-01-08 02:41:10,241 [ERROR] Failed to ingest member F000435: column "full_name" does not exist
LINE 3:                     WHERE full_name = '' AND state = 'Puerto...
                                  ^

2026-01-08 02:41:10,548 [ERROR] Failed to ingest member F000463: value too long for type character(2)

2026-01-08 02:41:11,073 [ERROR] Failed to ingest member F000434: column "full_name" does not exist
LINE 3:                     WHERE full_name = '' AND state = 'Oregon...
                                  ^

2026-01-08 02:41:11,592 [ERROR] Failed to ingest member C001098: value too long for type character(2)

2026-01-08 02:41:11,929 [ERROR] Failed to ingest member F000430: column "full_name" does not exist
LINE 3:                     WHERE full_name = '' AND state = 'Florid...
                                  ^

2026-01-08 02:41:12,612 [ERROR] Failed to ingest member D000618: value too long for type character(2)

2026-01-08 02:41:12,790 [ERROR] Failed to ingest member F000426: column "full_name" does not exist
LINE 3:                     WHERE full_name = '' AND state = 'North ...
                                  ^

2026-01-08 02:41:13,665 [ERROR] Failed to ingest member D000622: value too long for type character(2)

2026-01-08 02:41:13,665 [ERROR] Failed to ingest member F000424: column "full_name" does not exist
LINE 3:                     WHERE full_name = '' AND state = 'Tennes...
                                  ^

2026-01-08 02:41:14,561 [ERROR] Failed to ingest member F000392: column "full_name" does not exist
LINE 3:                     WHERE full_name = '' AND state = 'Texas'...
                                  ^

2026-01-08 02:41:14,711 [ERROR] Failed to ingest member D000563: value too long for type character(2)

2026-01-08 02:41:15,483 [ERROR] Failed to ingest member F000388: column "full_name" does not exist
LINE 3:                     WHERE full_name = '' AND state = 'Wiscon...
                                  ^

2026-01-08 02:41:15,777 [ERROR] Failed to ingest member C001113: value too long for type character(2)

2026-01-08 02:41:16,314 [ERROR] Failed to ingest member F000387: column "full_name" does not exist
LINE 3:                     WHERE full_name = '' AND state = 'New Yo...
                                  ^

2026-01-08 02:41:16,830 [ERROR] Failed to ingest member C001096: value too long for type character(2)

2026-01-08 02:41:17,164 [ERROR] Failed to ingest member F000381: column "full_name" does not exist
LINE 3:                     WHERE full_name = '' AND state = 'Florid...
                                  ^

2026-01-08 02:41:17,830 [ERROR] Failed to ingest member C001095: value too long for type character(2)

2026-01-08 02:41:18,012 [ERROR] Failed to ingest member F000380: column "full_name" does not exist
LINE 3:                     WHERE full_name = '' AND state = 'Minnes...
                                  ^

2026-01-08 02:41:18,898 [ERROR] Failed to ingest member F000372: column "full_name" does not exist
LINE 3:                     WHERE full_name = '' AND state = 'New Je...
                                  ^

2026-01-08 02:41:18,899 [ERROR] Failed to ingest member C001088: value too long for type character(2)

2026-01-08 02:41:19,744 [ERROR] Failed to ingest member F000371: column "full_name" does not exist
LINE 3:                     WHERE full_name = '' AND state = 'New Je...
                                  ^

2026-01-08 02:41:20,072 [ERROR] Failed to ingest member C001035: value too long for type character(2)

2026-01-08 02:41:20,569 [ERROR] Failed to ingest member F000351: column "full_name" does not exist
LINE 3:                     WHERE full_name = '' AND state = 'Virgin...
                                  ^

2026-01-08 02:41:21,103 [ERROR] Failed to ingest member C001056: value too long for type character(2)

2026-01-08 02:41:21,440 [ERROR] Failed to ingest member F000350: column "full_name" does not exist
LINE 3:                     WHERE full_name = '' AND state = 'Minnes...
                                  ^

2026-01-08 02:41:22,130 [ERROR] Failed to ingest member C000880: value too long for type character(2)

2026-01-08 02:41:22,322 [ERROR] Failed to ingest member F000348: column "full_name" does not exist
LINE 3:                     WHERE full_name = '' AND state = 'Connec...
                                  ^

2026-01-08 02:41:23,147 [ERROR] Failed to ingest member F000349: column "full_name" does not exist
LINE 3:                     WHERE full_name = '' AND state = 'New Je...
                                  ^

2026-01-08 02:41:23,411 [ERROR] Failed to ingest member B001319: value too long for type character(2)

2026-01-08 02:41:24,009 [ERROR] Failed to ingest member F000347: column "full_name" does not exist
LINE 3:                     WHERE full_name = '' AND state = 'Missis...
                                  ^

2026-01-08 02:41:24,476 [ERROR] Failed to ingest member B001305: value too long for type character(2)

2026-01-08 02:41:24,934 [ERROR] Failed to ingest member F000339: column "full_name" does not exist
LINE 3:                     WHERE full_name = '' AND state = 'Massac...
                                  ^

2026-01-08 02:41:25,544 [ERROR] Failed to ingest member B001288: value too long for type character(2)

2026-01-08 02:41:25,828 [ERROR] Failed to ingest member F000332: column "full_name" does not exist
LINE 3:                     WHERE full_name = '' AND state = 'Pennsy...
                                  ^

2026-01-08 02:41:26,603 [ERROR] Failed to ingest member C001075: value too long for type character(2)

2026-01-08 02:41:26,691 [ERROR] Failed to ingest member F000329: column "full_name" does not exist
LINE 3:                     WHERE full_name = '' AND state = 'Georgi...
                                  ^

2026-01-08 02:41:27,512 [ERROR] Failed to ingest member F000328: column "full_name" does not exist
LINE 3:                     WHERE full_name = '' AND state = 'Florid...
                                  ^

2026-01-08 02:41:27,625 [ERROR] Failed to ingest member B001236: value too long for type character(2)

2026-01-08 02:41:28,313 [ERROR] Failed to ingest member F000319: column "full_name" does not exist
LINE 3:                     WHERE full_name = '' AND state = 'North ...
                                  ^

2026-01-08 02:41:28,641 [ERROR] Failed to ingest member C001047: value too long for type character(2)

2026-01-08 02:41:29,136 [ERROR] Failed to ingest member F000286: column "full_name" does not exist
LINE 3:                     WHERE full_name = '' AND state = 'New Je...
                                  ^

2026-01-08 02:41:29,702 [ERROR] Failed to ingest member C000127: value too long for type character(2)

2026-01-08 02:41:30,015 [ERROR] Failed to ingest member F000270: column "full_name" does not exist
LINE 3:                     WHERE full_name = '' AND state = 'Michig...
                                  ^

2026-01-08 02:41:30,774 [ERROR] Failed to ingest member B001299: value too long for type character(2)

2026-01-08 02:41:30,872 [ERROR] Failed to ingest member F000261: column "full_name" does not exist
LINE 3:                     WHERE full_name = '' AND state = 'Tennes...
                                  ^

2026-01-08 02:41:31,715 [ERROR] Failed to ingest member F000260: column "full_name" does not exist
LINE 3:                     WHERE full_name = '' AND state = 'Michig...
                                  ^

2026-01-08 02:41:31,806 [ERROR] Failed to ingest member B001303: value too long for type character(2)

2026-01-08 02:41:32,533 [ERROR] Failed to ingest member F000257: column "full_name" does not exist
LINE 3:                     WHERE full_name = '' AND state = 'New Yo...
                                  ^

2026-01-08 02:41:32,885 [ERROR] Failed to ingest member B001277: value too long for type character(2)

2026-01-08 02:41:33,373 [ERROR] Failed to ingest member F000239: column "full_name" does not exist
LINE 3:                     WHERE full_name = '' AND state = 'Washin...
                                  ^

2026-01-08 02:41:33,896 [ERROR] Failed to ingest member B001261: value too long for type character(2)

2026-01-08 02:41:34,248 [ERROR] Failed to ingest member F000238: column "full_name" does not exist
LINE 3:                     WHERE full_name = '' AND state = 'Florid...
                                  ^

2026-01-08 02:41:34,891 [ERROR] Failed to ingest member B001267: value too long for type character(2)

2026-01-08 02:41:35,055 [ERROR] Failed to ingest member F000235: column "full_name" does not exist
LINE 3:                     WHERE full_name = '' AND state = 'Pennsy...
                                  ^

2026-01-08 02:41:35,863 [ERROR] Failed to ingest member B001230: value too long for type character(2)

2026-01-08 02:41:35,869 [ERROR] Failed to ingest member F000229: column "full_name" does not exist
LINE 3:                     WHERE full_name = '' AND state = 'Georgi...
                                  ^

2026-01-08 02:41:36,719 [ERROR] Failed to ingest member F000218: column "full_name" does not exist
LINE 3:                     WHERE full_name = '' AND state = 'Alabam...
                                  ^

2026-01-08 02:41:36,900 [ERROR] Failed to ingest member B001243: value too long for type character(2)

2026-01-08 02:41:37,590 [ERROR] Failed to ingest member F000215: column "full_name" does not exist
LINE 3:                     WHERE full_name = '' AND state = 'New Je...
                                  ^

2026-01-08 02:41:37,917 [ERROR] Failed to ingest member A000382: value too long for type character(2)

2026-01-08 02:41:38,437 [ERROR] Failed to ingest member F000209: column "full_name" does not exist
LINE 3:                     WHERE full_name = '' AND state = 'Pennsy...
                                  ^

2026-01-08 02:41:38,933 [ERROR] Failed to ingest member W000830: value too long for type character(2)

2026-01-08 02:41:39,272 [ERROR] Failed to ingest member F000208: column "full_name" does not exist
LINE 3:                     WHERE full_name = '' AND state = 'Alabam...
                                  ^

2026-01-08 02:41:39,954 [ERROR] Failed to ingest member F000484: value too long for type character(2)

2026-01-08 02:41:40,805 [INFO] === Members ingestion complete (0 succeeded, 2600 failed) ===
2026-01-08 02:41:40,824 [INFO] Transaction committed
2026-01-08 02:41:40,835 [INFO] === Congress.gov Ingestion Pipeline Complete ===
2026-01-08 02:41:40,943 [ERROR] Failed to ingest member P000622: value too long for type character(2)

2026-01-08 02:41:41,958 [ERROR] Failed to ingest member V000138: value too long for type character(2)

2026-01-08 02:41:42,964 [ERROR] Failed to ingest member T000490: value too long for type character(2)

2026-01-08 02:41:43,973 [ERROR] Failed to ingest member S001230: value too long for type character(2)

2026-01-08 02:41:44,998 [ERROR] Failed to ingest member S001229: value too long for type character(2)

2026-01-08 02:41:46,310 [ERROR] Failed to ingest member S001228: value too long for type character(2)

2026-01-08 02:41:47,314 [ERROR] Failed to ingest member R000622: value too long for type character(2)

2026-01-08 02:41:48,331 [ERROR] Failed to ingest member P000621: value too long for type character(2)

2026-01-08 02:41:49,317 [ERROR] Failed to ingest member O000176: value too long for type character(2)

2026-01-08 02:41:50,347 [ERROR] Failed to ingest member M001240: value too long for type character(2)

2026-01-08 02:41:51,316 [ERROR] Failed to ingest member M001239: value too long for type character(2)

2026-01-08 02:41:52,312 [ERROR] Failed to ingest member M001237: value too long for type character(2)

2026-01-08 02:41:53,352 [ERROR] Failed to ingest member M001236: value too long for type character(2)

2026-01-08 02:41:54,330 [ERROR] Transaction rolled back due to error
2026-01-08 02:53:10,533 [INFO] === Congress.gov Ingestion Pipeline Started ===
2026-01-08 02:53:11,697 [INFO] Database connection established
2026-01-08 02:53:11,697 [INFO] === Starting members ingestion for both, Congress 118 ===
2026-01-08 02:53:11,698 [INFO] Fetching house members for Congress 118
2026-01-08 02:54:11,240 [INFO] Retrieved 2600 house members
2026-01-08 02:54:11,241 [INFO] Fetching senate members for Congress 118
2026-01-08 02:54:52,701 [INFO] Retrieved 2600 senate members
2026-01-08 02:54:52,701 [INFO] Found 5200 members
2026-01-08 02:54:53,558 [ERROR] Failed to ingest member L000578: column "external_id" does not exist
LINE 3:                 WHERE external_id = 'L000578' AND external_i...
                              ^

2026-01-08 02:54:54,348 [ERROR] Failed to ingest member G000596: column "external_id" does not exist
LINE 3:                 WHERE external_id = 'G000596' AND external_i...
                              ^

2026-01-08 02:54:55,526 [ERROR] Failed to ingest member Z000008: column "external_id" does not exist
LINE 3:                 WHERE external_id = 'Z000008' AND external_i...
                              ^

2026-01-08 02:54:56,331 [ERROR] Failed to ingest member S000146: column "external_id" does not exist
LINE 3:                 WHERE external_id = 'S000146' AND external_i...
                              ^

2026-01-08 02:54:57,168 [ERROR] Failed to ingest member C000077: column "external_id" does not exist
LINE 3:                 WHERE external_id = 'C000077' AND external_i...
                              ^

2026-01-08 02:54:57,941 [ERROR] Failed to ingest member R000619: column "external_id" does not exist
LINE 3:                 WHERE external_id = 'R000619' AND external_i...
                              ^

2026-01-08 02:54:58,771 [ERROR] Failed to ingest member J000312: column "external_id" does not exist
LINE 3:                 WHERE external_id = 'J000312' AND external_i...
                              ^

2026-01-08 02:54:59,619 [ERROR] Failed to ingest member D000628: column "external_id" does not exist
LINE 3:                 WHERE external_id = 'D000628' AND external_i...
                              ^

2026-01-08 02:55:00,494 [ERROR] Failed to ingest member N000147: column "external_id" does not exist
LINE 3:                 WHERE external_id = 'N000147' AND external_i...
                              ^

2026-01-08 02:55:01,331 [ERROR] Failed to ingest member D000216: column "external_id" does not exist
LINE 3:                 WHERE external_id = 'D000216' AND external_i...
                              ^

2026-01-08 02:55:02,191 [ERROR] Failed to ingest member W000187: column "external_id" does not exist
LINE 3:                 WHERE external_id = 'W000187' AND external_i...
                              ^

2026-01-08 02:55:03,398 [ERROR] Failed to ingest member P000197: column "external_id" does not exist
LINE 3:                 WHERE external_id = 'P000197' AND external_i...
                              ^

2026-01-08 02:55:04,217 [ERROR] Failed to ingest member V000139: column "external_id" does not exist
LINE 3:                 WHERE external_id = 'V000139' AND external_i...
                              ^

2026-01-08 02:55:05,379 [ERROR] Failed to ingest member S001207: column "external_id" does not exist
LINE 3:                 WHERE external_id = 'S001207' AND external_i...
                              ^

2026-01-08 02:55:06,219 [ERROR] Failed to ingest member G000606: column "external_id" does not exist
LINE 3:                 WHERE external_id = 'G000606' AND external_i...
                              ^

2026-01-08 02:55:07,160 [ERROR] Failed to ingest member C001087: column "external_id" does not exist
LINE 3:                 WHERE external_id = 'C001087' AND external_i...
                              ^

2026-01-08 02:55:07,987 [ERROR] Failed to ingest member C000344: column "external_id" does not exist
LINE 3:                 WHERE external_id = 'C000344' AND external_i...
                              ^

2026-01-08 02:55:08,770 [ERROR] Failed to ingest member S000785: column "external_id" does not exist
LINE 3:                 WHERE external_id = 'S000785' AND external_i...
                              ^

2026-01-08 02:55:09,594 [ERROR] Failed to ingest member K000180: column "external_id" does not exist
LINE 3:                 WHERE external_id = 'K000180' AND external_i...
                              ^

2026-01-08 02:55:10,390 [ERROR] Failed to ingest member Y000064: column "external_id" does not exist
LINE 3:                 WHERE external_id = 'Y000064' AND external_i...
                              ^

2026-01-08 02:55:11,186 [ERROR] Failed to ingest member W000779: column "external_id" does not exist
LINE 3:                 WHERE external_id = 'W000779' AND external_i...
                              ^

2026-01-08 02:55:12,036 [ERROR] Failed to ingest member W000817: column "external_id" does not exist
LINE 3:                 WHERE external_id = 'W000817' AND external_i...
                              ^

2026-01-08 02:55:12,812 [ERROR] Failed to ingest member W000802: column "external_id" does not exist
LINE 3:                 WHERE external_id = 'W000802' AND external_i...
                              ^

2026-01-08 02:55:13,612 [ERROR] Failed to ingest member W000800: column "external_id" does not exist
LINE 3:                 WHERE external_id = 'W000800' AND external_i...
                              ^

2026-01-08 02:55:14,452 [ERROR] Failed to ingest member W000437: column "external_id" does not exist
LINE 3:                 WHERE external_id = 'W000437' AND external_i...
                              ^

2026-01-08 02:55:16,031 [ERROR] Failed to ingest member W000790: column "external_id" does not exist
LINE 3:                 WHERE external_id = 'W000790' AND external_i...
                              ^

2026-01-08 02:55:17,037 [ERROR] Failed to ingest member T000278: column "external_id" does not exist
LINE 3:                 WHERE external_id = 'T000278' AND external_i...
                              ^

2026-01-08 02:55:17,988 [ERROR] Failed to ingest member W000805: column "external_id" does not exist
LINE 3:                 WHERE external_id = 'W000805' AND external_i...
                              ^

2026-01-08 02:55:18,836 [ERROR] Failed to ingest member V000128: column "external_id" does not exist
LINE 3:                 WHERE external_id = 'V000128' AND external_i...
                              ^

2026-01-08 02:55:19,633 [ERROR] Failed to ingest member S001203: column "external_id" does not exist
LINE 3:                 WHERE external_id = 'S001203' AND external_i...
                              ^

2026-01-08 02:55:20,446 [ERROR] Failed to ingest member T000476: column "external_id" does not exist
LINE 3:                 WHERE external_id = 'T000476' AND external_i...
                              ^

2026-01-08 02:55:21,294 [ERROR] Failed to ingest member S001198: column "external_id" does not exist
LINE 3:                 WHERE external_id = 'S001198' AND external_i...
                              ^

2026-01-08 02:55:22,095 [ERROR] Failed to ingest member T000250: column "external_id" does not exist
LINE 3:                 WHERE external_id = 'T000250' AND external_i...
                              ^

2026-01-08 02:55:22,897 [ERROR] Failed to ingest member S001232: column "external_id" does not exist
LINE 3:                 WHERE external_id = 'S001232' AND external_i...
                              ^

2026-01-08 02:55:23,754 [ERROR] Failed to ingest member S001217: column "external_id" does not exist
LINE 3:                 WHERE external_id = 'S001217' AND external_i...
                              ^

2026-01-08 02:55:24,632 [ERROR] Failed to ingest member S001208: column "external_id" does not exist
LINE 3:                 WHERE external_id = 'S001208' AND external_i...
                              ^

2026-01-08 02:55:25,437 [ERROR] Failed to ingest member S001184: column "external_id" does not exist
LINE 3:                 WHERE external_id = 'S001184' AND external_i...
                              ^

2026-01-08 02:55:26,288 [ERROR] Failed to ingest member S001181: column "external_id" does not exist
LINE 3:                 WHERE external_id = 'S001181' AND external_i...
                              ^

2026-01-08 02:55:27,107 [ERROR] Failed to ingest member S001227: column "external_id" does not exist
LINE 3:                 WHERE external_id = 'S001227' AND external_i...
                              ^

2026-01-08 02:55:27,927 [ERROR] Failed to ingest member R000605: column "external_id" does not exist
LINE 3:                 WHERE external_id = 'R000605' AND external_i...
                              ^

2026-01-08 02:55:28,771 [ERROR] Failed to ingest member S001194: column "external_id" does not exist
LINE 3:                 WHERE external_id = 'S001194' AND external_i...
                              ^

2026-01-08 02:55:29,593 [ERROR] Failed to ingest member S000148: column "external_id" does not exist
LINE 3:                 WHERE external_id = 'S000148' AND external_i...
                              ^

2026-01-08 02:55:30,479 [ERROR] Failed to ingest member S000033: column "external_id" does not exist
LINE 3:                 WHERE external_id = 'S000033' AND external_i...
                              ^

2026-01-08 02:55:31,318 [ERROR] Failed to ingest member S001150: column "external_id" does not exist
LINE 3:                 WHERE external_id = 'S001150' AND external_i...
                              ^

2026-01-08 02:55:32,136 [ERROR] Failed to ingest member R000618: column "external_id" does not exist
LINE 3:                 WHERE external_id = 'R000618' AND external_i...
                              ^

2026-01-08 02:55:32,953 [ERROR] Failed to ingest member R000608: column "external_id" does not exist
LINE 3:                 WHERE external_id = 'R000608' AND external_i...
                              ^

2026-01-08 02:55:33,756 [ERROR] Failed to ingest member P000603: column "external_id" does not exist
LINE 3:                 WHERE external_id = 'P000603' AND external_i...
                              ^

2026-01-08 02:55:34,559 [ERROR] Failed to ingest member P000595: column "external_id" does not exist
LINE 3:                 WHERE external_id = 'P000595' AND external_i...
                              ^

2026-01-08 02:55:35,393 [ERROR] Failed to ingest member R000584: column "external_id" does not exist
LINE 3:                 WHERE external_id = 'R000584' AND external_i...
                              ^

2026-01-08 02:55:36,238 [ERROR] Failed to ingest member R000122: column "external_id" does not exist
LINE 3:                 WHERE external_id = 'R000122' AND external_i...
                              ^

2026-01-08 02:55:37,220 [ERROR] Failed to ingest member P000145: column "external_id" does not exist
LINE 3:                 WHERE external_id = 'P000145' AND external_i...
                              ^

2026-01-08 02:55:38,077 [ERROR] Failed to ingest member O000174: column "external_id" does not exist
LINE 3:                 WHERE external_id = 'O000174' AND external_i...
                              ^

2026-01-08 02:55:38,913 [ERROR] Failed to ingest member M001190: column "external_id" does not exist
LINE 3:                 WHERE external_id = 'M001190' AND external_i...
                              ^

2026-01-08 02:55:39,733 [ERROR] Failed to ingest member M001169: column "external_id" does not exist
LINE 3:                 WHERE external_id = 'M001169' AND external_i...
                              ^

2026-01-08 02:55:40,555 [ERROR] Failed to ingest member M001111: column "external_id" does not exist
LINE 3:                 WHERE external_id = 'M001111' AND external_i...
                              ^

2026-01-08 02:55:41,373 [ERROR] Failed to ingest member M001153: column "external_id" does not exist
LINE 3:                 WHERE external_id = 'M001153' AND external_i...
                              ^

2026-01-08 02:55:42,215 [ERROR] Failed to ingest member M001244: column "external_id" does not exist
LINE 3:                 WHERE external_id = 'M001244' AND external_i...
                              ^

2026-01-08 02:55:43,014 [ERROR] Failed to ingest member M001243: column "external_id" does not exist
LINE 3:                 WHERE external_id = 'M001243' AND external_i...
                              ^

2026-01-08 02:55:43,840 [ERROR] Failed to ingest member M001242: column "external_id" does not exist
LINE 3:                 WHERE external_id = 'M001242' AND external_i...
                              ^

2026-01-08 02:55:44,664 [ERROR] Failed to ingest member M001176: column "external_id" does not exist
LINE 3:                 WHERE external_id = 'M001176' AND external_i...
                              ^

2026-01-08 02:55:45,586 [ERROR] Failed to ingest member M000934: column "external_id" does not exist
LINE 3:                 WHERE external_id = 'M000934' AND external_i...
                              ^

2026-01-08 02:55:46,475 [ERROR] Failed to ingest member M000355: column "external_id" does not exist
LINE 3:                 WHERE external_id = 'M000355' AND external_i...
                              ^

2026-01-08 02:55:47,393 [ERROR] Failed to ingest member M001198: column "external_id" does not exist
LINE 3:                 WHERE external_id = 'M001198' AND external_i...
                              ^

2026-01-08 02:55:48,237 [ERROR] Failed to ingest member K000367: column "external_id" does not exist
LINE 3:                 WHERE external_id = 'K000367' AND external_i...
                              ^

2026-01-08 02:55:49,034 [ERROR] Failed to ingest member L000577: column "external_id" does not exist
LINE 3:                 WHERE external_id = 'L000577' AND external_i...
                              ^

2026-01-08 02:55:49,940 [ERROR] Failed to ingest member L000575: column "external_id" does not exist
LINE 3:                 WHERE external_id = 'L000575' AND external_i...
                              ^

2026-01-08 02:55:50,778 [ERROR] Failed to ingest member L000571: column "external_id" does not exist
LINE 3:                 WHERE external_id = 'L000571' AND external_i...
                              ^

2026-01-08 02:55:51,585 [ERROR] Failed to ingest member L000570: column "external_id" does not exist
LINE 3:                 WHERE external_id = 'L000570' AND external_i...
                              ^

2026-01-08 02:55:52,479 [ERROR] Failed to ingest member M000133: column "external_id" does not exist
LINE 3:                 WHERE external_id = 'M000133' AND external_i...
                              ^

2026-01-08 02:55:53,276 [ERROR] Failed to ingest member K000377: column "external_id" does not exist
LINE 3:                 WHERE external_id = 'K000377' AND external_i...
                              ^

2026-01-08 02:55:54,141 [ERROR] Failed to ingest member K000394: column "external_id" does not exist
LINE 3:                 WHERE external_id = 'K000394' AND external_i...
                              ^

2026-01-08 02:55:54,955 [ERROR] Failed to ingest member K000393: column "external_id" does not exist
LINE 3:                 WHERE external_id = 'K000393' AND external_i...
                              ^

2026-01-08 02:55:55,815 [ERROR] Failed to ingest member K000383: column "external_id" does not exist
LINE 3:                 WHERE external_id = 'K000383' AND external_i...
                              ^

2026-01-08 02:55:56,677 [ERROR] Failed to ingest member K000384: column "external_id" does not exist
LINE 3:                 WHERE external_id = 'K000384' AND external_i...
                              ^

2026-01-08 02:55:57,550 [ERROR] Failed to ingest member J000293: column "external_id" does not exist
LINE 3:                 WHERE external_id = 'J000293' AND external_i...
                              ^

2026-01-08 02:55:58,377 [ERROR] Failed to ingest member H001104: column "external_id" does not exist
LINE 3:                 WHERE external_id = 'H001104' AND external_i...
                              ^

2026-01-08 02:55:59,178 [ERROR] Failed to ingest member H000273: column "external_id" does not exist
LINE 3:                 WHERE external_id = 'H000273' AND external_i...
                              ^

2026-01-08 02:55:59,996 [ERROR] Failed to ingest member H001089: column "external_id" does not exist
LINE 3:                 WHERE external_id = 'H001089' AND external_i...
                              ^

2026-01-08 02:56:00,859 [ERROR] Failed to ingest member H001079: column "external_id" does not exist
LINE 3:                 WHERE external_id = 'H001079' AND external_i...
                              ^

2026-01-08 02:56:01,659 [ERROR] Failed to ingest member H001061: column "external_id" does not exist
LINE 3:                 WHERE external_id = 'H001061' AND external_i...
                              ^

2026-01-08 02:56:02,518 [ERROR] Failed to ingest member H001042: column "external_id" does not exist
LINE 3:                 WHERE external_id = 'H001042' AND external_i...
                              ^

2026-01-08 02:56:03,404 [ERROR] Failed to ingest member H001046: column "external_id" does not exist
LINE 3:                 WHERE external_id = 'H001046' AND external_i...
                              ^

2026-01-08 02:56:04,242 [ERROR] Failed to ingest member H000601: column "external_id" does not exist
LINE 3:                 WHERE external_id = 'H000601' AND external_i...
                              ^

2026-01-08 02:56:05,112 [ERROR] Failed to ingest member H001076: column "external_id" does not exist
LINE 3:                 WHERE external_id = 'H001076' AND external_i...
                              ^

2026-01-08 02:56:05,938 [ERROR] Failed to ingest member G000574: column "external_id" does not exist
LINE 3:                 WHERE external_id = 'G000574' AND external_i...
                              ^

2026-01-08 02:56:06,742 [ERROR] Failed to ingest member G000555: column "external_id" does not exist
LINE 3:                 WHERE external_id = 'G000555' AND external_i...
                              ^

2026-01-08 02:56:07,596 [ERROR] Failed to ingest member G000386: column "external_id" does not exist
LINE 3:                 WHERE external_id = 'G000386' AND external_i...
                              ^

2026-01-08 02:56:08,458 [ERROR] Failed to ingest member G000359: column "external_id" does not exist
LINE 3:                 WHERE external_id = 'G000359' AND external_i...
                              ^

2026-01-08 02:56:09,294 [ERROR] Failed to ingest member F000479: column "external_id" does not exist
LINE 3:                 WHERE external_id = 'F000479' AND external_i...
                              ^

2026-01-08 02:56:10,155 [ERROR] Failed to ingest member C001114: column "external_id" does not exist
LINE 3:                 WHERE external_id = 'C001114' AND external_i...
                              ^

2026-01-08 02:56:11,032 [ERROR] Failed to ingest member E000295: column "external_id" does not exist
LINE 3:                 WHERE external_id = 'E000295' AND external_i...
                              ^

2026-01-08 02:56:11,896 [ERROR] Failed to ingest member F000463: column "external_id" does not exist
LINE 3:                 WHERE external_id = 'F000463' AND external_i...
                              ^

2026-01-08 02:56:12,698 [ERROR] Failed to ingest member C001098: column "external_id" does not exist
LINE 3:                 WHERE external_id = 'C001098' AND external_i...
                              ^

2026-01-08 02:56:13,556 [ERROR] Failed to ingest member D000618: column "external_id" does not exist
LINE 3:                 WHERE external_id = 'D000618' AND external_i...
                              ^

2026-01-08 02:56:14,382 [ERROR] Failed to ingest member D000622: column "external_id" does not exist
LINE 3:                 WHERE external_id = 'D000622' AND external_i...
                              ^

2026-01-08 02:56:15,232 [ERROR] Failed to ingest member D000563: column "external_id" does not exist
LINE 3:                 WHERE external_id = 'D000563' AND external_i...
                              ^

2026-01-08 02:56:16,101 [ERROR] Failed to ingest member C001113: column "external_id" does not exist
LINE 3:                 WHERE external_id = 'C001113' AND external_i...
                              ^

2026-01-08 02:56:16,937 [ERROR] Failed to ingest member C001096: column "external_id" does not exist
LINE 3:                 WHERE external_id = 'C001096' AND external_i...
                              ^

2026-01-08 02:56:17,832 [ERROR] Failed to ingest member C001095: column "external_id" does not exist
LINE 3:                 WHERE external_id = 'C001095' AND external_i...
                              ^

2026-01-08 02:56:18,659 [ERROR] Failed to ingest member C001088: column "external_id" does not exist
LINE 3:                 WHERE external_id = 'C001088' AND external_i...
                              ^

2026-01-08 02:56:19,773 [ERROR] Failed to ingest member C001035: column "external_id" does not exist
LINE 3:                 WHERE external_id = 'C001035' AND external_i...
                              ^

2026-01-08 02:56:20,659 [ERROR] Failed to ingest member C001056: column "external_id" does not exist
LINE 3:                 WHERE external_id = 'C001056' AND external_i...
                              ^

2026-01-08 02:56:21,462 [ERROR] Failed to ingest member C000880: column "external_id" does not exist
LINE 3:                 WHERE external_id = 'C000880' AND external_i...
                              ^

2026-01-08 02:56:22,272 [ERROR] Failed to ingest member B001319: column "external_id" does not exist
LINE 3:                 WHERE external_id = 'B001319' AND external_i...
                              ^

2026-01-08 02:56:23,097 [ERROR] Failed to ingest member B001305: column "external_id" does not exist
LINE 3:                 WHERE external_id = 'B001305' AND external_i...
                              ^

2026-01-08 02:56:24,009 [ERROR] Failed to ingest member B001288: column "external_id" does not exist
LINE 3:                 WHERE external_id = 'B001288' AND external_i...
                              ^

2026-01-08 02:56:24,831 [ERROR] Failed to ingest member C001075: column "external_id" does not exist
LINE 3:                 WHERE external_id = 'C001075' AND external_i...
                              ^

2026-01-08 02:56:25,676 [ERROR] Failed to ingest member B001236: column "external_id" does not exist
LINE 3:                 WHERE external_id = 'B001236' AND external_i...
                              ^

2026-01-08 02:56:26,519 [ERROR] Failed to ingest member C001047: column "external_id" does not exist
LINE 3:                 WHERE external_id = 'C001047' AND external_i...
                              ^

2026-01-08 02:56:27,435 [ERROR] Failed to ingest member C000127: column "external_id" does not exist
LINE 3:                 WHERE external_id = 'C000127' AND external_i...
                              ^

2026-01-08 02:56:28,298 [ERROR] Failed to ingest member B001299: column "external_id" does not exist
LINE 3:                 WHERE external_id = 'B001299' AND external_i...
                              ^

2026-01-08 02:56:29,097 [ERROR] Failed to ingest member B001303: column "external_id" does not exist
LINE 3:                 WHERE external_id = 'B001303' AND external_i...
                              ^

2026-01-08 02:56:29,916 [ERROR] Failed to ingest member B001277: column "external_id" does not exist
LINE 3:                 WHERE external_id = 'B001277' AND external_i...
                              ^

2026-01-08 02:56:30,727 [ERROR] Failed to ingest member B001261: column "external_id" does not exist
LINE 3:                 WHERE external_id = 'B001261' AND external_i...
                              ^

2026-01-08 02:56:31,603 [ERROR] Failed to ingest member B001267: column "external_id" does not exist
LINE 3:                 WHERE external_id = 'B001267' AND external_i...
                              ^

2026-01-08 02:56:32,432 [ERROR] Failed to ingest member B001230: column "external_id" does not exist
LINE 3:                 WHERE external_id = 'B001230' AND external_i...
                              ^

2026-01-08 02:56:33,315 [ERROR] Failed to ingest member B001243: column "external_id" does not exist
LINE 3:                 WHERE external_id = 'B001243' AND external_i...
                              ^

2026-01-08 02:56:34,124 [ERROR] Failed to ingest member A000382: column "external_id" does not exist
LINE 3:                 WHERE external_id = 'A000382' AND external_i...
                              ^

2026-01-08 02:56:34,998 [ERROR] Failed to ingest member W000830: column "external_id" does not exist
LINE 3:                 WHERE external_id = 'W000830' AND external_i...
                              ^

2026-01-08 02:56:35,805 [ERROR] Failed to ingest member F000484: column "external_id" does not exist
LINE 3:                 WHERE external_id = 'F000484' AND external_i...
                              ^

2026-01-08 02:56:36,703 [ERROR] Failed to ingest member P000622: column "external_id" does not exist
LINE 3:                 WHERE external_id = 'P000622' AND external_i...
                              ^

2026-01-08 02:56:37,578 [ERROR] Failed to ingest member V000138: column "external_id" does not exist
LINE 3:                 WHERE external_id = 'V000138' AND external_i...
                              ^

2026-01-08 02:56:38,396 [ERROR] Failed to ingest member T000490: column "external_id" does not exist
LINE 3:                 WHERE external_id = 'T000490' AND external_i...
                              ^

2026-01-08 02:56:39,220 [ERROR] Failed to ingest member S001230: column "external_id" does not exist
LINE 3:                 WHERE external_id = 'S001230' AND external_i...
                              ^

2026-01-08 02:56:40,103 [ERROR] Failed to ingest member S001229: column "external_id" does not exist
LINE 3:                 WHERE external_id = 'S001229' AND external_i...
                              ^

2026-01-08 02:56:40,948 [ERROR] Failed to ingest member S001228: column "external_id" does not exist
LINE 3:                 WHERE external_id = 'S001228' AND external_i...
                              ^

2026-01-08 02:56:41,834 [ERROR] Failed to ingest member R000622: column "external_id" does not exist
LINE 3:                 WHERE external_id = 'R000622' AND external_i...
                              ^

2026-01-08 02:56:42,702 [ERROR] Failed to ingest member P000621: column "external_id" does not exist
LINE 3:                 WHERE external_id = 'P000621' AND external_i...
                              ^

2026-01-08 02:56:43,575 [ERROR] Failed to ingest member O000176: column "external_id" does not exist
LINE 3:                 WHERE external_id = 'O000176' AND external_i...
                              ^

2026-01-08 02:56:44,385 [ERROR] Failed to ingest member M001240: column "external_id" does not exist
LINE 3:                 WHERE external_id = 'M001240' AND external_i...
                              ^

2026-01-08 02:56:45,259 [ERROR] Failed to ingest member M001239: column "external_id" does not exist
LINE 3:                 WHERE external_id = 'M001239' AND external_i...
                              ^

2026-01-08 02:56:46,060 [ERROR] Failed to ingest member M001237: column "external_id" does not exist
LINE 3:                 WHERE external_id = 'M001237' AND external_i...
                              ^

2026-01-08 02:56:46,900 [ERROR] Failed to ingest member M001236: column "external_id" does not exist
LINE 3:                 WHERE external_id = 'M001236' AND external_i...
                              ^

2026-01-08 02:56:47,732 [ERROR] Failed to ingest member M001235: column "external_id" does not exist
LINE 3:                 WHERE external_id = 'M001235' AND external_i...
                              ^

2026-01-08 02:56:48,600 [ERROR] Failed to ingest member M001233: column "external_id" does not exist
LINE 3:                 WHERE external_id = 'M001233' AND external_i...
                              ^

2026-01-08 02:56:49,401 [ERROR] Failed to ingest member M001232: column "external_id" does not exist
LINE 3:                 WHERE external_id = 'M001232' AND external_i...
                              ^

2026-01-08 02:56:50,239 [ERROR] Failed to ingest member M001231: column "external_id" does not exist
LINE 3:                 WHERE external_id = 'M001231' AND external_i...
                              ^

2026-01-08 02:56:51,118 [ERROR] Failed to ingest member M001230: column "external_id" does not exist
LINE 3:                 WHERE external_id = 'M001230' AND external_i...
                              ^

2026-01-08 02:56:52,016 [ERROR] Failed to ingest member L000606: column "external_id" does not exist
LINE 3:                 WHERE external_id = 'L000606' AND external_i...
                              ^

2026-01-08 02:56:52,882 [ERROR] Failed to ingest member K000405: column "external_id" does not exist
LINE 3:                 WHERE external_id = 'K000405' AND external_i...
                              ^

2026-01-08 02:56:53,741 [ERROR] Failed to ingest member K000403: column "external_id" does not exist
LINE 3:                 WHERE external_id = 'K000403' AND external_i...
                              ^

2026-01-08 02:56:54,558 [ERROR] Failed to ingest member J000310: column "external_id" does not exist
LINE 3:                 WHERE external_id = 'J000310' AND external_i...
                              ^

2026-01-08 02:56:55,360 [ERROR] Failed to ingest member H001103: column "external_id" does not exist
LINE 3:                 WHERE external_id = 'H001103' AND external_i...
                              ^

2026-01-08 02:56:56,236 [ERROR] Failed to ingest member H001102: column "external_id" does not exist
LINE 3:                 WHERE external_id = 'H001102' AND external_i...
                              ^

2026-01-08 02:56:57,112 [ERROR] Failed to ingest member H001101: column "external_id" does not exist
LINE 3:                 WHERE external_id = 'H001101' AND external_i...
                              ^

2026-01-08 02:56:57,943 [ERROR] Failed to ingest member G000604: column "external_id" does not exist
LINE 3:                 WHERE external_id = 'G000604' AND external_i...
                              ^

2026-01-08 02:56:58,759 [ERROR] Failed to ingest member G000603: column "external_id" does not exist
LINE 3:                 WHERE external_id = 'G000603' AND external_i...
                              ^

2026-01-08 02:56:59,596 [ERROR] Failed to ingest member G000602: column "external_id" does not exist
LINE 3:                 WHERE external_id = 'G000602' AND external_i...
                              ^

2026-01-08 02:57:00,446 [ERROR] Failed to ingest member G000601: column "external_id" does not exist
LINE 3:                 WHERE external_id = 'G000601' AND external_i...
                              ^

2026-01-08 02:57:01,277 [ERROR] Failed to ingest member F000483: column "external_id" does not exist
LINE 3:                 WHERE external_id = 'F000483' AND external_i...
                              ^

2026-01-08 02:57:02,316 [ERROR] Failed to ingest member F000482: column "external_id" does not exist
LINE 3:                 WHERE external_id = 'F000482' AND external_i...
                              ^

2026-01-08 02:57:03,196 [ERROR] Failed to ingest member E000301: column "external_id" does not exist
LINE 3:                 WHERE external_id = 'E000301' AND external_i...
                              ^

2026-01-08 02:57:04,081 [ERROR] Failed to ingest member D000635: column "external_id" does not exist
LINE 3:                 WHERE external_id = 'D000635' AND external_i...
                              ^

2026-01-08 02:57:04,931 [ERROR] Failed to ingest member D000634: column "external_id" does not exist
LINE 3:                 WHERE external_id = 'D000634' AND external_i...
                              ^

2026-01-08 02:57:05,800 [ERROR] Failed to ingest member C001136: column "external_id" does not exist
LINE 3:                 WHERE external_id = 'C001136' AND external_i...
                              ^

2026-01-08 02:57:06,598 [ERROR] Failed to ingest member B001327: column "external_id" does not exist
LINE 3:                 WHERE external_id = 'B001327' AND external_i...
                              ^

2026-01-08 02:57:07,514 [ERROR] Failed to ingest member B001326: column "external_id" does not exist
LINE 3:                 WHERE external_id = 'B001326' AND external_i...
                              ^

2026-01-08 02:57:08,367 [ERROR] Failed to ingest member B001325: column "external_id" does not exist
LINE 3:                 WHERE external_id = 'B001325' AND external_i...
                              ^

2026-01-08 02:57:09,240 [ERROR] Failed to ingest member B001322: column "external_id" does not exist
LINE 3:                 WHERE external_id = 'B001322' AND external_i...
                              ^

2026-01-08 02:57:10,075 [ERROR] Failed to ingest member B001321: column "external_id" does not exist
LINE 3:                 WHERE external_id = 'B001321' AND external_i...
                              ^

2026-01-08 02:57:10,918 [ERROR] Failed to ingest member M001218: column "external_id" does not exist
LINE 3:                 WHERE external_id = 'M001218' AND external_i...
                              ^

2026-01-08 02:57:11,800 [ERROR] Failed to ingest member S001188: column "external_id" does not exist
LINE 3:                 WHERE external_id = 'S001188' AND external_i...
                              ^

2026-01-08 02:57:12,678 [ERROR] Failed to ingest member F000110: column "external_id" does not exist
LINE 3:                 WHERE external_id = 'F000110' AND external_i...
                              ^

2026-01-08 02:57:13,483 [ERROR] Failed to ingest member O000177: column "external_id" does not exist
LINE 3:                 WHERE external_id = 'O000177' AND external_i...
                              ^

2026-01-08 02:57:14,288 [ERROR] Failed to ingest member M001238: column "external_id" does not exist
LINE 3:                 WHERE external_id = 'M001238' AND external_i...
                              ^

2026-01-08 02:57:15,114 [ERROR] Failed to ingest member M001234: column "external_id" does not exist
LINE 3:                 WHERE external_id = 'M001234' AND external_i...
                              ^

2026-01-08 02:57:15,978 [ERROR] Failed to ingest member K000404: column "external_id" does not exist
LINE 3:                 WHERE external_id = 'K000404' AND external_i...
                              ^

2026-01-08 02:57:16,824 [ERROR] Failed to ingest member J000311: column "external_id" does not exist
LINE 3:                 WHERE external_id = 'J000311' AND external_i...
                              ^

2026-01-08 02:57:17,720 [ERROR] Failed to ingest member H001099: column "external_id" does not exist
LINE 3:                 WHERE external_id = 'H001099' AND external_i...
                              ^

2026-01-08 02:57:18,541 [ERROR] Failed to ingest member F000481: column "external_id" does not exist
LINE 3:                 WHERE external_id = 'F000481' AND external_i...
                              ^

2026-01-08 02:57:19,361 [ERROR] Failed to ingest member E000300: column "external_id" does not exist
LINE 3:                 WHERE external_id = 'E000300' AND external_i...
                              ^

2026-01-08 02:57:20,201 [ERROR] Failed to ingest member C001137: column "external_id" does not exist
LINE 3:                 WHERE external_id = 'C001137' AND external_i...
                              ^

2026-01-08 02:57:21,018 [ERROR] Failed to ingest member B001324: column "external_id" does not exist
LINE 3:                 WHERE external_id = 'B001324' AND external_i...
                              ^

2026-01-08 02:57:21,881 [ERROR] Failed to ingest member W000829: column "external_id" does not exist
LINE 3:                 WHERE external_id = 'W000829' AND external_i...
                              ^

2026-01-08 02:57:22,679 [ERROR] Failed to ingest member M001229: column "external_id" does not exist
LINE 3:                 WHERE external_id = 'M001229' AND external_i...
                              ^

2026-01-08 02:57:23,482 [ERROR] Failed to ingest member F000480: column "external_id" does not exist
LINE 3:                 WHERE external_id = 'F000480' AND external_i...
                              ^

2026-01-08 02:57:24,294 [ERROR] Failed to ingest member K000402: column "external_id" does not exist
LINE 3:                 WHERE external_id = 'K000402' AND external_i...
                              ^

2026-01-08 02:57:25,130 [ERROR] Failed to ingest member M001228: column "external_id" does not exist
LINE 3:                 WHERE external_id = 'M001228' AND external_i...
                              ^

2026-01-08 02:57:26,097 [ERROR] Failed to ingest member A000380: column "external_id" does not exist
LINE 3:                 WHERE external_id = 'A000380' AND external_i...
                              ^

2026-01-08 02:57:26,923 [ERROR] Failed to ingest member M001227: column "external_id" does not exist
LINE 3:                 WHERE external_id = 'M001227' AND external_i...
                              ^

2026-01-08 02:57:27,832 [ERROR] Failed to ingest member V000135: column "external_id" does not exist
LINE 3:                 WHERE external_id = 'V000135' AND external_i...
                              ^

2026-01-08 02:57:28,730 [ERROR] Failed to ingest member S001224: column "external_id" does not exist
LINE 3:                 WHERE external_id = 'S001224' AND external_i...
                              ^

2026-01-08 02:57:29,665 [ERROR] Failed to ingest member G000600: column "external_id" does not exist
LINE 3:                 WHERE external_id = 'G000600' AND external_i...
                              ^

2026-01-08 02:57:30,544 [ERROR] Failed to ingest member O000175: column "external_id" does not exist
LINE 3:                 WHERE external_id = 'O000175' AND external_i...
                              ^

2026-01-08 02:57:31,463 [ERROR] Failed to ingest member M001224: column "external_id" does not exist
LINE 3:                 WHERE external_id = 'M001224' AND external_i...
                              ^

2026-01-08 02:57:32,360 [ERROR] Failed to ingest member M001223: column "external_id" does not exist
LINE 3:                 WHERE external_id = 'M001223' AND external_i...
                              ^

2026-01-08 02:57:33,261 [ERROR] Failed to ingest member L000603: column "external_id" does not exist
LINE 3:                 WHERE external_id = 'L000603' AND external_i...
                              ^

2026-01-08 02:57:34,174 [ERROR] Failed to ingest member L000602: column "external_id" does not exist
LINE 3:                 WHERE external_id = 'L000602' AND external_i...
                              ^

2026-01-08 02:57:35,032 [ERROR] Failed to ingest member K000399: column "external_id" does not exist
LINE 3:                 WHERE external_id = 'K000399' AND external_i...
                              ^

2026-01-08 02:57:35,889 [ERROR] Failed to ingest member H001095: column "external_id" does not exist
LINE 3:                 WHERE external_id = 'H001095' AND external_i...
                              ^

2026-01-08 02:57:36,775 [ERROR] Failed to ingest member H001096: column "external_id" does not exist
LINE 3:                 WHERE external_id = 'H001096' AND external_i...
                              ^

2026-01-08 02:57:37,703 [ERROR] Failed to ingest member F000478: column "external_id" does not exist
LINE 3:                 WHERE external_id = 'F000478' AND external_i...
                              ^

2026-01-08 02:57:38,568 [ERROR] Failed to ingest member D000530: column "external_id" does not exist
LINE 3:                 WHERE external_id = 'D000530' AND external_i...
                              ^

2026-01-08 02:57:39,453 [ERROR] Failed to ingest member D000594: column "external_id" does not exist
LINE 3:                 WHERE external_id = 'D000594' AND external_i...
                              ^

2026-01-08 02:57:40,284 [ERROR] Failed to ingest member C001130: column "external_id" does not exist
LINE 3:                 WHERE external_id = 'C001130' AND external_i...
                              ^

2026-01-08 02:57:41,103 [ERROR] Failed to ingest member C001131: column "external_id" does not exist
LINE 3:                 WHERE external_id = 'C001131' AND external_i...
                              ^

2026-01-08 02:57:41,904 [ERROR] Failed to ingest member B001318: column "external_id" does not exist
LINE 3:                 WHERE external_id = 'B001318' AND external_i...
                              ^

2026-01-08 02:57:42,794 [ERROR] Failed to ingest member M001212: column "external_id" does not exist
LINE 3:                 WHERE external_id = 'M001212' AND external_i...
                              ^

2026-01-08 02:57:43,626 [ERROR] Failed to ingest member F000472: column "external_id" does not exist
LINE 3:                 WHERE external_id = 'F000472' AND external_i...
                              ^

2026-01-08 02:57:44,477 [ERROR] Failed to ingest member B000825: column "external_id" does not exist
LINE 3:                 WHERE external_id = 'B000825' AND external_i...
                              ^

2026-01-08 02:57:45,475 [ERROR] Failed to ingest member M001205: column "external_id" does not exist
LINE 3:                 WHERE external_id = 'M001205' AND external_i...
                              ^

2026-01-08 02:57:46,370 [ERROR] Failed to ingest member M001208: column "external_id" does not exist
LINE 3:                 WHERE external_id = 'M001208' AND external_i...
                              ^

2026-01-08 02:57:47,221 [ERROR] Failed to ingest member C001123: column "external_id" does not exist
LINE 3:                 WHERE external_id = 'C001123' AND external_i...
                              ^

2026-01-08 02:57:48,047 [ERROR] Failed to ingest member S001205: column "external_id" does not exist
LINE 3:                 WHERE external_id = 'S001205' AND external_i...
                              ^

2026-01-08 02:57:48,921 [ERROR] Failed to ingest member G000581: column "external_id" does not exist
LINE 3:                 WHERE external_id = 'G000581' AND external_i...
                              ^

2026-01-08 02:57:49,761 [ERROR] Failed to ingest member S001201: column "external_id" does not exist
LINE 3:                 WHERE external_id = 'S001201' AND external_i...
                              ^

2026-01-08 02:57:50,657 [ERROR] Failed to ingest member G000553: column "external_id" does not exist
LINE 3:                 WHERE external_id = 'G000553' AND external_i...
                              ^

2026-01-08 02:57:51,499 [ERROR] Failed to ingest member D000399: column "external_id" does not exist
LINE 3:                 WHERE external_id = 'D000399' AND external_i...
                              ^

2026-01-08 02:57:52,323 [ERROR] Failed to ingest member V000136: column "external_id" does not exist
LINE 3:                 WHERE external_id = 'V000136' AND external_i...
                              ^

2026-01-08 02:57:53,183 [ERROR] Failed to ingest member T000487: column "external_id" does not exist
LINE 3:                 WHERE external_id = 'T000487' AND external_i...
                              ^

2026-01-08 02:57:54,007 [ERROR] Failed to ingest member T000488: column "external_id" does not exist
LINE 3:                 WHERE external_id = 'T000488' AND external_i...
                              ^

2026-01-08 02:57:54,855 [ERROR] Failed to ingest member S001223: column "external_id" does not exist
LINE 3:                 WHERE external_id = 'S001223' AND external_i...
                              ^

2026-01-08 02:57:55,710 [ERROR] Failed to ingest member S001225: column "external_id" does not exist
LINE 3:                 WHERE external_id = 'S001225' AND external_i...
                              ^

2026-01-08 02:57:56,538 [ERROR] Failed to ingest member S001221: column "external_id" does not exist
LINE 3:                 WHERE external_id = 'S001221' AND external_i...
                              ^

2026-01-08 02:57:57,343 [ERROR] Failed to ingest member S001226: column "external_id" does not exist
LINE 3:                 WHERE external_id = 'S001226' AND external_i...
                              ^

2026-01-08 02:57:58,156 [ERROR] Failed to ingest member R000617: column "external_id" does not exist
LINE 3:                 WHERE external_id = 'R000617' AND external_i...
                              ^

2026-01-08 02:58:00,013 [ERROR] Failed to ingest member N000193: column "external_id" does not exist
LINE 3:                 WHERE external_id = 'N000193' AND external_i...
                              ^

2026-01-08 02:58:00,859 [ERROR] Failed to ingest member M001219: column "external_id" does not exist
LINE 3:                 WHERE external_id = 'M001219' AND external_i...
                              ^

2026-01-08 02:58:01,689 [ERROR] Failed to ingest member M001217: column "external_id" does not exist
LINE 3:                 WHERE external_id = 'M001217' AND external_i...
                              ^

2026-01-08 02:58:02,535 [ERROR] Failed to ingest member M001216: column "external_id" does not exist
LINE 3:                 WHERE external_id = 'M001216' AND external_i...
                              ^

2026-01-08 02:58:03,401 [ERROR] Failed to ingest member M001222: column "external_id" does not exist
LINE 3:                 WHERE external_id = 'M001222' AND external_i...
                              ^

2026-01-08 02:58:04,200 [ERROR] Failed to ingest member M001226: column "external_id" does not exist
LINE 3:                 WHERE external_id = 'M001226' AND external_i...
                              ^

2026-01-08 02:58:04,999 [ERROR] Failed to ingest member M001220: column "external_id" does not exist
LINE 3:                 WHERE external_id = 'M001220' AND external_i...
                              ^

2026-01-08 02:58:05,800 [ERROR] Failed to ingest member L000596: column "external_id" does not exist
LINE 3:                 WHERE external_id = 'L000596' AND external_i...
                              ^

2026-01-08 02:58:06,771 [ERROR] Transaction rolled back due to error
2026-01-08 03:00:26,202 [INFO] === Congress.gov Ingestion Pipeline Started ===
2026-01-08 03:00:27,397 [INFO] Database connection established
2026-01-08 03:00:27,398 [INFO] === Starting members ingestion for both, Congress 118 ===
2026-01-08 03:00:27,398 [INFO] Fetching house members for Congress 118
2026-01-08 03:00:41,916 [INFO] Retrieved 2600 house members
2026-01-08 03:00:41,916 [INFO] Fetching senate members for Congress 118
2026-01-08 03:00:55,569 [INFO] Retrieved 2600 senate members
2026-01-08 03:00:55,569 [INFO] Found 5200 members
2026-01-08 03:00:56,584 [ERROR] Failed to ingest member L000578: value too long for type character(2)

2026-01-08 03:00:57,674 [ERROR] Failed to ingest member G000596: value too long for type character(2)

2026-01-08 03:00:58,727 [ERROR] Failed to ingest member Z000008: value too long for type character(2)

2026-01-08 03:00:59,719 [ERROR] Failed to ingest member S000146: value too long for type character(2)

2026-01-08 03:01:00,729 [ERROR] Failed to ingest member C000077: value too long for type character(2)

2026-01-08 03:01:01,828 [ERROR] Failed to ingest member R000619: value too long for type character(2)

2026-01-08 03:01:02,955 [ERROR] Failed to ingest member J000312: value too long for type character(2)

2026-01-08 03:01:04,173 [ERROR] Transaction rolled back due to error
2026-01-08 03:01:40,184 [INFO] === Congress.gov Ingestion Pipeline Started ===
2026-01-08 03:01:41,384 [INFO] Database connection established
2026-01-08 03:01:41,384 [INFO] === Starting members ingestion for both, Congress 118 ===
2026-01-08 03:01:41,385 [INFO] Fetching house members for Congress 118
2026-01-08 03:01:56,000 [INFO] Retrieved 2600 house members
2026-01-08 03:01:56,001 [INFO] Fetching senate members for Congress 118
2026-01-08 03:02:09,714 [INFO] Retrieved 2600 senate members
2026-01-08 03:02:09,715 [INFO] Found 5200 members
2026-01-08 03:02:10,863 [ERROR] Failed to ingest member L000578: value too long for type character(2)

2026-01-08 03:02:11,920 [ERROR] Failed to ingest member G000596: value too long for type character(2)

2026-01-08 03:02:12,968 [ERROR] Failed to ingest member Z000008: value too long for type character(2)

2026-01-08 03:02:13,968 [ERROR] Failed to ingest member S000146: value too long for type character(2)

2026-01-08 03:02:14,944 [ERROR] Failed to ingest member C000077: value too long for type character(2)

2026-01-08 03:02:15,972 [ERROR] Failed to ingest member R000619: value too long for type character(2)

2026-01-08 03:02:17,005 [ERROR] Failed to ingest member J000312: value too long for type character(2)

2026-01-08 03:02:17,971 [ERROR] Failed to ingest member D000628: value too long for type character(2)

2026-01-08 03:02:18,973 [ERROR] Failed to ingest member N000147: value too long for type character(2)

2026-01-08 03:02:19,927 [ERROR] Failed to ingest member D000216: value too long for type character(2)

2026-01-08 03:02:20,909 [ERROR] Failed to ingest member W000187: value too long for type character(2)

2026-01-08 03:02:21,900 [ERROR] Failed to ingest member P000197: value too long for type character(2)

2026-01-08 03:02:22,953 [ERROR] Failed to ingest member V000139: value too long for type character(2)

2026-01-08 03:02:23,975 [ERROR] Failed to ingest member S001207: value too long for type character(2)

2026-01-08 03:02:24,996 [ERROR] Failed to ingest member G000606: value too long for type character(2)

2026-01-08 03:02:25,998 [ERROR] Failed to ingest member C001087: value too long for type character(2)

2026-01-08 03:02:26,971 [ERROR] Failed to ingest member C000344: value too long for type character(2)

2026-01-08 03:02:27,946 [ERROR] Failed to ingest member S000785: value too long for type character(2)

2026-01-08 03:02:29,034 [ERROR] Failed to ingest member K000180: value too long for type character(2)

2026-01-08 03:02:30,063 [ERROR] Failed to ingest member Y000064: value too long for type character(2)

2026-01-08 03:02:31,087 [ERROR] Failed to ingest member W000779: value too long for type character(2)

2026-01-08 03:02:32,079 [ERROR] Failed to ingest member W000817: value too long for type character(2)

2026-01-08 03:02:33,169 [ERROR] Failed to ingest member W000802: value too long for type character(2)

2026-01-08 03:02:34,196 [ERROR] Failed to ingest member W000800: value too long for type character(2)

2026-01-08 03:02:35,241 [ERROR] Failed to ingest member W000437: value too long for type character(2)

2026-01-08 03:02:36,248 [ERROR] Failed to ingest member W000790: value too long for type character(2)

2026-01-08 03:02:37,309 [ERROR] Failed to ingest member T000278: value too long for type character(2)

2026-01-08 03:02:38,350 [ERROR] Failed to ingest member W000805: value too long for type character(2)

2026-01-08 03:02:39,335 [ERROR] Failed to ingest member V000128: value too long for type character(2)

2026-01-08 03:02:40,483 [ERROR] Failed to ingest member S001203: value too long for type character(2)

2026-01-08 03:02:41,488 [ERROR] Failed to ingest member T000476: value too long for type character(2)

2026-01-08 03:02:42,477 [ERROR] Failed to ingest member S001198: value too long for type character(2)

2026-01-08 03:02:43,497 [ERROR] Failed to ingest member T000250: value too long for type character(2)

2026-01-08 03:02:44,556 [ERROR] Failed to ingest member S001232: value too long for type character(2)

2026-01-08 03:02:45,601 [ERROR] Failed to ingest member S001217: value too long for type character(2)

2026-01-08 03:02:46,604 [ERROR] Failed to ingest member S001208: value too long for type character(2)

2026-01-08 03:02:47,635 [ERROR] Failed to ingest member S001184: value too long for type character(2)

2026-01-08 03:02:48,720 [ERROR] Failed to ingest member S001181: value too long for type character(2)

2026-01-08 03:02:49,792 [ERROR] Failed to ingest member S001227: value too long for type character(2)

2026-01-08 03:02:50,814 [ERROR] Failed to ingest member R000605: value too long for type character(2)

2026-01-08 03:02:51,863 [ERROR] Failed to ingest member S001194: value too long for type character(2)

2026-01-08 03:02:52,850 [ERROR] Transaction rolled back due to error
2026-01-08 03:03:22,628 [INFO] === Congress.gov Ingestion Pipeline Started ===
2026-01-08 03:03:23,885 [INFO] Database connection established
2026-01-08 03:03:23,885 [INFO] === Starting members ingestion for both, Congress 118 ===
2026-01-08 03:03:23,885 [INFO] Fetching house members for Congress 118
2026-01-08 03:03:38,496 [INFO] Retrieved 2600 house members
2026-01-08 03:03:38,496 [INFO] Fetching senate members for Congress 118
2026-01-08 03:03:52,194 [INFO] Retrieved 2600 senate members
2026-01-08 03:03:52,194 [INFO] Found 5200 members
2026-01-08 03:03:52,842 [WARNING] State code 'California' too long for , truncating to first 2 chars
2026-01-08 03:03:53,226 [ERROR] Failed to ingest member L000578: new row for relation "politicians" violates check constraint "chk_politicians_state_code_valid"
DETAIL:  Failing row contains (7, , R, Ca, null, O, null, null, 2026-01-08 08:03:51.557412+00, 2026-01-08 08:03:51.557412+00).

2026-01-08 03:03:53,897 [WARNING] State code 'Georgia' too long for , truncating to first 2 chars
2026-01-08 03:03:54,231 [ERROR] Failed to ingest member G000596: new row for relation "politicians" violates check constraint "chk_politicians_state_code_valid"
DETAIL:  Failing row contains (8, , R, Ge, null, O, null, null, 2026-01-08 08:03:52.777633+00, 2026-01-08 08:03:52.777633+00).

2026-01-08 03:03:54,919 [WARNING] State code 'New Jersey' too long for , truncating to first 2 chars
2026-01-08 03:03:55,238 [ERROR] Failed to ingest member Z000008: new row for relation "politicians" violates check constraint "chk_politicians_state_code_valid"
DETAIL:  Failing row contains (9, , R, Ne, null, O, null, null, 2026-01-08 08:03:53.782861+00, 2026-01-08 08:03:53.782861+00).

2026-01-08 03:03:55,919 [WARNING] State code 'Pennsylvania' too long for , truncating to first 2 chars
2026-01-08 03:03:56,266 [ERROR] Failed to ingest member S000146: new row for relation "politicians" violates check constraint "chk_politicians_state_code_valid"
DETAIL:  Failing row contains (10, , R, Pe, null, O, null, null, 2026-01-08 08:03:54.782744+00, 2026-01-08 08:03:54.782744+00).

2026-01-08 03:03:56,955 [WARNING] State code 'Colorado' too long for , truncating to first 2 chars
2026-01-08 03:03:57,308 [ERROR] Failed to ingest member C000077: new row for relation "politicians" violates check constraint "chk_politicians_state_code_valid"
DETAIL:  Failing row contains (11, , R, Co, null, O, null, null, 2026-01-08 08:03:55.842671+00, 2026-01-08 08:03:55.842671+00).

2026-01-08 03:03:57,996 [WARNING] State code 'Ohio' too long for , truncating to first 2 chars
2026-01-08 03:03:58,314 [ERROR] Failed to ingest member R000619: new row for relation "politicians" violates check constraint "chk_politicians_state_code_valid"
DETAIL:  Failing row contains (12, , R, Oh, null, O, null, null, 2026-01-08 08:03:56.877592+00, 2026-01-08 08:03:56.877592+00).

2026-01-08 03:03:59,004 [WARNING] State code 'West Virginia' too long for , truncating to first 2 chars
2026-01-08 03:03:59,334 [ERROR] Failed to ingest member J000312: new row for relation "politicians" violates check constraint "chk_politicians_state_code_valid"
DETAIL:  Failing row contains (13, , R, We, null, O, null, null, 2026-01-08 08:03:57.837571+00, 2026-01-08 08:03:57.837571+00).

2026-01-08 03:03:59,997 [WARNING] State code 'Florida' too long for , truncating to first 2 chars
2026-01-08 03:04:00,328 [ERROR] Failed to ingest member D000628: new row for relation "politicians" violates check constraint "chk_politicians_state_code_valid"
DETAIL:  Failing row contains (14, , R, Fl, null, O, null, null, 2026-01-08 08:03:58.857625+00, 2026-01-08 08:03:58.857625+00).

2026-01-08 03:04:00,977 [WARNING] State code 'District of Columbia' too long for , truncating to first 2 chars
2026-01-08 03:04:01,315 [ERROR] Failed to ingest member N000147: new row for relation "politicians" violates check constraint "chk_politicians_state_code_valid"
DETAIL:  Failing row contains (15, , D, Di, null, O, null, null, 2026-01-08 08:03:59.857612+00, 2026-01-08 08:03:59.857612+00).

2026-01-08 03:04:02,016 [WARNING] State code 'Connecticut' too long for , truncating to first 2 chars
2026-01-08 03:04:02,364 [ERROR] Failed to ingest member D000216: new row for relation "politicians" violates check constraint "chk_politicians_state_code_valid"
DETAIL:  Failing row contains (16, , D, Co, null, O, null, null, 2026-01-08 08:04:00.837755+00, 2026-01-08 08:04:00.837755+00).

2026-01-08 03:04:03,039 [WARNING] State code 'California' too long for , truncating to first 2 chars
2026-01-08 03:04:03,381 [ERROR] Failed to ingest member W000187: new row for relation "politicians" violates check constraint "chk_politicians_state_code_valid"
DETAIL:  Failing row contains (17, , D, Ca, null, O, null, null, 2026-01-08 08:04:01.907414+00, 2026-01-08 08:04:01.907414+00).

2026-01-08 03:04:53,603 [INFO] === Congress.gov Ingestion Pipeline Started ===
2026-01-08 03:04:54,741 [INFO] Database connection established
2026-01-08 03:04:54,741 [INFO] === Starting members ingestion for both, Congress 118 ===
2026-01-08 03:04:54,741 [INFO] Fetching house members for Congress 118
2026-01-08 03:05:09,212 [INFO] Retrieved 2600 house members
2026-01-08 03:05:09,212 [INFO] Fetching senate members for Congress 118
2026-01-08 03:05:22,960 [INFO] Retrieved 2600 senate members
2026-01-08 03:05:22,960 [INFO] Found 5200 members
2026-01-08 03:05:23,959 [ERROR] Failed to ingest member L000578: new row for relation "politicians" violates check constraint "politicians_party_check"
DETAIL:  Failing row contains (18, , R, CA, null, O, null, null, 2026-01-08 08:05:22.338454+00, 2026-01-08 08:05:22.338454+00).

2026-01-08 03:05:24,920 [ERROR] Failed to ingest member G000596: new row for relation "politicians" violates check constraint "politicians_party_check"
DETAIL:  Failing row contains (19, , R, GA, null, O, null, null, 2026-01-08 08:05:23.478614+00, 2026-01-08 08:05:23.478614+00).

2026-01-08 03:05:25,909 [ERROR] Failed to ingest member Z000008: new row for relation "politicians" violates check constraint "politicians_party_check"
DETAIL:  Failing row contains (20, , R, NJ, null, O, null, null, 2026-01-08 08:05:24.458642+00, 2026-01-08 08:05:24.458642+00).

2026-01-08 03:05:26,916 [ERROR] Failed to ingest member S000146: new row for relation "politicians" violates check constraint "politicians_party_check"
DETAIL:  Failing row contains (21, , R, PA, null, O, null, null, 2026-01-08 08:05:25.458397+00, 2026-01-08 08:05:25.458397+00).

2026-01-08 03:05:27,922 [ERROR] Failed to ingest member C000077: new row for relation "politicians" violates check constraint "politicians_party_check"
DETAIL:  Failing row contains (22, , R, CO, null, O, null, null, 2026-01-08 08:05:26.458572+00, 2026-01-08 08:05:26.458572+00).

2026-01-08 03:05:28,963 [ERROR] Failed to ingest member R000619: new row for relation "politicians" violates check constraint "politicians_party_check"
DETAIL:  Failing row contains (23, , R, OH, null, O, null, null, 2026-01-08 08:05:27.468469+00, 2026-01-08 08:05:27.468469+00).

2026-01-08 03:05:30,030 [ERROR] Failed to ingest member J000312: new row for relation "politicians" violates check constraint "politicians_party_check"
DETAIL:  Failing row contains (24, , R, WV, null, O, null, null, 2026-01-08 08:05:28.51854+00, 2026-01-08 08:05:28.51854+00).

2026-01-08 03:05:31,033 [ERROR] Failed to ingest member D000628: new row for relation "politicians" violates check constraint "politicians_party_check"
DETAIL:  Failing row contains (25, , R, FL, null, O, null, null, 2026-01-08 08:05:29.588854+00, 2026-01-08 08:05:29.588854+00).

2026-01-08 03:05:32,013 [ERROR] Failed to ingest member N000147: new row for relation "politicians" violates check constraint "politicians_party_check"
DETAIL:  Failing row contains (26, , D, DC, null, O, null, null, 2026-01-08 08:05:30.579047+00, 2026-01-08 08:05:30.579047+00).

2026-01-08 03:05:32,974 [ERROR] Failed to ingest member D000216: new row for relation "politicians" violates check constraint "politicians_party_check"
DETAIL:  Failing row contains (27, , D, CT, null, O, null, null, 2026-01-08 08:05:31.53864+00, 2026-01-08 08:05:31.53864+00).

2026-01-08 03:05:33,938 [ERROR] Failed to ingest member W000187: new row for relation "politicians" violates check constraint "politicians_party_check"
DETAIL:  Failing row contains (28, , D, CA, null, O, null, null, 2026-01-08 08:05:32.499559+00, 2026-01-08 08:05:32.499559+00).

2026-01-08 03:05:34,910 [ERROR] Failed to ingest member P000197: new row for relation "politicians" violates check constraint "politicians_party_check"
DETAIL:  Failing row contains (29, , D, CA, null, O, null, null, 2026-01-08 08:05:33.458512+00, 2026-01-08 08:05:33.458512+00).

2026-01-08 03:05:35,879 [ERROR] Failed to ingest member V000139: new row for relation "politicians" violates check constraint "politicians_party_check"
DETAIL:  Failing row contains (30, , R, TN, null, O, null, null, 2026-01-08 08:05:34.438936+00, 2026-01-08 08:05:34.438936+00).

2026-01-08 03:05:36,846 [ERROR] Failed to ingest member S001207: new row for relation "politicians" violates check constraint "politicians_party_check"
DETAIL:  Failing row contains (31, , D, NJ, null, O, null, null, 2026-01-08 08:05:35.398752+00, 2026-01-08 08:05:35.398752+00).

2026-01-08 03:05:37,842 [ERROR] Failed to ingest member G000606: new row for relation "politicians" violates check constraint "politicians_party_check"
DETAIL:  Failing row contains (32, , D, AZ, null, O, null, null, 2026-01-08 08:05:36.378819+00, 2026-01-08 08:05:36.378819+00).

2026-01-08 03:05:38,918 [ERROR] Failed to ingest member C001087: new row for relation "politicians" violates check constraint "politicians_party_check"
DETAIL:  Failing row contains (33, , R, AR, null, O, null, null, 2026-01-08 08:05:37.358635+00, 2026-01-08 08:05:37.358635+00).

2026-01-08 03:05:39,905 [ERROR] Failed to ingest member C000344: new row for relation "politicians" violates check constraint "politicians_party_check"
DETAIL:  Failing row contains (34, , R, WY, null, O, null, null, 2026-01-08 08:05:38.438394+00, 2026-01-08 08:05:38.438394+00).

2026-01-08 03:05:40,940 [ERROR] Failed to ingest member S000785: new row for relation "politicians" violates check constraint "politicians_party_check"
DETAIL:  Failing row contains (35, , D, ID, null, O, null, null, 2026-01-08 08:05:39.458529+00, 2026-01-08 08:05:39.458529+00).

2026-01-08 03:07:12,808 [INFO] === Congress.gov Ingestion Pipeline Started ===
2026-01-08 03:07:13,925 [INFO] Database connection established
2026-01-08 03:07:13,925 [INFO] === Starting members ingestion for both, Congress 118 ===
2026-01-08 03:07:13,925 [INFO] Fetching house members for Congress 118
2026-01-08 03:07:28,263 [INFO] Retrieved 2600 house members
2026-01-08 03:07:28,264 [INFO] Fetching senate members for Congress 118
2026-01-08 03:07:41,653 [INFO] Retrieved 2600 senate members
2026-01-08 03:07:41,653 [INFO] Found 5200 members
2026-01-08 03:07:42,678 [ERROR] Failed to ingest member L000578: new row for relation "politicians" violates check constraint "politicians_party_check"
DETAIL:  Failing row contains (36, LaMalfa, Doug, R, CA, null, Representative, null, null, 2026-01-08 08:07:41.008867+00, 2026-01-08 08:07:41.008867+00).

2026-01-08 03:07:43,683 [ERROR] Failed to ingest member G000596: new row for relation "politicians" violates check constraint "politicians_party_check"
DETAIL:  Failing row contains (37, Greene, Marjorie Taylor, R, GA, null, Representative, null, null, 2026-01-08 08:07:42.198979+00, 2026-01-08 08:07:42.198979+00).

2026-01-08 03:07:44,727 [ERROR] Failed to ingest member Z000008: new row for relation "politicians" violates check constraint "politicians_party_check"
DETAIL:  Failing row contains (38, Zimmer, Dick, R, NJ, null, Representative, null, null, 2026-01-08 08:07:43.219321+00, 2026-01-08 08:07:43.219321+00).

2026-01-08 03:07:45,718 [ERROR] Failed to ingest member S000146: new row for relation "politicians" violates check constraint "politicians_party_check"
DETAIL:  Failing row contains (39, Schulze, Richard T., R, PA, null, Representative, null, null, 2026-01-08 08:07:44.261155+00, 2026-01-08 08:07:44.261155+00).

2026-01-08 03:07:46,718 [ERROR] Failed to ingest member C000077: new row for relation "politicians" violates check constraint "politicians_party_check"
DETAIL:  Failing row contains (40, Campbell, Ben Nighthorse, R, CO, null, Senator, null, null, 2026-01-08 08:07:45.239262+00, 2026-01-08 08:07:45.239262+00).

2026-01-08 03:07:47,679 [ERROR] Failed to ingest member R000619: new row for relation "politicians" violates check constraint "politicians_party_check"
DETAIL:  Failing row contains (41, Rulli, Michael A., R, OH, null, Representative, null, null, 2026-01-08 08:07:46.238819+00, 2026-01-08 08:07:46.238819+00).

2026-01-08 03:07:48,677 [ERROR] Failed to ingest member J000312: new row for relation "politicians" violates check constraint "politicians_party_check"
DETAIL:  Failing row contains (42, Justice, James C., R, WV, null, Senator, null, null, 2026-01-08 08:07:47.199141+00, 2026-01-08 08:07:47.199141+00).

2026-01-08 03:07:49,677 [ERROR] Failed to ingest member D000628: new row for relation "politicians" violates check constraint "politicians_party_check"
DETAIL:  Failing row contains (43, Dunn, Neal P., R, FL, null, Representative, null, null, 2026-01-08 08:07:48.198859+00, 2026-01-08 08:07:48.198859+00).

2026-01-08 03:07:50,651 [ERROR] Failed to ingest member N000147: new row for relation "politicians" violates check constraint "politicians_party_check"
DETAIL:  Failing row contains (44, Norton, Eleanor Holmes, D, DC, null, Representative, null, null, 2026-01-08 08:07:49.198891+00, 2026-01-08 08:07:49.198891+00).

2026-01-08 03:07:51,663 [ERROR] Failed to ingest member D000216: new row for relation "politicians" violates check constraint "politicians_party_check"
DETAIL:  Failing row contains (45, DeLauro, Rosa L., D, CT, null, Representative, null, null, 2026-01-08 08:07:50.173809+00, 2026-01-08 08:07:50.173809+00).

2026-01-08 03:07:52,641 [ERROR] Failed to ingest member W000187: new row for relation "politicians" violates check constraint "politicians_party_check"
DETAIL:  Failing row contains (46, Waters, Maxine, D, CA, null, Representative, null, null, 2026-01-08 08:07:51.17915+00, 2026-01-08 08:07:51.17915+00).

2026-01-08 03:09:35,490 [INFO] === Congress.gov Ingestion Pipeline Started ===
2026-01-08 03:09:36,605 [INFO] Database connection established
2026-01-08 03:09:36,605 [INFO] === Starting members ingestion for both, Congress 118 ===
2026-01-08 03:09:36,605 [INFO] Fetching house members for Congress 118
2026-01-08 03:09:50,789 [INFO] Retrieved 2600 house members
2026-01-08 03:09:50,790 [INFO] Fetching senate members for Congress 118
2026-01-08 03:10:04,203 [INFO] Retrieved 2600 senate members
2026-01-08 03:10:04,203 [INFO] Found 5200 members
2026-01-08 03:10:05,177 [INFO] Created politician LaMalfa, Doug -> 47
2026-01-08 03:10:05,867 [INFO] Created politician Greene, Marjorie Taylor -> 48
2026-01-08 03:10:06,526 [INFO] Created politician Zimmer, Dick -> 49
2026-01-08 03:10:07,159 [INFO] Created politician Schulze, Richard T. -> 50
2026-01-08 03:10:07,821 [INFO] Created politician Campbell, Ben Nighthorse -> 51
2026-01-08 03:10:08,462 [INFO] Created politician Rulli, Michael A. -> 52
2026-01-08 03:10:09,101 [INFO] Created politician Justice, James C. -> 53
2026-01-08 03:10:09,743 [INFO] Created politician Dunn, Neal P. -> 54
2026-01-08 03:10:10,402 [INFO] Created politician Norton, Eleanor Holmes -> 55
2026-01-08 03:10:11,090 [INFO] Created politician DeLauro, Rosa L. -> 56
2026-01-08 03:10:11,770 [INFO] Created politician Waters, Maxine -> 57
2026-01-08 03:10:12,403 [INFO] Created politician Pelosi, Nancy -> 58
2026-01-08 03:10:13,042 [INFO] Created politician Van Epps, Matt -> 59
2026-01-08 03:10:13,689 [INFO] Created politician Sherrill, Mikie -> 60
2026-01-08 03:10:14,342 [INFO] Created politician Grijalva, Adelita S. -> 61
2026-01-08 03:10:15,002 [INFO] Created politician Crawford, Eric A. "Rick" -> 62
2026-01-08 03:10:15,682 [INFO] Created politician Cheney, Dick -> 63
2026-01-08 03:10:16,347 [INFO] Created politician Stallings, Richard H. -> 64
2026-01-08 03:10:17,013 [INFO] Created politician Kilpatrick, Carolyn C. -> 65
2026-01-08 03:10:17,724 [INFO] Created politician Young, Todd -> 66
2026-01-08 03:10:18,421 [INFO] Created politician Wyden, Ron -> 67
2026-01-08 03:10:19,105 [INFO] Created politician Warren, Elizabeth -> 68
2026-01-08 03:10:19,760 [INFO] Created politician Whitehouse, Sheldon -> 69
2026-01-08 03:10:20,412 [INFO] Created politician Welch, Peter -> 70
2026-01-08 03:10:21,067 [INFO] Created politician Wicker, Roger F. -> 71
2026-01-08 03:10:21,729 [INFO] Created politician Warnock, Raphael G. -> 72
2026-01-08 03:10:22,359 [INFO] Created politician Tuberville, Tommy -> 73
2026-01-08 03:10:23,024 [INFO] Created politician Warner, Mark R. -> 74
2026-01-08 03:10:23,684 [INFO] Created politician Van Hollen, Chris -> 75
2026-01-08 03:10:24,362 [INFO] Created politician Smith, Tina -> 76
2026-01-08 03:10:25,007 [INFO] Created politician Tillis, Thomas -> 77
2026-01-08 03:10:25,693 [INFO] Created politician Sullivan, Dan -> 78
2026-01-08 03:10:26,389 [INFO] Created politician Thune, John -> 79
2026-01-08 03:10:27,083 [INFO] Created politician Sheehy, Tim -> 80
2026-01-08 03:10:27,740 [INFO] Created politician Scott, Rick -> 81
2026-01-08 03:10:28,408 [INFO] Created politician Slotkin, Elissa -> 82
2026-01-08 03:10:29,117 [INFO] Created politician Scott, Tim -> 83
2026-01-08 03:10:29,808 [INFO] Created politician Shaheen, Jeanne -> 84
2026-01-08 03:10:30,467 [INFO] Created politician Schmitt, Eric -> 85
2026-01-08 03:10:31,121 [INFO] Created politician Rounds, Mike -> 86
2026-01-08 03:10:31,788 [INFO] Created politician Schatz, Brian -> 87
2026-01-08 03:10:32,472 [INFO] Created politician Schumer, Charles E. -> 88
2026-01-08 03:10:42,477 [INFO] === Congress.gov Ingestion Pipeline Started ===
2026-01-08 03:10:43,639 [INFO] Database connection established
2026-01-08 03:10:43,639 [INFO] === Starting members ingestion for both, Congress 118 ===
2026-01-08 03:10:43,639 [INFO] Fetching house members for Congress 118
2026-01-08 03:10:57,882 [INFO] Retrieved 2600 house members
2026-01-08 03:10:57,883 [INFO] Fetching senate members for Congress 118
2026-01-08 03:11:11,281 [INFO] Retrieved 2600 senate members
2026-01-08 03:11:11,281 [INFO] Found 5200 members
2026-01-08 03:11:12,246 [INFO] Created politician LaMalfa, Doug -> 89
2026-01-08 03:11:12,885 [INFO] Created politician Greene, Marjorie Taylor -> 90
2026-01-08 03:11:13,544 [INFO] Created politician Zimmer, Dick -> 91
2026-01-08 03:11:14,185 [INFO] Created politician Schulze, Richard T. -> 92
2026-01-08 03:11:14,844 [INFO] Created politician Campbell, Ben Nighthorse -> 93
2026-01-08 03:11:15,524 [INFO] Created politician Rulli, Michael A. -> 94
2026-01-08 03:11:16,224 [INFO] Created politician Justice, James C. -> 95
2026-01-08 03:11:16,873 [INFO] Created politician Dunn, Neal P. -> 96
2026-01-08 03:11:17,576 [INFO] Created politician Norton, Eleanor Holmes -> 97
2026-01-08 03:11:18,271 [INFO] Created politician DeLauro, Rosa L. -> 98
2026-01-08 03:11:18,947 [INFO] Created politician Waters, Maxine -> 99
2026-01-08 03:11:19,629 [INFO] Created politician Pelosi, Nancy -> 100
2026-01-08 03:11:20,291 [INFO] Created politician Van Epps, Matt -> 101
2026-01-08 03:11:20,946 [INFO] Created politician Sherrill, Mikie -> 102
2026-01-08 03:11:21,628 [INFO] Created politician Grijalva, Adelita S. -> 103
2026-01-08 03:11:22,307 [INFO] Created politician Crawford, Eric A. "Rick" -> 104
2026-01-08 03:11:22,958 [INFO] Created politician Cheney, Dick -> 105
2026-01-08 03:11:23,636 [INFO] Created politician Stallings, Richard H. -> 106
2026-01-08 03:11:24,292 [INFO] Created politician Kilpatrick, Carolyn C. -> 107
2026-01-08 03:11:24,945 [INFO] Created politician Young, Todd -> 108
2026-01-08 03:11:25,586 [INFO] Created politician Wyden, Ron -> 109
2026-01-08 03:11:26,256 [INFO] Created politician Warren, Elizabeth -> 110
2026-01-08 03:11:26,906 [INFO] Created politician Whitehouse, Sheldon -> 111
2026-01-08 03:11:27,570 [INFO] Created politician Welch, Peter -> 112
2026-01-08 03:11:28,225 [INFO] Created politician Wicker, Roger F. -> 113
2026-01-08 03:11:28,870 [INFO] Created politician Warnock, Raphael G. -> 114
2026-01-08 03:11:29,559 [INFO] Created politician Tuberville, Tommy -> 115
2026-01-08 03:11:30,228 [INFO] Created politician Warner, Mark R. -> 116
2026-01-08 03:11:30,864 [INFO] Created politician Van Hollen, Chris -> 117
2026-01-08 03:11:31,521 [INFO] Created politician Smith, Tina -> 118
2026-01-08 03:11:32,171 [INFO] Created politician Tillis, Thomas -> 119
2026-01-08 03:11:32,823 [INFO] Created politician Sullivan, Dan -> 120
2026-01-08 03:11:33,468 [INFO] Created politician Thune, John -> 121
2026-01-08 03:11:34,173 [INFO] Created politician Sheehy, Tim -> 122
2026-01-08 03:11:34,807 [INFO] Created politician Scott, Rick -> 123
2026-01-08 03:11:35,469 [INFO] Created politician Slotkin, Elissa -> 124
2026-01-08 03:11:36,107 [INFO] Created politician Scott, Tim -> 125
2026-01-08 03:11:36,786 [INFO] Created politician Shaheen, Jeanne -> 126
2026-01-08 03:11:37,465 [INFO] Created politician Schmitt, Eric -> 127
2026-01-08 03:11:38,122 [INFO] Created politician Rounds, Mike -> 128
2026-01-08 03:11:38,768 [INFO] Created politician Schatz, Brian -> 129
2026-01-08 03:11:39,425 [INFO] Created politician Schumer, Charles E. -> 130
2026-01-08 03:11:40,075 [INFO] Created politician Sanders, Bernard -> 131
2026-01-08 03:11:40,728 [INFO] Created politician Schiff, Adam B. -> 132
2026-01-08 03:11:41,386 [INFO] Created politician Ricketts, Pete -> 133
2026-01-08 03:11:42,056 [INFO] Created politician Rosen, Jacky -> 134
2026-01-08 03:11:42,725 [INFO] Created politician Paul, Rand -> 135
2026-01-08 03:11:43,409 [INFO] Created politician Peters, Gary C. -> 136
2026-01-08 03:11:44,070 [INFO] Created politician Risch, James E. -> 137
2026-01-08 03:11:44,745 [INFO] Created politician Reed, Jack -> 138
2026-01-08 03:11:44,905 [INFO] Progress: 50/5200 members ingested
2026-01-08 03:11:45,928 [INFO] Created politician Padilla, Alex -> 139
2026-01-08 03:11:46,632 [INFO] Created politician Ossoff, Jon -> 140
2026-01-08 03:11:47,295 [INFO] Created politician Mullin, Markwayne -> 141
2026-01-08 03:11:47,953 [INFO] Created politician Murphy, Christopher -> 142
2026-01-08 03:11:48,695 [INFO] Created politician Murray, Patty -> 143
2026-01-08 03:11:49,354 [INFO] Created politician Murkowski, Lisa -> 144
2026-01-08 03:11:50,035 [INFO] Created politician Moody, Ashley -> 145
2026-01-08 03:11:50,712 [INFO] Created politician McCormick, David -> 146
2026-01-08 03:11:51,393 [INFO] Created politician Moreno, Bernie -> 147
2026-01-08 03:11:52,071 [INFO] Created politician Merkley, Jeff -> 148
2026-01-08 03:11:52,730 [INFO] Created politician Moran, Jerry -> 149
2026-01-08 03:11:53,391 [INFO] Created politician McConnell, Mitch -> 150
2026-01-08 03:11:54,051 [INFO] Created politician Marshall, Roger -> 151
2026-01-08 03:11:54,752 [INFO] Created politician Klobuchar, Amy -> 152
2026-01-08 03:11:55,412 [INFO] Created politician Lee, Mike -> 153
2026-01-08 03:11:56,083 [INFO] Created politician Lankford, James -> 154
2026-01-08 03:11:56,733 [INFO] Created politician Lummis, Cynthia M. -> 155
2026-01-08 03:11:57,431 [INFO] Created politician Luján, Ben Ray -> 156
2026-01-08 03:11:58,110 [INFO] Created politician Markey, Edward J. -> 157
2026-01-08 03:11:58,788 [INFO] Created politician Kelly, Mark -> 158
2026-01-08 03:11:59,471 [INFO] Created politician Kim, Andy -> 159
2026-01-08 03:12:00,158 [INFO] Created politician Kennedy, John -> 160
2026-01-08 03:12:00,806 [INFO] Created politician King, Angus S., Jr. -> 161
2026-01-08 03:12:01,446 [INFO] Created politician Kaine, Tim -> 162
2026-01-08 03:12:02,106 [INFO] Created politician Johnson, Ron -> 163
2026-01-08 03:12:02,790 [INFO] Created politician Husted, Jon -> 164
2026-01-08 03:12:03,445 [INFO] Created politician Hickenlooper, John W. -> 165
2026-01-08 03:12:04,087 [INFO] Created politician Hawley, Josh -> 166
2026-01-08 03:12:04,764 [INFO] Created politician Hyde-Smith, Cindy -> 167
2026-01-08 03:12:05,413 [INFO] Created politician Hoeven, John -> 168
2026-01-08 03:12:06,088 [INFO] Created politician Hirono, Mazie K. -> 169
2026-01-08 03:12:06,750 [INFO] Created politician Heinrich, Martin -> 170
2026-01-08 03:12:07,435 [INFO] Created politician Hagerty, Bill -> 171
2026-01-08 03:12:08,119 [INFO] Created politician Hassan, Margaret Wood -> 172
2026-01-08 03:12:08,786 [INFO] Created politician Gallego, Ruben -> 173
2026-01-08 03:12:09,430 [INFO] Created politician Gillibrand, Kirsten E. -> 174
2026-01-08 03:12:10,110 [INFO] Created politician Grassley, Chuck -> 175
2026-01-08 03:12:10,773 [INFO] Created politician Graham, Lindsey -> 176
2026-01-08 03:12:11,454 [INFO] Created politician Fetterman, John -> 177
2026-01-08 03:12:12,105 [INFO] Created politician Curtis, John R. -> 178
2026-01-08 03:12:12,785 [INFO] Created politician Ernst, Joni -> 179
2026-01-08 03:12:13,427 [INFO] Created politician Fischer, Deb -> 180
2026-01-08 03:12:14,092 [INFO] Created politician Cruz, Ted -> 181
2026-01-08 03:12:14,755 [INFO] Created politician Daines, Steve -> 182
2026-01-08 03:12:15,432 [INFO] Created politician Duckworth, Tammy -> 183
2026-01-08 03:12:16,088 [INFO] Created politician Durbin, Richard J. -> 184
2026-01-08 03:12:16,731 [INFO] Created politician Cortez Masto, Catherine -> 185
2026-01-08 03:12:17,386 [INFO] Created politician Cramer, Kevin -> 186
2026-01-08 03:12:18,046 [INFO] Created politician Cotton, Tom -> 187
2026-01-08 03:12:18,688 [INFO] Created politician Coons, Christopher A. -> 188
2026-01-08 03:12:18,847 [INFO] Progress: 100/5200 members ingested
2026-01-08 03:12:19,827 [INFO] Created politician Collins, Susan M. -> 189
2026-01-08 03:12:20,497 [INFO] Created politician Cornyn, John -> 190
2026-01-08 03:12:21,175 [INFO] Created politician Crapo, Mike -> 191
2026-01-08 03:12:21,848 [INFO] Created politician Britt, Katie Boyd -> 192
2026-01-08 03:12:22,527 [INFO] Created politician Budd, Ted -> 193
2026-01-08 03:12:23,168 [INFO] Created politician Booker, Cory A. -> 194
2026-01-08 03:12:23,828 [INFO] Created politician Cassidy, Bill -> 195
2026-01-08 03:12:24,486 [INFO] Created politician Boozman, John -> 196
2026-01-08 03:12:25,141 [INFO] Created politician Capito, Shelley Moore -> 197
2026-01-08 03:12:25,808 [INFO] Created politician Cantwell, Maria -> 198
2026-01-08 03:12:26,466 [INFO] Created politician Banks, Jim -> 199
2026-01-08 03:12:27,118 [INFO] Created politician Blunt Rochester, Lisa -> 200
2026-01-08 03:12:27,801 [INFO] Created politician Blumenthal, Richard -> 201
2026-01-08 03:12:28,462 [INFO] Created politician Barrasso, John -> 202
2026-01-08 03:12:29,139 [INFO] Created politician Bennet, Michael F. -> 203
2026-01-08 03:12:29,820 [INFO] Created politician Baldwin, Tammy -> 204
2026-01-08 03:12:30,515 [INFO] Created politician Blackburn, Marsha -> 205
2026-01-08 03:12:31,212 [INFO] Created politician Alsobrooks, Angela D. -> 206
2026-01-08 03:12:31,910 [INFO] Created politician Whitesides, George -> 207
2026-01-08 03:12:32,554 [INFO] Created politician Fine, Randy -> 208
2026-01-08 03:12:33,232 [INFO] Created politician Patronis, Jimmy -> 209
2026-01-08 03:12:33,947 [INFO] Created politician Vindman, Eugene Simon -> 210
2026-01-08 03:12:34,613 [INFO] Created politician Taylor, David J. -> 211
2026-01-08 03:12:35,275 [INFO] Created politician Subramanyam, Suhas -> 212
2026-01-08 03:12:35,973 [INFO] Created politician Shreve, Jefferson -> 213
2026-01-08 03:12:36,632 [INFO] Created politician Schmidt, Derek -> 214
2026-01-08 03:12:37,325 [INFO] Created politician Riley, Josh -> 215
2026-01-08 03:12:37,989 [INFO] Created politician Pou, Nellie -> 216
2026-01-08 03:12:38,630 [INFO] Created politician Olszewski, Johnny -> 217
2026-01-08 03:12:39,286 [INFO] Created politician McDowell, Addison P. -> 218
2026-01-08 03:12:39,931 [INFO] Created politician McGuire, John J. -> 219
2026-01-08 03:12:40,609 [INFO] Created politician McDonald Rivet, Kristen -> 220
2026-01-08 03:12:41,290 [INFO] Created politician Moore, Tim -> 221
2026-01-08 03:12:41,951 [INFO] Created politician Moore, Riley M. -> 222
2026-01-08 03:12:42,609 [INFO] Created politician Messmer, Mark B. -> 223
2026-01-08 03:12:43,267 [INFO] Created politician McClain Delaney, April -> 224
2026-01-08 03:12:43,956 [INFO] Created politician Mannion, John W. -> 225
2026-01-08 03:12:44,609 [INFO] Created politician Mackenzie, Ryan -> 226
2026-01-08 03:12:45,275 [INFO] Created politician Latimer, George -> 227
2026-01-08 03:12:45,928 [INFO] Created politician Knott, Brad -> 228
2026-01-08 03:12:46,566 [INFO] Created politician Kennedy, Mike -> 229
2026-01-08 03:12:47,208 [INFO] Created politician Johnson, Julie -> 230
2026-01-08 03:12:47,855 [ERROR] Failed to ingest member H001103: new row for relation "politicians" violates check constraint "chk_politicians_state_code_valid"
DETAIL:  Failing row contains (231, Hernández, Pablo Jose, Democrat, PR, null, Representative, null, null, 2026-01-08 08:12:18.199626+00, 2026-01-08 08:12:18.199626+00).

2026-01-08 03:12:48,815 [INFO] Created politician Harris, Mark -> 232
2026-01-08 03:12:49,508 [INFO] Created politician Harrigan, Pat -> 233
2026-01-08 03:12:50,174 [INFO] Created politician Goodlander, Maggie -> 234
2026-01-08 03:12:50,839 [INFO] Created politician Gill, Brandon -> 235
2026-01-08 03:12:51,495 [INFO] Created politician Gillen, Laura -> 236
2026-01-08 03:12:52,153 [INFO] Created politician Goldman, Craig A. -> 237
2026-01-08 03:12:52,811 [INFO] Created politician Friedman, Laura -> 238
2026-01-08 03:12:53,638 [INFO] Created politician Fedorchak, Julie -> 239
2026-01-08 03:12:53,807 [INFO] Progress: 150/5200 members ingested
2026-01-08 03:12:54,648 [INFO] Created politician Elfreth, Sarah -> 240
2026-01-08 03:12:55,293 [INFO] Created politician Dexter, Maxine -> 241
2026-01-08 03:12:55,969 [INFO] Created politician Downing, Troy -> 242
2026-01-08 03:12:56,649 [INFO] Created politician Conaway, Herbert C. -> 243
2026-01-08 03:12:57,286 [INFO] Created politician Bresnahan, Robert P. -> 244
2026-01-08 03:12:57,929 [INFO] Created politician Bynum, Janelle S. -> 245
2026-01-08 03:12:58,594 [INFO] Created politician Biggs, Sheri -> 246
2026-01-08 03:12:59,277 [INFO] Created politician Baumgartner, Michael -> 247
2026-01-08 03:12:59,981 [INFO] Created politician Barrett, Tom -> 248
2026-01-08 03:13:00,654 [INFO] Created politician McCormick, Richard -> 249
2026-01-08 03:13:01,330 [INFO] Created politician Stutzman, Marlin A. -> 250
2026-01-08 03:13:02,014 [INFO] Created politician Fields, Cleo -> 251
2026-01-08 03:13:02,670 [INFO] Created politician Onder, Robert F. -> 252
2026-01-08 03:13:03,309 [INFO] Created politician McBride, Sarah -> 253
2026-01-08 03:13:03,947 [INFO] Created politician Morrison, Kelly -> 254
2026-01-08 03:13:04,613 [ERROR] Failed to ingest member K000404: new row for relation "politicians" violates check constraint "chk_politicians_state_code_valid"
DETAIL:  Failing row contains (255, King-Hinds, Kimberlyn, Republican, MP, null, Representative, null, null, 2026-01-08 08:12:53.160159+00, 2026-01-08 08:12:53.160159+00).

2026-01-08 03:13:05,569 [INFO] Created politician Jack, Brian -> 256
2026-01-08 03:13:06,208 [INFO] Created politician Haridopolos, Mike -> 257
2026-01-08 03:13:06,885 [INFO] Created politician Figures, Shomari -> 258
2026-01-08 03:13:07,532 [INFO] Created politician Evans, Gabe -> 259
2026-01-08 03:13:08,172 [INFO] Created politician Crank, Jeff -> 260
2026-01-08 03:13:08,835 [INFO] Created politician Bell, Wesley -> 261
2026-01-08 03:13:09,493 [INFO] Created politician Wied, Tony -> 262
2026-01-08 03:13:10,134 [INFO] Created politician McIver, LaMonica -> 263
2026-01-08 03:13:10,787 [INFO] Created politician Fong, Vince -> 264
2026-01-08 03:13:11,477 [INFO] Created politician Kennedy, Timothy M. -> 265
2026-01-08 03:13:12,151 [INFO] Created politician Maloy, Celeste -> 266
2026-01-08 03:13:12,828 [INFO] Created politician Amo, Gabe -> 267
2026-01-08 03:13:13,493 [INFO] Created politician McClellan, Jennifer L. -> 268
2026-01-08 03:13:14,191 [INFO] Created politician Van Orden, Derrick -> 269
2026-01-08 03:13:14,872 [INFO] Created politician Self, Keith -> 270
2026-01-08 03:13:15,553 [INFO] Created politician Perez, Marie Gluesenkamp -> 271
2026-01-08 03:13:16,209 [INFO] Created politician Ogles, Andrew -> 272
2026-01-08 03:13:16,886 [INFO] Created politician Moran, Nathaniel -> 273
2026-01-08 03:13:17,549 [INFO] Created politician Magaziner, Seth -> 274
2026-01-08 03:13:18,205 [INFO] Created politician Luttrell, Morgan -> 275
2026-01-08 03:13:18,866 [INFO] Created politician Lee, Summer L. -> 276
2026-01-08 03:13:19,535 [INFO] Created politician Kiggans, Jennifer A. -> 277
2026-01-08 03:13:20,198 [INFO] Created politician Hunt, Wesley -> 278
2026-01-08 03:13:20,874 [INFO] Created politician Hageman, Harriet M. -> 279
2026-01-08 03:13:21,552 [INFO] Created politician Fry, Russell -> 280
2026-01-08 03:13:22,209 [INFO] Created politician Deluzio, Christopher R. -> 281
2026-01-08 03:13:22,869 [INFO] Created politician De La Cruz, Monica -> 282
2026-01-08 03:13:23,528 [INFO] Created politician Crockett, Jasmine -> 283
2026-01-08 03:13:24,190 [INFO] Created politician Casar, Greg -> 284
2026-01-08 03:13:24,921 [INFO] Created politician Balint, Becca -> 285
2026-01-08 03:13:25,693 [INFO] Created politician Moore, Barry -> 286
2026-01-08 03:13:26,375 [INFO] Created politician Franklin, Scott -> 287
2026-01-08 03:13:27,068 [INFO] Created politician Boebert, Lauren -> 288
2026-01-08 03:13:27,914 [INFO] Created politician Miller, Carol D. -> 289
2026-01-08 03:13:28,572 [INFO] Created politician McBath, Lucy -> 290
2026-01-08 03:13:28,753 [INFO] Progress: 200/5200 members ingested
2026-01-08 03:13:29,573 [INFO] Created politician Cisneros, Gilbert Ray -> 291
2026-01-08 03:13:30,211 [INFO] Created politician Scanlon, Mary Gay -> 292
2026-01-08 03:13:30,893 [INFO] Created politician Gonzalez, Vicente -> 293
2026-01-08 03:13:31,569 [INFO] Created politician Suozzi, Thomas R. -> 294
2026-01-08 03:13:32,228 [INFO] Created politician Green, Al -> 295
2026-01-08 03:13:32,871 [INFO] Created politician Doggett, Lloyd -> 296
2026-01-08 03:13:33,515 [INFO] Created politician Vasquez, Gabe -> 297
2026-01-08 03:13:34,187 [INFO] Created politician Tokuda, Jill N. -> 298
2026-01-08 03:13:34,849 [INFO] Created politician Thanedar, Shri -> 299
2026-01-08 03:13:35,529 [INFO] Created politician Sykes, Emilia Strong -> 300
2026-01-08 03:13:36,187 [INFO] Created politician Sorensen, Eric -> 301
2026-01-08 03:13:36,828 [INFO] Created politician Scholten, Hillary J. -> 302
2026-01-08 03:13:37,494 [INFO] Created politician Salinas, Andrea -> 303
2026-01-08 03:13:38,150 [INFO] Created politician Ramirez, Delia C. -> 304
2026-01-08 03:13:38,811 [INFO] Created politician Nunn, Zachary -> 305
2026-01-08 03:13:39,473 [ERROR] Failed to ingest member M001219: new row for relation "politicians" violates check constraint "chk_politicians_state_code_valid"
DETAIL:  Failing row contains (306, Moylan, James C., Republican, GU, null, Representative, null, null, 2026-01-08 08:13:28.099552+00, 2026-01-08 08:13:28.099552+00).

2026-01-08 03:13:40,480 [INFO] Created politician Moskowitz, Jared -> 307
2026-01-08 03:13:41,147 [INFO] Created politician Mills, Cory -> 308
2026-01-08 03:13:41,804 [INFO] Created politician Miller, Max L. -> 309
2026-01-08 03:13:42,458 [INFO] Created politician Menendez, Robert -> 310
2026-01-08 03:13:43,140 [INFO] Created politician McGarvey, Morgan -> 311
2026-01-08 03:13:43,810 [INFO] Created politician Luna, Anna Paulina -> 312
2026-01-08 03:13:44,468 [INFO] Created politician Lee, Laurel M. -> 313
2026-01-08 03:13:45,130 [INFO] Created politician Lawler, Michael -> 314
2026-01-08 03:13:45,834 [INFO] Created politician Langworthy, Nicholas A. -> 315
2026-01-08 03:13:46,495 [INFO] Created politician Landsman, Greg -> 316
2026-01-08 03:13:47,144 [INFO] Created politician LaLota, Nick -> 317
2026-01-08 03:13:47,821 [INFO] Created politician Kean, Thomas H. -> 318
2026-01-08 03:13:48,531 [INFO] Created politician James, John -> 319
2026-01-08 03:13:49,186 [INFO] Created politician Jackson, Jonathan L. -> 320
2026-01-08 03:13:49,865 [INFO] Created politician Ivey, Glenn -> 321
2026-01-08 03:13:50,508 [INFO] Created politician Hoyle, Val T. -> 322
2026-01-08 03:13:51,153 [INFO] Created politician Houchin, Erin -> 323
2026-01-08 03:13:51,809 [INFO] Created politician Goldman, Daniel S. -> 324
2026-01-08 03:13:52,472 [INFO] Created politician Frost, Maxwell -> 325
2026-01-08 03:13:53,154 [INFO] Created politician Foushee, Valerie P. -> 326
2026-01-08 03:13:53,787 [INFO] Created politician Ezell, Mike -> 327
2026-01-08 03:13:54,476 [INFO] Created politician Edwards, Chuck -> 328
2026-01-08 03:13:55,123 [INFO] Created politician Davis, Donald G. -> 329
2026-01-08 03:13:55,763 [INFO] Created politician Collins, Mike -> 330
2026-01-08 03:13:56,457 [INFO] Created politician Burlison, Eric -> 331
2026-01-08 03:13:57,107 [INFO] Created politician Budzinski, Nikki -> 332
2026-01-08 03:13:57,748 [INFO] Created politician Brecheen, Josh -> 333
2026-01-08 03:13:58,432 [INFO] Created politician Alford, Mark -> 334
2026-01-08 03:13:59,091 [INFO] Created politician Ryan, Patrick -> 335
2026-01-08 03:13:59,743 [INFO] Created politician Miller-Meeks, Mariannette -> 336
2026-01-08 03:14:00,408 [INFO] Created politician McClain, Lisa C. -> 337
2026-01-08 03:14:01,047 [INFO] Created politician Hinson, Ashley -> 338
2026-01-08 03:14:01,894 [INFO] Created politician Gimenez, Carlos A. -> 339
2026-01-08 03:14:02,531 [INFO] Created politician Tlaib, Rashida -> 340
2026-01-08 03:14:03,196 [INFO] Created politician Tenney, Claudia -> 341
2026-01-08 03:14:03,370 [INFO] Progress: 250/5200 members ingested
2026-01-08 03:14:04,169 [INFO] Created politician Mast, Brian J. -> 342
2026-01-08 03:14:04,812 [INFO] Created politician Rutherford, John H. -> 343
2026-01-08 03:14:05,466 [INFO] Created politician LaHood, Darin -> 344
2026-01-08 03:14:06,114 [INFO] Created politician Zinke, Ryan K. -> 345
2026-01-08 03:14:06,791 [INFO] Created politician Dingell, Debbie -> 346
2026-01-08 03:14:07,431 [INFO] Created politician Moolenaar, John R. -> 347
2026-01-08 03:14:08,091 [INFO] Created politician Hudson, Richard -> 348
2026-01-08 03:14:08,727 [INFO] Created politician Frankel, Lois -> 349
2026-01-08 03:14:09,436 [INFO] Created politician Huizenga, Bill -> 350
2026-01-08 03:14:10,118 [INFO] Created politician Walberg, Tim -> 351
2026-01-08 03:14:10,793 [INFO] Created politician Nadler, Jerrold -> 352
2026-01-08 03:14:11,480 [INFO] Created politician Wasserman Schultz, Debbie -> 353
2026-01-08 03:14:12,163 [INFO] Created politician Diaz-Balart, Mario -> 354
2026-01-08 03:14:12,841 [INFO] Created politician Strong, Dale W. -> 355
2026-01-08 03:14:13,525 [INFO] Created politician Pettersen, Brittany -> 356
2026-01-08 03:14:14,260 [INFO] Created politician Mullin, Kevin -> 357
2026-01-08 03:14:14,929 [INFO] Created politician Kiley, Kevin -> 358
2026-01-08 03:14:15,569 [INFO] Created politician Kamlager-Dove, Sydney -> 359
2026-01-08 03:14:16,231 [INFO] Created politician Garcia, Robert -> 360
2026-01-08 03:14:16,891 [INFO] Created politician Crane, Elijah -> 361
2026-01-08 03:14:17,558 [INFO] Created politician Ciscomani, Juan -> 362
2026-01-08 03:14:18,293 [INFO] Created politician Bean, Aaron -> 363
2026-01-08 03:14:18,938 [INFO] Created politician Yakym, Rudy -> 364
2026-01-08 03:14:19,598 [INFO] Created politician Finstad, Brad -> 365
2026-01-08 03:14:20,249 [INFO] Created politician Flood, Mike -> 366
2026-01-08 03:14:20,902 [INFO] Created politician Cherfilus-McCormick, Sheila -> 367
2026-01-08 03:14:21,556 [INFO] Created politician Carey, Mike -> 368
2026-01-08 03:14:22,220 [INFO] Created politician Brown, Shontel M. -> 369
2026-01-08 03:14:22,889 [INFO] Created politician Ellzey, Jake -> 370
2026-01-08 03:14:23,558 [INFO] Created politician Stansbury, Melanie A. -> 371
2026-01-08 03:14:24,233 [INFO] Created politician Carter, Troy A. -> 372
2026-01-08 03:14:24,894 [INFO] Created politician Letlow, Julia -> 373
2026-01-08 03:14:25,552 [INFO] Created politician Obernolte, Jay -> 374
2026-01-08 03:14:26,236 [INFO] Created politician Kim, Young -> 375
2026-01-08 03:14:26,936 [INFO] Created politician Van Duyne, Beth -> 376
2026-01-08 03:14:27,653 [INFO] Created politician Strickland, Marilyn -> 377
2026-01-08 03:14:28,340 [INFO] Created politician Owens, Burgess -> 378
2026-01-08 03:14:29,014 [INFO] Created politician Nehls, Troy E. -> 379
2026-01-08 03:14:29,668 [INFO] Created politician Moore, Blake D. -> 380
2026-01-08 03:14:30,308 [INFO] Created politician Jacobs, Sara -> 381
2026-01-08 03:14:30,970 [INFO] Created politician Jackson, Ronny -> 382
2026-01-08 03:14:31,629 [INFO] Created politician Gonzales, Tony -> 383
2026-01-08 03:14:32,270 [INFO] Created politician Fitzgerald, Scott -> 384
2026-01-08 03:14:32,909 [INFO] Created politician Harder, Josh -> 385
2026-01-08 03:14:33,592 [INFO] Created politician Stanton, Greg -> 386
2026-01-08 03:14:34,291 [INFO] Created politician Panetta, Jimmy -> 387
2026-01-08 03:14:34,936 [INFO] Created politician Lieu, Ted -> 388
2026-01-08 03:14:35,748 [INFO] Created politician Aguilar, Pete -> 389
2026-01-08 03:14:36,436 [INFO] Created politician DeSaulnier, Mark -> 390
2026-01-08 03:14:37,148 [INFO] Created politician Peters, Scott H. -> 391
2026-01-08 03:14:37,328 [INFO] Progress: 300/5200 members ingested
2026-01-08 03:14:38,176 [INFO] Created politician Vargas, Juan -> 392
2026-01-08 03:14:38,857 [INFO] Created politician Takano, Mark -> 393
2026-01-08 03:14:39,584 [INFO] Created politician Ruiz, Raul -> 394
2026-01-08 03:14:40,281 [INFO] Created politician Valadao, David G. -> 395
2026-01-08 03:14:40,983 [INFO] Created politician Swalwell, Eric -> 396
2026-01-08 03:14:41,689 [INFO] Created politician Bera, Ami -> 397
2026-01-08 03:14:42,370 [INFO] Created politician Garamendi, John -> 398
2026-01-08 03:14:43,010 [INFO] Created politician Chu, Judy -> 399
2026-01-08 03:14:43,689 [INFO] Created politician Schweikert, David -> 400
2026-01-08 03:14:44,331 [INFO] Created politician Gosar, Paul A. -> 401
2026-01-08 03:14:44,977 [INFO] Created politician McClintock, Tom -> 402
2026-01-08 03:14:45,662 [INFO] Created politician Matsui, Doris O. -> 403
2026-01-08 03:14:46,315 [INFO] Created politician Thompson, Mike -> 404
2026-01-08 03:14:47,010 [INFO] Created politician Sherman, Brad -> 405
2026-01-08 03:14:47,675 [INFO] Created politician Sessions, Pete -> 406
2026-01-08 03:14:48,329 [INFO] Created politician Costa, Jim -> 407
2026-01-08 03:14:49,017 [INFO] Created politician Issa, Darrell -> 408
2026-01-08 03:14:49,697 [INFO] Created politician Calvert, Ken -> 409
2026-01-08 03:14:50,335 [INFO] Created politician Lofgren, Zoe -> 410
2026-01-08 03:14:50,972 [INFO] Created politician Williams, Nikema -> 411
2026-01-08 03:14:51,663 [INFO] Created politician Torres, Ritchie -> 412
2026-01-08 03:14:52,310 [INFO] Created politician Spartz, Victoria -> 413
2026-01-08 03:14:53,005 [INFO] Created politician Salazar, Maria Elvira -> 414
2026-01-08 03:14:53,683 [INFO] Created politician Ross, Deborah K. -> 415
2026-01-08 03:14:54,358 [INFO] Created politician Pfluger, August -> 416
2026-01-08 03:14:54,994 [INFO] Created politician Mrvan, Frank J. -> 417
2026-01-08 03:14:55,649 [INFO] Created politician Miller, Mary E. -> 418
2026-01-08 03:14:56,291 [INFO] Created politician Mann, Tracey -> 419
2026-01-08 03:14:56,933 [INFO] Created politician Malliotakis, Nicole -> 420
2026-01-08 03:14:57,571 [INFO] Created politician Mace, Nancy -> 421
2026-01-08 03:14:58,214 [INFO] Created politician Leger Fernandez, Teresa -> 422
2026-01-08 03:14:58,933 [INFO] Created politician Harshbarger, Diana -> 423
2026-01-08 03:14:59,644 [INFO] Created politician Garbarino, Andrew R. -> 424
2026-01-08 03:15:00,297 [INFO] Created politician Fischbach, Michelle -> 425
2026-01-08 03:15:00,943 [INFO] Created politician Feenstra, Randy -> 426
2026-01-08 03:15:01,655 [INFO] Created politician Fallon, Pat -> 427
2026-01-08 03:15:02,339 [INFO] Created politician Donalds, Byron -> 428
2026-01-08 03:15:03,011 [INFO] Created politician Clyde, Andrew S. -> 429
2026-01-08 03:15:03,671 [INFO] Created politician Cammack, Kat -> 430
2026-01-08 03:15:04,343 [INFO] Created politician Bice, Stephanie I. -> 431
2026-01-08 03:15:04,990 [INFO] Created politician Bentz, Cliff -> 432
2026-01-08 03:15:05,651 [INFO] Created politician Auchincloss, Jake -> 433
2026-01-08 03:15:06,310 [INFO] Created politician Tiffany, Thomas P. -> 434
2026-01-08 03:15:07,027 [INFO] Created politician Murphy, Gregory F. -> 435
2026-01-08 03:15:07,704 [INFO] Created politician Golden, Jared F. -> 436
2026-01-08 03:15:08,392 [INFO] Created politician Steil, Bryan -> 437
2026-01-08 03:15:09,049 [INFO] Created politician Schrier, Kim -> 438
2026-01-08 03:15:09,892 [INFO] Created politician Cline, Ben -> 439
2026-01-08 03:15:10,551 [INFO] Created politician Garcia, Sylvia R. -> 440
2026-01-08 03:15:11,191 [INFO] Created politician Roy, Chip -> 441
2026-01-08 03:15:11,354 [INFO] Progress: 350/5200 members ingested
2026-01-08 03:15:12,174 [INFO] Created politician Escobar, Veronica -> 442
2026-01-08 03:15:12,838 [INFO] Created politician Fletcher, Lizzie -> 443
2026-01-08 03:15:13,538 [INFO] Created politician Gooden, Lance -> 444
2026-01-08 03:15:14,216 [INFO] Created politician Crenshaw, Dan -> 445
2026-01-08 03:15:14,898 [INFO] Created politician Rose, John W. -> 446
2026-01-08 03:15:15,574 [INFO] Created politician Burchett, Tim -> 447
2026-01-08 03:15:16,256 [INFO] Created politician Johnson, Dusty -> 448
2026-01-08 03:15:16,891 [INFO] Created politician Timmons, William R. -> 449
2026-01-08 03:15:17,578 [INFO] Created politician Reschenthaler, Guy -> 450
2026-01-08 03:15:18,281 [INFO] Created politician Joyce, John -> 451
2026-01-08 03:15:18,989 [INFO] Created politician Meuser, Daniel -> 452
2026-01-08 03:15:19,686 [INFO] Created politician Houlahan, Chrissy -> 453
2026-01-08 03:15:20,356 [INFO] Created politician Dean, Madeleine -> 454
2026-01-08 03:15:20,990 [INFO] Created politician Van Drew, Jefferson -> 455
2026-01-08 03:15:21,644 [INFO] Created politician Craig, Angie -> 456
2026-01-08 03:15:22,289 [INFO] Created politician García, Jesús G. "Chuy" -> 457
2026-01-08 03:15:22,959 [INFO] Created politician Smucker, Lloyd -> 458
2026-01-08 03:15:23,634 [INFO] Created politician Evans, Dwight -> 459
2026-01-08 03:15:24,282 [INFO] Created politician Boyle, Brendan F. -> 460
2026-01-08 03:15:24,991 [INFO] Created politician Perry, Scott -> 461
2026-01-08 03:15:25,639 [INFO] Created politician Kelly, Mike -> 462
2026-01-08 03:15:26,313 [INFO] Created politician Thompson, Glenn -> 463
2026-01-08 03:15:26,955 [INFO] Created politician Mfume, Kweisi -> 464
2026-01-08 03:15:27,674 [INFO] Created politician Walkinshaw, James R. -> 465
2026-01-08 03:15:28,321 [INFO] Created politician Ocasio-Cortez, Alexandria -> 466
2026-01-08 03:15:29,011 [INFO] Created politician Lee, Susie -> 467
2026-01-08 03:15:29,705 [INFO] Created politician Pappas, Chris -> 468
2026-01-08 03:15:30,392 [INFO] Created politician Guest, Michael -> 469
2026-01-08 03:15:31,032 [INFO] Created politician Stauber, Pete -> 470
2026-01-08 03:15:31,674 [INFO] Created politician Omar, Ilhan -> 471
2026-01-08 03:15:32,352 [INFO] Created politician Stevens, Haley M. -> 472
2026-01-08 03:15:32,993 [INFO] Created politician Pressley, Ayanna -> 473
2026-01-08 03:15:33,631 [INFO] Created politician Trahan, Lori -> 474
2026-01-08 03:15:34,350 [INFO] Created politician Davids, Sharice -> 475
2026-01-08 03:15:35,081 [INFO] Created politician Baird, James R. -> 476
2026-01-08 03:15:35,762 [INFO] Created politician Underwood, Lauren -> 477
2026-01-08 03:15:36,482 [INFO] Created politician Casten, Sean -> 478
2026-01-08 03:15:37,209 [INFO] Created politician Fulcher, Russ -> 479
2026-01-08 03:15:37,928 [INFO] Created politician Steube, W. Gregory -> 480
2026-01-08 03:15:38,613 [INFO] Created politician Hayes, Jahana -> 481
2026-01-08 03:15:39,252 [INFO] Created politician Crow, Jason -> 482
2026-01-08 03:15:39,891 [INFO] Created politician Neguse, Joe -> 483
2026-01-08 03:15:40,531 [INFO] Created politician Levin, Mike -> 484
2026-01-08 03:15:41,172 [INFO] Created politician Hern, Kevin -> 485
2026-01-08 03:15:41,834 [INFO] Created politician Morelle, Joseph D. -> 486
2026-01-08 03:15:42,496 [INFO] Created politician Balderson, Troy -> 487
2026-01-08 03:15:43,304 [INFO] Created politician Cloud, Michael -> 488
2026-01-08 03:15:44,266 [INFO] Created politician Gomez, Jimmy -> 489
2026-01-08 03:15:45,083 [INFO] Created politician Norman, Ralph -> 490
2026-01-08 03:15:45,910 [INFO] Created politician Estes, Ron -> 491
2026-01-08 03:15:46,109 [INFO] Progress: 400/5200 members ingested
2026-01-08 03:15:47,134 [INFO] Created politician Jayapal, Pramila -> 492
2026-01-08 03:15:47,798 [INFO] Created politician Arrington, Jodey C. -> 493
2026-01-08 03:15:48,476 [INFO] Created politician Kustoff, David -> 494
2026-01-08 03:15:49,139 [INFO] Created politician Fitzpatrick, Brian K. -> 495
2026-01-08 03:15:49,826 [INFO] Created politician Espaillat, Adriano -> 496
2026-01-08 03:15:50,500 [INFO] Created politician Gottheimer, Josh -> 497
2026-01-08 03:15:51,202 [INFO] Created politician Bacon, Don -> 498
2026-01-08 03:15:51,906 [INFO] Created politician Bergman, Jack -> 499
2026-01-08 03:15:52,616 [INFO] Created politician Raskin, Jamie -> 500
2026-01-08 03:15:53,313 [INFO] Created politician Johnson, Mike -> 501
2026-01-08 03:15:53,954 [INFO] Created politician Higgins, Clay -> 502
2026-01-08 03:15:54,611 [INFO] Created politician Krishnamoorthi, Raja -> 503
2026-01-08 03:15:55,254 [INFO] Created politician Soto, Darren -> 504
2026-01-08 03:15:55,948 [INFO] Created politician Correa, J. Luis -> 505
2026-01-08 03:15:56,603 [INFO] Created politician Barragán, Nanette Diaz -> 506
2026-01-08 03:15:57,282 [INFO] Created politician Carbajal, Salud O. -> 507
2026-01-08 03:15:57,957 [INFO] Created politician Horsford, Steven -> 508
2026-01-08 03:15:58,653 [INFO] Created politician Schneider, Bradley Scott -> 509
2026-01-08 03:15:59,316 [INFO] Created politician Webster, Daniel -> 510
2026-01-08 03:15:59,951 [INFO] Created politician Case, Ed -> 511
2026-01-08 03:16:00,596 [INFO] Created politician Min, Dave -> 512
2026-01-08 03:16:01,310 [INFO] Created politician Hurd, Jeff -> 513
2026-01-08 03:16:01,996 [INFO] Created politician Biggs, Andy -> 514
2026-01-08 03:16:02,654 [INFO] Created politician Khanna, Ro -> 515
2026-01-08 03:16:03,293 [INFO] Created politician Comer, James -> 516
2026-01-08 03:16:03,934 [INFO] Created politician Davidson, Warren -> 517
2026-01-08 03:16:04,601 [INFO] Created politician Kelly, Trent -> 518
2026-01-08 03:16:05,282 [INFO] Created politician Grothman, Glenn -> 519
2026-01-08 03:16:05,938 [INFO] Created politician Newhouse, Dan -> 520
2026-01-08 03:16:06,689 [ERROR] Failed to ingest member P000610: new row for relation "politicians" violates check constraint "chk_politicians_state_code_valid"
DETAIL:  Failing row contains (521, Plaskett, Stacey E., Democrat, VI, null, Representative, null, null, 2026-01-08 08:15:45.459675+00, 2026-01-08 08:15:45.459675+00).

2026-01-08 03:16:07,695 [INFO] Created politician Beyer, Donald S. -> 522
2026-01-08 03:16:08,354 [INFO] Created politician Babin, Brian -> 523
2026-01-08 03:16:08,994 [INFO] Created politician Stefanik, Elise M. -> 524
2026-01-08 03:16:09,656 [INFO] Created politician Watson Coleman, Bonnie -> 525
2026-01-08 03:16:10,325 [INFO] Created politician Rouzer, David -> 526
2026-01-08 03:16:10,976 [INFO] Created politician Emmer, Tom -> 527
2026-01-08 03:16:11,619 [INFO] Created politician Moulton, Seth -> 528
2026-01-08 03:16:12,336 [INFO] Created politician Bost, Mike -> 529
2026-01-08 03:16:13,001 [INFO] Created politician Allen, Rick W. -> 530
2026-01-08 03:16:13,636 [INFO] Created politician Loudermilk, Barry -> 531
2026-01-08 03:16:14,297 [INFO] Created politician Carter, Earl L. "Buddy" -> 532
2026-01-08 03:16:14,986 [INFO] Created politician Torres, Norma J. -> 533
2026-01-08 03:16:15,649 [INFO] Created politician Westerman, Bruce -> 534
2026-01-08 03:16:16,316 [INFO] Created politician Hill, J. French -> 535
2026-01-08 03:16:16,980 [ERROR] Failed to ingest member R000600: new row for relation "politicians" violates check constraint "chk_politicians_state_code_valid"
DETAIL:  Failing row contains (536, Radewagen, Aumua Amata Coleman, Republican, AS, null, Representative, null, null, 2026-01-08 08:16:06.219719+00, 2026-01-08 08:16:06.219719+00).

2026-01-08 03:16:18,016 [INFO] Created politician Palmer, Gary J. -> 537
2026-01-08 03:16:18,679 [INFO] Created politician Norcross, Donald -> 538
2026-01-08 03:16:19,474 [INFO] Created politician Adams, Alma S. -> 539
2026-01-08 03:16:20,188 [INFO] Created politician Clark, Katherine M. -> 540
2026-01-08 03:16:20,866 [INFO] Created politician Smith, Jason -> 541
2026-01-08 03:16:21,496 [INFO] Created politician Barr, Andy -> 542
2026-01-08 03:16:22,232 [INFO] Created politician Clarke, Yvette D. -> 543
2026-01-08 03:16:22,388 [INFO] Progress: 450/5200 members ingested
2026-01-08 03:16:23,242 [INFO] Created politician Tonko, Paul -> 544
2026-01-08 03:16:23,919 [INFO] Created politician Kelly, Robin L. -> 545
2026-01-08 03:16:24,575 [INFO] Created politician Meeks, Gregory W. -> 546
2026-01-08 03:16:25,217 [INFO] Created politician Velázquez, Nydia M. -> 547
2026-01-08 03:16:25,874 [INFO] Created politician Turner, Michael R. -> 548
2026-01-08 03:16:26,535 [INFO] Created politician Tran, Derek -> 549
2026-01-08 03:16:27,235 [INFO] Created politician Pocan, Mark -> 550
2026-01-08 03:16:27,895 [INFO] Created politician Veasey, Marc A. -> 551
2026-01-08 03:16:28,579 [INFO] Created politician Williams, Roger -> 552
2026-01-08 03:16:29,215 [INFO] Created politician Castro, Joaquin -> 553
2026-01-08 03:16:29,854 [INFO] Created politician Weber, Randy K. Sr. -> 554
2026-01-08 03:16:30,497 [INFO] Created politician Joyce, David P. -> 555
2026-01-08 03:16:31,159 [INFO] Created politician Beatty, Joyce -> 556
2026-01-08 03:16:31,830 [INFO] Created politician Jeffries, Hakeem S. -> 557
2026-01-08 03:16:32,515 [INFO] Created politician Meng, Grace -> 558
2026-01-08 03:16:33,202 [INFO] Created politician Wagner, Ann -> 559
2026-01-08 03:16:33,903 [INFO] Created politician Brownley, Julia -> 560
2026-01-08 03:16:34,595 [INFO] Created politician Huffman, Jared -> 561
2026-01-08 03:16:35,235 [INFO] Created politician DelBene, Suzan K. -> 562
2026-01-08 03:16:35,899 [INFO] Created politician Massie, Thomas -> 563
2026-01-08 03:16:36,583 [INFO] Created politician Bonamici, Suzanne -> 564
2026-01-08 03:16:37,266 [INFO] Created politician Amodei, Mark E. -> 565
2026-01-08 03:16:37,937 [INFO] Created politician Wittman, Robert J. -> 566
2026-01-08 03:16:38,627 [INFO] Created politician Latta, Robert E. -> 567
2026-01-08 03:16:39,336 [INFO] Created politician Griffith, H. Morgan -> 568
2026-01-08 03:16:40,015 [INFO] Created politician DesJarlais, Scott -> 569
2026-01-08 03:16:40,673 [INFO] Created politician Fleischmann, Charles J. "Chuck" -> 570
2026-01-08 03:16:41,336 [INFO] Created politician Harris, Andy -> 571
2026-01-08 03:16:41,992 [INFO] Created politician Keating, William R. -> 572
2026-01-08 03:16:42,661 [INFO] Created politician Scott, Austin -> 573
2026-01-08 03:16:43,371 [INFO] Created politician Wilson, Frederica S. -> 574
2026-01-08 03:16:44,017 [INFO] Created politician Womack, Steve -> 575
2026-01-08 03:16:44,674 [INFO] Created politician Sewell, Terri A. -> 576
2026-01-08 03:16:45,376 [INFO] Created politician Cohen, Steve -> 577
2026-01-08 03:16:46,048 [INFO] Created politician Jordan, Jim -> 578
2026-01-08 03:16:46,779 [INFO] Created politician Buchanan, Vern -> 579
2026-01-08 03:16:47,463 [INFO] Created politician Castor, Kathy -> 580
2026-01-08 03:16:48,144 [INFO] Created politician Bilirakis, Gus M. -> 581
2026-01-08 03:16:48,815 [INFO] Created politician Quigley, Mike -> 582
2026-01-08 03:16:49,517 [INFO] Created politician Titus, Dina -> 583
2026-01-08 03:16:50,201 [INFO] Created politician Pingree, Chellie -> 584
2026-01-08 03:16:50,855 [INFO] Created politician Guthrie, Brett -> 585
2026-01-08 03:16:51,514 [INFO] Created politician Himes, James A. -> 586
2026-01-08 03:16:52,154 [INFO] Created politician Scalise, Steve -> 587
2026-01-08 03:16:52,815 [INFO] Created politician Foster, Bill -> 588
2026-01-08 03:16:53,625 [INFO] Created politician Carson, André -> 589
2026-01-08 03:16:54,313 [INFO] Created politician McGovern, James P. -> 590
2026-01-08 03:16:54,980 [INFO] Created politician Neal, Richard E. -> 591
2026-01-08 03:16:55,648 [INFO] Created politician Moore, Gwen -> 592
2026-01-08 03:16:56,365 [INFO] Created politician Scott, David -> 593
2026-01-08 03:16:56,531 [INFO] Progress: 500/5200 members ingested
2026-01-08 03:16:57,403 [INFO] Created politician Sánchez, Linda T. -> 594
2026-01-08 03:16:58,067 [INFO] Created politician Lynch, Stephen F. -> 595
2026-01-08 03:16:58,776 [INFO] Created politician Simon, Lateefah -> 596
2026-01-08 03:16:59,414 [INFO] Created politician Randall, Emily -> 597
2026-01-08 03:17:00,055 [INFO] Created politician Rivas, Luz M. -> 598
2026-01-08 03:17:00,720 [INFO] Created politician Liccardo, Sam T. -> 599
2026-01-08 03:17:01,355 [INFO] Created politician Hamadeh, Abraham J. -> 600
2026-01-08 03:17:02,022 [INFO] Created politician Gray, Adam -> 601
2026-01-08 03:17:02,660 [INFO] Created politician Begich, Nicholas J. -> 602
2026-01-08 03:17:03,319 [INFO] Created politician Ansari, Yassamin -> 603
2026-01-08 03:17:04,034 [INFO] Created politician Smith, Adrian -> 604
2026-01-08 03:17:04,700 [INFO] Created politician Johnson, Henry C. "Hank" -> 605
2026-01-08 03:17:05,395 [INFO] Created politician Courtney, Joe -> 606
2026-01-08 03:17:06,056 [INFO] Created politician Pallone, Frank -> 607
2026-01-08 03:17:06,702 [INFO] Created politician Simpson, Michael K. -> 608
2026-01-08 03:17:07,387 [INFO] Created politician Schakowsky, Janice D. -> 609
2026-01-08 03:17:08,083 [INFO] Created politician Larson, John B. -> 610
2026-01-08 03:17:08,758 [INFO] Created politician Smith, Adam -> 611
2026-01-08 03:17:09,435 [INFO] Created politician DeGette, Diana -> 612
2026-01-08 03:17:10,076 [INFO] Created politician Davis, Danny K. -> 613
2026-01-08 03:17:10,716 [INFO] Created politician Aderholt, Robert B. -> 614
2026-01-08 03:17:11,377 [INFO] Created politician Thompson, Bennie G. -> 615
2026-01-08 03:17:12,035 [INFO] Created politician Smith, Christopher H. -> 616
2026-01-08 03:17:12,677 [INFO] Created politician Scott, Robert C. "Bobby" -> 617
2026-01-08 03:17:13,355 [INFO] Created politician Rogers, Harold -> 618
2026-01-08 03:17:14,022 [INFO] Created politician Bishop, Sanford D. -> 619
2026-01-08 03:17:14,698 [INFO] Created politician Lucas, Frank D. -> 620
2026-01-08 03:17:15,360 [INFO] Created politician Cuellar, Henry -> 621
2026-01-08 03:17:16,055 [INFO] Created politician McCaul, Michael T. -> 622
2026-01-08 03:17:16,694 [INFO] Created politician Foxx, Virginia -> 623
2026-01-08 03:17:17,330 [INFO] Created politician Cleaver, Emanuel -> 624
2026-01-08 03:17:18,004 [INFO] Created politician Carter, John R. -> 625
2026-01-08 03:17:18,646 [INFO] Created politician Cole, Tom -> 626
2026-01-08 03:17:19,298 [INFO] Created politician Rogers, Mike D. -> 627
2026-01-08 03:17:19,941 [INFO] Created politician Wilson, Joe -> 628
2026-01-08 03:17:20,636 [INFO] Created politician Larsen, Rick -> 629
2026-01-08 03:17:21,274 [INFO] Created politician Graves, Sam -> 630
2026-01-08 03:17:21,914 [INFO] Created politician McCollum, Betty -> 631
2026-01-08 03:17:22,582 [INFO] Created politician Clyburn, James E. -> 632
2026-01-08 03:17:23,257 [INFO] Created politician Kaptur, Marcy -> 633
2026-01-08 03:17:23,924 [INFO] Created politician Hoyer, Steny H. -> 634
2026-01-08 03:17:24,578 [INFO] Created politician Nolan, Richard M. -> 635
2026-01-08 03:17:25,234 [INFO] Created politician Anthony, Beryl, Jr. -> 636
2026-01-08 03:17:25,922 [INFO] Created politician Waltz, Michael -> 637
2026-01-08 03:17:26,671 [INFO] Created politician Gallagher, Mike -> 638
2026-01-08 03:17:27,502 [INFO] Created politician Gaetz, Matt -> 639
2026-01-08 03:17:28,208 [INFO] Created politician Johnson, Bill -> 640
2026-01-08 03:17:28,906 [INFO] Created politician Higgins, Brian -> 641
2026-01-08 03:17:29,637 [INFO] Created politician Steiger, William A. -> 642
2026-01-08 03:17:30,318 [INFO] Created politician Oakar, Mary Rose -> 643
2026-01-08 03:17:30,516 [INFO] Progress: 550/5200 members ingested
2026-01-08 03:17:31,384 [INFO] Created politician Burton, John -> 644
2026-01-08 03:17:32,191 [INFO] Created politician Green, Mark E. -> 645
2026-01-08 03:17:32,838 [INFO] Created politician Cunningham, Randy (Duke) -> 646
2026-01-08 03:17:33,483 [INFO] Created politician Castle, Michael N. -> 647
2026-01-08 03:17:34,119 [INFO] Created politician Clay, William (Bill) -> 648
2026-01-08 03:17:34,759 [INFO] Created politician McCarthy, Carolyn -> 649
2026-01-08 03:17:35,423 [INFO] Created politician Williams, Pat -> 650
2026-01-08 03:17:36,097 [INFO] Created politician Farenthold, Blake -> 651
2026-01-08 03:17:36,778 [INFO] Created politician Nedzi, Lucien N. -> 652
2026-01-08 03:17:37,417 [INFO] Created politician Rangel, Charles B. -> 653
2026-01-08 03:17:38,097 [INFO] Created politician Connolly, Gerald E. -> 654
2026-01-08 03:17:38,737 [INFO] Created politician Bond, Christopher S. -> 655
2026-01-08 03:17:39,402 [INFO] Created politician McMillan, J. Alex -> 656
2026-01-08 03:17:40,048 [INFO] Created politician Sweeney, David McCann -> 657
2026-01-08 03:17:40,747 [INFO] Created politician Filner, Bob -> 658
2026-01-08 03:17:41,441 [INFO] Created politician Cicilline, David N. -> 659
2026-01-08 03:17:42,128 [INFO] Created politician McCarthy, Kevin -> 660
2026-01-08 03:17:42,797 [INFO] Created politician LaFalce, John J. -> 661
2026-01-08 03:17:43,544 [INFO] Created politician Grijalva, Raúl M. -> 662
2026-01-08 03:17:44,240 [INFO] Created politician Watkins, Wes -> 663
2026-01-08 03:17:44,897 [INFO] Created politician Johnston, J. Bennett -> 664
2026-01-08 03:17:45,536 [INFO] Created politician Love, Mia B. -> 665
2026-01-08 03:17:46,222 [INFO] Created politician Lowey, Nita M. -> 666
2026-01-08 03:17:46,906 [INFO] Created politician Simpson, Alan K. -> 667
2026-01-08 03:17:47,609 [INFO] Created politician Diaz-Balart, Lincoln -> 668
2026-01-08 03:17:48,338 [INFO] Created politician Turner, Sylvester -> 669
2026-01-08 03:17:49,020 [INFO] Created politician Byron, Beverly B. -> 670
2026-01-08 03:17:49,704 [INFO] Created politician Boren, David L. -> 671
2026-01-08 03:17:50,356 [INFO] Created politician Tucker, James G., Jr. (Jim Guy) -> 672
2026-01-08 03:17:50,993 [INFO] Created politician Good, Bob -> 673
2026-01-08 03:17:51,705 [INFO] Updated politician Menendez, Robert (310)
2026-01-08 03:17:52,367 [INFO] Created politician Pascrell, Bill -> 674
2026-01-08 03:17:53,037 [INFO] Created politician Armstrong, Kelly -> 675
2026-01-08 03:17:53,686 [INFO] Created politician Rubio, Marco -> 676
2026-01-08 03:17:54,357 [INFO] Created politician Vance, J. D. -> 677
2026-01-08 03:17:54,998 [INFO] Created politician MacKay, Buddy -> 678
2026-01-08 03:17:55,657 [INFO] Created politician Williams, Brandon -> 679
2026-01-08 03:17:56,302 [INFO] Created politician Wild, Susan -> 680
2026-01-08 03:17:56,978 [INFO] Created politician Wexton, Jennifer -> 681
2026-01-08 03:17:57,616 [INFO] Created politician Wenstrup, Brad R. -> 682
2026-01-08 03:17:58,260 [INFO] Created politician Trone, David J. -> 683
2026-01-08 03:17:58,942 [INFO] Created politician Spanberger, Abigail Davis -> 684
2026-01-08 03:17:59,601 [ERROR] Failed to ingest member S001177: new row for relation "politicians" violates check constraint "chk_politicians_state_code_valid"
DETAIL:  Failing row contains (685, Sablan, Gregorio Kilili Camacho, Democrat, MP, null, Representative, null, null, 2026-01-08 08:17:29.860387+00, 2026-01-08 08:17:29.860387+00).

2026-01-08 03:18:00,577 [INFO] Created politician Sarbanes, John P. -> 686
2026-01-08 03:18:01,390 [INFO] Created politician Steel, Michelle -> 687
2026-01-08 03:18:02,214 [INFO] Created politician Ruppersberger, C. A. Dutch -> 688
2026-01-08 03:18:02,877 [INFO] Created politician Rosendale, Matthew M. -> 689
2026-01-08 03:18:03,530 [INFO] Created politician Peltola, Mary Sattler -> 690
2026-01-08 03:18:04,226 [INFO] Created politician Porter, Katie -> 691
2026-01-08 03:18:04,879 [INFO] Created politician Phillips, Dean -> 692
2026-01-08 03:18:05,538 [INFO] Created politician Pence, Greg -> 693
2026-01-08 03:18:05,706 [INFO] Progress: 600/5200 members ingested
2026-01-08 03:18:06,537 [INFO] Created politician Posey, Bill -> 694
2026-01-08 03:18:07,178 [INFO] Created politician Nickel, Wiley -> 695
2026-01-08 03:18:07,864 [INFO] Created politician Napolitano, Grace F. -> 696
2026-01-08 03:18:08,515 [INFO] Created politician Molinaro, Marcus J. -> 697
2026-01-08 03:18:09,177 [INFO] Created politician Mooney, Alexander X. -> 698
2026-01-08 03:18:09,848 [INFO] Created politician McMorris Rodgers, Cathy -> 699
2026-01-08 03:18:10,516 [INFO] Created politician McHenry, Patrick T. -> 700
2026-01-08 03:18:11,178 [INFO] Created politician Manning, Kathy E. -> 701
2026-01-08 03:18:11,817 [INFO] Created politician Lee Carter, Erica -> 702
2026-01-08 03:18:12,499 [INFO] Created politician Lopez, Greg -> 703
2026-01-08 03:18:13,138 [INFO] Created politician Lesko, Debbie -> 704
2026-01-08 03:18:13,815 [INFO] Created politician Luetkemeyer, Blaine -> 705
2026-01-08 03:18:14,499 [INFO] Created politician Lamborn, Doug -> 706
2026-01-08 03:18:15,157 [INFO] Created politician Lee, Barbara -> 707
2026-01-08 03:18:15,801 [INFO] Created politician LaTurner, Jake -> 708
2026-01-08 03:18:16,496 [INFO] Created politician Kuster, Ann M. -> 709
2026-01-08 03:18:17,161 [INFO] Created politician Kilmer, Derek -> 710
2026-01-08 03:18:17,838 [INFO] Created politician Kildee, Daniel T. -> 711
2026-01-08 03:18:18,498 [INFO] Created politician Graves, Garret -> 712
2026-01-08 03:18:19,199 [INFO] Created politician Granger, Kay -> 713
2026-01-08 03:18:19,858 [INFO] Created politician Garcia, Mike -> 714
2026-01-08 03:18:20,518 [INFO] Created politician Ferguson, A. Drew -> 715
2026-01-08 03:18:21,187 [INFO] Created politician Eshoo, Anna G. -> 716
2026-01-08 03:18:21,909 [INFO] Created politician Duarte, John S. -> 717
2026-01-08 03:18:22,583 [INFO] Created politician D'Esposito, Anthony -> 718
2026-01-08 03:18:23,223 [INFO] Created politician Duncan, Jeff -> 719
2026-01-08 03:18:23,880 [INFO] Created politician Chavez-DeRemer, Lori -> 720
2026-01-08 03:18:24,549 [INFO] Created politician Caraveo, Yadira -> 721
2026-01-08 03:18:25,259 [INFO] Created politician Cárdenas, Tony -> 722
2026-01-08 03:18:25,897 [INFO] Created politician Cartwright, Matt -> 723
2026-01-08 03:18:26,589 [INFO] Created politician Carl, Jerry L. -> 724
2026-01-08 03:18:27,277 [INFO] Created politician Bishop, Dan -> 725
2026-01-08 03:18:27,919 [INFO] Created politician Bucshon, Larry -> 726
2026-01-08 03:18:28,578 [INFO] Created politician Burgess, Michael C. -> 727
2026-01-08 03:18:29,244 [INFO] Created politician Bush, Cori -> 728
2026-01-08 03:18:29,879 [INFO] Created politician Bowman, Jamaal -> 729
2026-01-08 03:18:30,540 [INFO] Created politician Blumenauer, Earl -> 730
2026-01-08 03:18:31,244 [INFO] Created politician Allred, Colin Z. -> 731
2026-01-08 03:18:31,928 [INFO] Created politician Casey, Robert P., Jr. -> 732
2026-01-08 03:18:32,583 [INFO] Created politician Tester, Jon -> 733
2026-01-08 03:18:33,283 [INFO] Created politician Sinema, Kyrsten -> 734
2026-01-08 03:18:33,962 [INFO] Created politician Stabenow, Debbie -> 735
2026-01-08 03:18:34,620 [INFO] Created politician Romney, Mitt -> 736
2026-01-08 03:18:35,260 [INFO] Created politician Manchin, Joe, III -> 737
2026-01-08 03:18:36,080 [INFO] Created politician Carper, Thomas R. -> 738
2026-01-08 03:18:36,739 [INFO] Created politician Cardin, Benjamin L. -> 739
2026-01-08 03:18:37,404 [INFO] Created politician Braun, Mike -> 740
2026-01-08 03:18:38,110 [INFO] Created politician Brown, Sherrod -> 741
2026-01-08 03:18:38,784 [INFO] Created politician Helmy, George S. -> 742
2026-01-08 03:18:39,444 [INFO] Created politician Butler, Laphonza R. -> 743
2026-01-08 03:18:39,598 [INFO] Progress: 650/5200 members ingested
2026-01-08 03:18:40,419 [INFO] Created politician Santos, George -> 744
2026-01-08 03:18:41,078 [INFO] Created politician Jackson, Jeff -> 745
2026-01-08 03:18:41,725 [ERROR] Failed to ingest member G000582: new row for relation "politicians" violates check constraint "chk_politicians_state_code_valid"
DETAIL:  Failing row contains (746, González-Colón, Jenniffer, Republican, PR, null, Representative, null, null, 2026-01-08 08:18:38.939739+00, 2026-01-08 08:18:38.939739+00).

2026-01-08 03:18:42,745 [INFO] Created politician Sasse, Ben -> 747
2026-01-08 03:18:43,462 [INFO] Created politician Buck, Ken -> 748
2026-01-08 03:18:44,134 [INFO] Created politician Stewart, Chris -> 749
2026-01-08 03:18:44,777 [INFO] Created politician Payne, Donald M. -> 750
2026-01-08 03:18:45,440 [INFO] Created politician Feinstein, Dianne -> 751
2026-01-08 03:18:46,083 [INFO] Created politician Jackson Lee, Sheila -> 752
2026-01-08 03:18:46,742 [INFO] Created politician Blackburn, Ben -> 753
2026-01-08 03:18:47,384 [INFO] Created politician Keys, Martha E. -> 754
2026-01-08 03:18:48,069 [INFO] Created politician Spratt, John M., Jr. -> 755
2026-01-08 03:18:48,750 [INFO] Created politician Leach, James A. -> 756
2026-01-08 03:18:49,462 [INFO] Created politician Patterson, Jerry M. -> 757
2026-01-08 03:18:50,099 [INFO] Created politician Ireland, Andrew P. -> 758
2026-01-08 03:18:50,740 [INFO] Created politician Hobson, David L. -> 759
2026-01-08 03:18:51,379 [INFO] Created politician Johnson, Tim -> 760
2026-01-08 03:18:52,038 [INFO] Created politician Curson, David Alan -> 761
2026-01-08 03:18:52,698 [INFO] Created politician Evans, Daniel J. -> 762
2026-01-08 03:18:53,345 [INFO] Created politician Sasser, Jim -> 763
2026-01-08 03:18:54,018 [INFO] Created politician Carr, Bob -> 764
2026-01-08 03:18:54,683 [INFO] Created politician Nowak, Henry -> 765
2026-01-08 03:18:55,342 [INFO] Created politician Symms, Steven D. -> 766
2026-01-08 03:18:55,998 [INFO] Created politician Robinson, Tommy F. -> 767
2026-01-08 03:18:56,639 [INFO] Created politician Inhofe, James M. -> 768
2026-01-08 03:18:57,304 [INFO] Created politician Nethercutt, George R., Jr. -> 769
2026-01-08 03:18:58,011 [INFO] Created politician Hutchinson, John G. -> 770
2026-01-08 03:18:58,685 [INFO] Created politician Cannon, Chris -> 771
2026-01-08 03:18:59,386 [INFO] Created politician McCloskey, Paul N., Jr. -> 772
2026-01-08 03:19:00,039 [INFO] Created politician Pryor, David H. -> 773
2026-01-08 03:19:08,301 [INFO] === Congress.gov Ingestion Pipeline Started ===
2026-01-08 03:19:09,380 [INFO] Database connection established
2026-01-08 03:19:09,380 [INFO] === Starting members ingestion for both, Congress 118 ===
2026-01-08 03:19:09,380 [INFO] Fetching house members for Congress 118
2026-01-08 03:19:23,502 [INFO] Retrieved 2600 house members
2026-01-08 03:19:23,502 [INFO] Fetching senate members for Congress 118
2026-01-08 03:19:36,830 [INFO] Retrieved 2600 senate members
2026-01-08 03:19:36,830 [INFO] Found 5200 members
2026-01-08 03:19:37,630 [INFO] Updated politician LaMalfa, Doug (89)
2026-01-08 03:19:38,120 [INFO] Updated politician Greene, Marjorie Taylor (90)
2026-01-08 03:19:38,602 [INFO] Updated politician Zimmer, Dick (91)
2026-01-08 03:19:39,093 [INFO] Updated politician Schulze, Richard T. (92)
2026-01-08 03:19:39,605 [INFO] Updated politician Campbell, Ben Nighthorse (93)
2026-01-08 03:19:40,101 [INFO] Updated politician Rulli, Michael A. (94)
2026-01-08 03:19:40,585 [INFO] Updated politician Justice, James C. (95)
2026-01-08 03:19:41,087 [INFO] Updated politician Dunn, Neal P. (96)
2026-01-08 03:19:41,588 [INFO] Updated politician Norton, Eleanor Holmes (97)
2026-01-08 03:19:42,086 [INFO] Updated politician DeLauro, Rosa L. (98)
2026-01-08 03:19:42,582 [INFO] Updated politician Waters, Maxine (99)
2026-01-08 03:19:43,063 [INFO] Updated politician Pelosi, Nancy (100)
2026-01-08 03:19:43,540 [INFO] Updated politician Van Epps, Matt (101)
2026-01-08 03:19:44,025 [INFO] Updated politician Sherrill, Mikie (102)
2026-01-08 03:19:44,522 [INFO] Updated politician Grijalva, Adelita S. (103)
2026-01-08 03:19:45,002 [INFO] Updated politician Crawford, Eric A. "Rick" (104)
2026-01-08 03:19:45,482 [INFO] Updated politician Cheney, Dick (105)
2026-01-08 03:19:45,963 [INFO] Updated politician Stallings, Richard H. (106)
2026-01-08 03:19:46,446 [INFO] Updated politician Kilpatrick, Carolyn C. (107)
2026-01-08 03:19:46,921 [INFO] Updated politician Young, Todd (108)
2026-01-08 03:19:47,405 [INFO] Updated politician Wyden, Ron (109)
2026-01-08 03:19:47,896 [INFO] Updated politician Warren, Elizabeth (110)
2026-01-08 03:19:48,379 [INFO] Updated politician Whitehouse, Sheldon (111)
2026-01-08 03:19:48,880 [INFO] Updated politician Welch, Peter (112)
2026-01-08 03:19:49,366 [INFO] Updated politician Wicker, Roger F. (113)
2026-01-08 03:19:49,860 [INFO] Updated politician Warnock, Raphael G. (114)
2026-01-08 03:19:50,345 [INFO] Updated politician Tuberville, Tommy (115)
2026-01-08 03:19:50,841 [INFO] Updated politician Warner, Mark R. (116)
2026-01-08 03:19:51,322 [INFO] Updated politician Van Hollen, Chris (117)
2026-01-08 03:19:51,800 [INFO] Updated politician Smith, Tina (118)
2026-01-08 03:19:52,282 [INFO] Updated politician Tillis, Thomas (119)
2026-01-08 03:19:52,760 [INFO] Updated politician Sullivan, Dan (120)
2026-01-08 03:19:53,241 [INFO] Updated politician Thune, John (121)
2026-01-08 03:19:53,727 [INFO] Updated politician Sheehy, Tim (122)
2026-01-08 03:19:54,225 [INFO] Updated politician Scott, Rick (123)
2026-01-08 03:19:54,722 [INFO] Updated politician Slotkin, Elissa (124)
2026-01-08 03:19:55,201 [INFO] Updated politician Scott, Tim (125)
2026-01-08 03:19:55,686 [INFO] Updated politician Shaheen, Jeanne (126)
2026-01-08 03:19:56,202 [INFO] Updated politician Schmitt, Eric (127)
2026-01-08 03:19:56,691 [INFO] Updated politician Rounds, Mike (128)
2026-01-08 03:19:57,183 [INFO] Updated politician Schatz, Brian (129)
2026-01-08 03:19:57,661 [INFO] Updated politician Schumer, Charles E. (130)
2026-01-08 03:19:58,141 [INFO] Updated politician Sanders, Bernard (131)
2026-01-08 03:19:58,620 [INFO] Updated politician Schiff, Adam B. (132)
2026-01-08 03:19:59,100 [INFO] Updated politician Ricketts, Pete (133)
2026-01-08 03:19:59,579 [INFO] Updated politician Rosen, Jacky (134)
2026-01-08 03:20:00,079 [INFO] Updated politician Paul, Rand (135)
2026-01-08 03:20:00,582 [INFO] Updated politician Peters, Gary C. (136)
2026-01-08 03:20:01,060 [INFO] Updated politician Risch, James E. (137)
2026-01-08 03:20:01,544 [INFO] Updated politician Reed, Jack (138)
2026-01-08 03:20:01,702 [INFO] Progress: 50/5200 members ingested
2026-01-08 03:20:02,500 [INFO] Updated politician Padilla, Alex (139)
2026-01-08 03:20:02,983 [INFO] Updated politician Ossoff, Jon (140)
2026-01-08 03:20:03,466 [INFO] Updated politician Mullin, Markwayne (141)
2026-01-08 03:20:03,967 [INFO] Updated politician Murphy, Christopher (142)
2026-01-08 03:20:04,446 [INFO] Updated politician Murray, Patty (143)
2026-01-08 03:20:04,924 [INFO] Updated politician Murkowski, Lisa (144)
2026-01-08 03:20:05,404 [INFO] Updated politician Moody, Ashley (145)
2026-01-08 03:20:05,879 [INFO] Updated politician McCormick, David (146)
2026-01-08 03:20:06,369 [INFO] Updated politician Moreno, Bernie (147)
2026-01-08 03:20:06,850 [INFO] Updated politician Merkley, Jeff (148)
2026-01-08 03:20:07,327 [INFO] Updated politician Moran, Jerry (149)
2026-01-08 03:20:07,842 [INFO] Updated politician McConnell, Mitch (150)
2026-01-08 03:20:08,321 [INFO] Updated politician Marshall, Roger (151)
2026-01-08 03:20:08,825 [INFO] Updated politician Klobuchar, Amy (152)
2026-01-08 03:20:09,319 [INFO] Updated politician Lee, Mike (153)
2026-01-08 03:20:09,801 [INFO] Updated politician Lankford, James (154)
2026-01-08 03:20:10,287 [INFO] Updated politician Lummis, Cynthia M. (155)
2026-01-08 03:20:10,782 [INFO] Updated politician Luján, Ben Ray (156)
2026-01-08 03:20:11,260 [INFO] Updated politician Markey, Edward J. (157)
2026-01-08 03:20:11,747 [INFO] Updated politician Kelly, Mark (158)
2026-01-08 03:20:12,262 [INFO] Updated politician Kim, Andy (159)
2026-01-08 03:20:12,743 [INFO] Updated politician Kennedy, John (160)
2026-01-08 03:20:13,229 [INFO] Updated politician King, Angus S., Jr. (161)
2026-01-08 03:20:13,723 [INFO] Updated politician Kaine, Tim (162)
2026-01-08 03:20:14,210 [INFO] Updated politician Johnson, Ron (163)
2026-01-08 03:20:14,686 [INFO] Updated politician Husted, Jon (164)
2026-01-08 03:20:15,162 [INFO] Updated politician Hickenlooper, John W. (165)
2026-01-08 03:20:15,657 [INFO] Updated politician Hawley, Josh (166)
2026-01-08 03:20:16,145 [INFO] Updated politician Hyde-Smith, Cindy (167)
2026-01-08 03:20:16,653 [INFO] Updated politician Hoeven, John (168)
2026-01-08 03:20:17,166 [INFO] Updated politician Hirono, Mazie K. (169)
2026-01-08 03:20:17,648 [INFO] Updated politician Heinrich, Martin (170)
2026-01-08 03:20:18,124 [INFO] Updated politician Hagerty, Bill (171)
2026-01-08 03:20:18,605 [INFO] Updated politician Hassan, Margaret Wood (172)
2026-01-08 03:20:19,108 [INFO] Updated politician Gallego, Ruben (173)
2026-01-08 03:20:19,604 [INFO] Updated politician Gillibrand, Kirsten E. (174)
2026-01-08 03:20:20,108 [INFO] Updated politician Grassley, Chuck (175)
2026-01-08 03:20:20,607 [INFO] Updated politician Graham, Lindsey (176)
2026-01-08 03:20:21,086 [INFO] Updated politician Fetterman, John (177)
2026-01-08 03:20:21,560 [INFO] Updated politician Curtis, John R. (178)
2026-01-08 03:20:22,041 [INFO] Updated politician Ernst, Joni (179)
2026-01-08 03:20:22,546 [INFO] Updated politician Fischer, Deb (180)
2026-01-08 03:20:23,085 [INFO] Updated politician Cruz, Ted (181)
2026-01-08 03:20:23,585 [INFO] Updated politician Daines, Steve (182)
2026-01-08 03:20:24,070 [INFO] Updated politician Duckworth, Tammy (183)
2026-01-08 03:20:24,567 [INFO] Updated politician Durbin, Richard J. (184)
2026-01-08 03:20:25,067 [INFO] Updated politician Cortez Masto, Catherine (185)
2026-01-08 03:20:25,545 [INFO] Updated politician Cramer, Kevin (186)
2026-01-08 03:20:26,023 [INFO] Updated politician Cotton, Tom (187)
2026-01-08 03:20:26,505 [INFO] Updated politician Coons, Christopher A. (188)
2026-01-08 03:20:26,661 [INFO] Progress: 100/5200 members ingested
2026-01-08 03:20:27,623 [INFO] Created politician Collins, Susan M. -> 774
2026-01-08 03:20:28,280 [INFO] Created politician Cornyn, John -> 775
2026-01-08 03:20:28,942 [INFO] Created politician Crapo, Mike -> 776
2026-01-08 03:20:29,583 [INFO] Created politician Britt, Katie Boyd -> 777
2026-01-08 03:20:30,244 [INFO] Created politician Budd, Ted -> 778
2026-01-08 03:20:30,900 [INFO] Created politician Booker, Cory A. -> 779
2026-01-08 03:20:31,560 [INFO] Created politician Cassidy, Bill -> 780
2026-01-08 03:20:32,205 [INFO] Created politician Boozman, John -> 781
2026-01-08 03:20:32,863 [INFO] Created politician Capito, Shelley Moore -> 782
2026-01-08 03:20:33,509 [INFO] Created politician Cantwell, Maria -> 783
2026-01-08 03:20:34,197 [INFO] Created politician Banks, Jim -> 784
2026-01-08 03:20:34,859 [INFO] Created politician Blunt Rochester, Lisa -> 785
2026-01-08 03:20:35,531 [INFO] Created politician Blumenthal, Richard -> 786
2026-01-08 03:20:36,187 [INFO] Created politician Barrasso, John -> 787
2026-01-08 03:20:36,829 [INFO] Created politician Bennet, Michael F. -> 788
2026-01-08 03:20:37,463 [INFO] Created politician Baldwin, Tammy -> 789
2026-01-08 03:20:38,131 [INFO] Created politician Blackburn, Marsha -> 790
2026-01-08 03:20:38,808 [INFO] Created politician Alsobrooks, Angela D. -> 791
2026-01-08 03:20:39,452 [INFO] Created politician Whitesides, George -> 792
2026-01-08 03:20:40,120 [INFO] Created politician Fine, Randy -> 793
2026-01-08 03:20:40,816 [INFO] Created politician Patronis, Jimmy -> 794
2026-01-08 03:20:41,462 [INFO] Created politician Vindman, Eugene Simon -> 795
2026-01-08 03:20:42,136 [INFO] Created politician Taylor, David J. -> 796
2026-01-08 03:20:42,783 [INFO] Created politician Subramanyam, Suhas -> 797
2026-01-08 03:20:43,433 [INFO] Created politician Shreve, Jefferson -> 798
2026-01-08 03:20:44,123 [INFO] Created politician Schmidt, Derek -> 799
2026-01-08 03:20:44,767 [INFO] Created politician Riley, Josh -> 800
2026-01-08 03:20:45,446 [INFO] Created politician Pou, Nellie -> 801
2026-01-08 03:20:46,098 [INFO] Created politician Olszewski, Johnny -> 802
2026-01-08 03:20:46,741 [INFO] Created politician McDowell, Addison P. -> 803
2026-01-08 03:20:47,389 [INFO] Created politician McGuire, John J. -> 804
2026-01-08 03:20:48,022 [INFO] Created politician McDonald Rivet, Kristen -> 805
2026-01-08 03:20:48,661 [INFO] Created politician Moore, Tim -> 806
2026-01-08 03:20:49,303 [INFO] Created politician Moore, Riley M. -> 807
2026-01-08 03:20:49,946 [INFO] Created politician Messmer, Mark B. -> 808
2026-01-08 03:20:50,586 [INFO] Created politician McClain Delaney, April -> 809
2026-01-08 03:20:51,227 [INFO] Created politician Mannion, John W. -> 810
2026-01-08 03:20:51,909 [INFO] Created politician Mackenzie, Ryan -> 811
2026-01-08 03:20:52,563 [INFO] Created politician Latimer, George -> 812
2026-01-08 03:20:53,228 [INFO] Created politician Knott, Brad -> 813
2026-01-08 03:20:53,888 [INFO] Created politician Kennedy, Mike -> 814
2026-01-08 03:20:54,529 [INFO] Created politician Johnson, Julie -> 815
2026-01-08 03:20:55,180 [ERROR] Failed to ingest member H001103: new row for relation "politicians" violates check constraint "chk_politicians_state_code_valid"
DETAIL:  Failing row contains (816, Hernández, Pablo Jose, Democrat, PR, null, Representative, null, null, 2026-01-08 08:20:25.999506+00, 2026-01-08 08:20:25.999506+00).

2026-01-08 03:20:55,983 [INFO] Updated politician Harris, Mark (232)
2026-01-08 03:20:56,469 [INFO] Updated politician Harrigan, Pat (233)
2026-01-08 03:20:56,947 [INFO] Updated politician Goodlander, Maggie (234)
2026-01-08 03:20:57,467 [INFO] Updated politician Gill, Brandon (235)
2026-01-08 03:20:57,952 [INFO] Updated politician Gillen, Laura (236)
2026-01-08 03:20:58,428 [INFO] Updated politician Goldman, Craig A. (237)
2026-01-08 03:20:58,917 [INFO] Updated politician Friedman, Laura (238)
2026-01-08 03:20:59,603 [INFO] Updated politician Fedorchak, Julie (239)
2026-01-08 03:20:59,776 [INFO] Progress: 150/5200 members ingested
2026-01-08 03:21:00,624 [INFO] Created politician Elfreth, Sarah -> 817
2026-01-08 03:21:01,279 [INFO] Created politician Dexter, Maxine -> 818
2026-01-08 03:21:01,928 [INFO] Created politician Downing, Troy -> 819
2026-01-08 03:21:02,654 [INFO] Created politician Conaway, Herbert C. -> 820
2026-01-08 03:21:03,311 [INFO] Created politician Bresnahan, Robert P. -> 821
2026-01-08 03:21:03,991 [INFO] Created politician Bynum, Janelle S. -> 822
2026-01-08 03:21:04,686 [INFO] Created politician Biggs, Sheri -> 823
2026-01-08 03:21:05,354 [INFO] Created politician Baumgartner, Michael -> 824
2026-01-08 03:21:06,003 [INFO] Created politician Barrett, Tom -> 825
2026-01-08 03:21:06,741 [INFO] Created politician McCormick, Richard -> 826
2026-01-08 03:21:07,426 [INFO] Created politician Stutzman, Marlin A. -> 827
2026-01-08 03:21:08,083 [INFO] Created politician Fields, Cleo -> 828
2026-01-08 03:21:08,727 [INFO] Created politician Onder, Robert F. -> 829
2026-01-08 03:21:09,364 [INFO] Created politician McBride, Sarah -> 830
2026-01-08 03:21:10,027 [INFO] Created politician Morrison, Kelly -> 831
2026-01-08 03:21:10,705 [ERROR] Failed to ingest member K000404: new row for relation "politicians" violates check constraint "chk_politicians_state_code_valid"
DETAIL:  Failing row contains (832, King-Hinds, Kimberlyn, Republican, MP, null, Representative, null, null, 2026-01-08 08:20:59.119655+00, 2026-01-08 08:20:59.119655+00).

2026-01-08 03:21:11,524 [INFO] Updated politician Jack, Brian (256)
2026-01-08 03:21:12,011 [INFO] Updated politician Haridopolos, Mike (257)
2026-01-08 03:21:12,515 [INFO] Updated politician Figures, Shomari (258)
2026-01-08 03:21:13,014 [INFO] Updated politician Evans, Gabe (259)
2026-01-08 03:21:13,513 [INFO] Updated politician Crank, Jeff (260)
2026-01-08 03:21:14,027 [INFO] Updated politician Bell, Wesley (261)
2026-01-08 03:21:14,573 [INFO] Updated politician Wied, Tony (262)
2026-01-08 03:21:15,102 [INFO] Updated politician McIver, LaMonica (263)
2026-01-08 03:21:15,639 [INFO] Updated politician Fong, Vince (264)
2026-01-08 03:21:16,165 [INFO] Updated politician Kennedy, Timothy M. (265)
2026-01-08 03:21:16,675 [INFO] Updated politician Maloy, Celeste (266)
2026-01-08 03:21:17,184 [INFO] Updated politician Amo, Gabe (267)
2026-01-08 03:21:17,695 [INFO] Updated politician McClellan, Jennifer L. (268)
2026-01-08 03:21:18,213 [INFO] Updated politician Van Orden, Derrick (269)
2026-01-08 03:21:18,715 [INFO] Updated politician Self, Keith (270)
2026-01-08 03:21:19,232 [INFO] Updated politician Perez, Marie Gluesenkamp (271)
2026-01-08 03:21:19,780 [INFO] Updated politician Ogles, Andrew (272)
2026-01-08 03:21:20,292 [INFO] Updated politician Moran, Nathaniel (273)
2026-01-08 03:21:20,838 [INFO] Updated politician Magaziner, Seth (274)
2026-01-08 03:21:21,383 [INFO] Updated politician Luttrell, Morgan (275)
2026-01-08 03:21:21,930 [INFO] Updated politician Lee, Summer L. (276)
2026-01-08 03:21:22,497 [INFO] Updated politician Kiggans, Jennifer A. (277)
2026-01-08 03:21:22,987 [INFO] Updated politician Hunt, Wesley (278)
2026-01-08 03:21:23,476 [INFO] Updated politician Hageman, Harriet M. (279)
2026-01-08 03:21:23,991 [INFO] Updated politician Fry, Russell (280)
2026-01-08 03:21:24,493 [INFO] Updated politician Deluzio, Christopher R. (281)
2026-01-08 03:21:25,025 [INFO] Updated politician De La Cruz, Monica (282)
2026-01-08 03:21:25,547 [INFO] Updated politician Crockett, Jasmine (283)
2026-01-08 03:21:26,116 [INFO] Updated politician Casar, Greg (284)
2026-01-08 03:21:26,633 [INFO] Updated politician Balint, Becca (285)
2026-01-08 03:21:27,129 [INFO] Updated politician Moore, Barry (286)
2026-01-08 03:21:27,604 [INFO] Updated politician Franklin, Scott (287)
2026-01-08 03:21:28,087 [INFO] Updated politician Boebert, Lauren (288)
2026-01-08 03:21:28,721 [INFO] Updated politician Miller, Carol D. (289)
2026-01-08 03:21:29,204 [INFO] Updated politician McBath, Lucy (290)
2026-01-08 03:21:29,367 [INFO] Progress: 200/5200 members ingested
2026-01-08 03:21:30,192 [INFO] Created politician Cisneros, Gilbert Ray -> 833
2026-01-08 03:21:30,866 [INFO] Created politician Scanlon, Mary Gay -> 834
2026-01-08 03:21:31,505 [INFO] Created politician Gonzalez, Vicente -> 835
2026-01-08 03:21:32,164 [INFO] Created politician Suozzi, Thomas R. -> 836
2026-01-08 03:21:32,806 [INFO] Created politician Green, Al -> 837
2026-01-08 03:21:33,495 [INFO] Created politician Doggett, Lloyd -> 838
2026-01-08 03:21:34,147 [INFO] Created politician Vasquez, Gabe -> 839
2026-01-08 03:21:34,858 [INFO] Created politician Tokuda, Jill N. -> 840
2026-01-08 03:21:35,524 [INFO] Created politician Thanedar, Shri -> 841
2026-01-08 03:21:36,164 [INFO] Created politician Sykes, Emilia Strong -> 842
2026-01-08 03:21:36,826 [INFO] Created politician Sorensen, Eric -> 843
2026-01-08 03:21:37,482 [INFO] Created politician Scholten, Hillary J. -> 844
2026-01-08 03:21:38,123 [INFO] Created politician Salinas, Andrea -> 845
2026-01-08 03:21:38,771 [INFO] Created politician Ramirez, Delia C. -> 846
2026-01-08 03:21:39,427 [INFO] Created politician Nunn, Zachary -> 847
2026-01-08 03:21:40,088 [ERROR] Failed to ingest member M001219: new row for relation "politicians" violates check constraint "chk_politicians_state_code_valid"
DETAIL:  Failing row contains (848, Moylan, James C., Republican, GU, null, Representative, null, null, 2026-01-08 08:21:28.719792+00, 2026-01-08 08:21:28.719792+00).

2026-01-08 03:21:40,887 [INFO] Updated politician Moskowitz, Jared (307)
2026-01-08 03:21:41,364 [INFO] Updated politician Mills, Cory (308)
2026-01-08 03:21:41,847 [INFO] Updated politician Miller, Max L. (309)
2026-01-08 03:21:42,324 [INFO] Updated politician Menendez, Robert (310)
2026-01-08 03:21:42,806 [INFO] Updated politician McGarvey, Morgan (311)
2026-01-08 03:21:43,308 [INFO] Updated politician Luna, Anna Paulina (312)
2026-01-08 03:21:43,810 [INFO] Updated politician Lee, Laurel M. (313)
2026-01-08 03:21:44,308 [INFO] Updated politician Lawler, Michael (314)
2026-01-08 03:21:44,826 [INFO] Updated politician Langworthy, Nicholas A. (315)
2026-01-08 03:21:45,329 [INFO] Updated politician Landsman, Greg (316)
2026-01-08 03:21:45,828 [INFO] Updated politician LaLota, Nick (317)
2026-01-08 03:21:46,304 [INFO] Updated politician Kean, Thomas H. (318)
2026-01-08 03:21:46,784 [INFO] Updated politician James, John (319)
2026-01-08 03:21:47,266 [INFO] Updated politician Jackson, Jonathan L. (320)
2026-01-08 03:21:47,769 [INFO] Updated politician Ivey, Glenn (321)
2026-01-08 03:21:48,264 [INFO] Updated politician Hoyle, Val T. (322)
2026-01-08 03:21:48,745 [INFO] Updated politician Houchin, Erin (323)
2026-01-08 03:21:49,225 [INFO] Updated politician Goldman, Daniel S. (324)
2026-01-08 03:21:49,706 [INFO] Updated politician Frost, Maxwell (325)
2026-01-08 03:21:50,204 [INFO] Updated politician Foushee, Valerie P. (326)
2026-01-08 03:21:50,693 [INFO] Updated politician Ezell, Mike (327)
2026-01-08 03:21:51,184 [INFO] Updated politician Edwards, Chuck (328)
2026-01-08 03:21:51,695 [INFO] Updated politician Davis, Donald G. (329)
2026-01-08 03:21:52,209 [INFO] Updated politician Collins, Mike (330)
2026-01-08 03:21:52,731 [INFO] Updated politician Burlison, Eric (331)
2026-01-08 03:21:53,234 [INFO] Updated politician Budzinski, Nikki (332)
2026-01-08 03:21:53,757 [INFO] Updated politician Brecheen, Josh (333)
2026-01-08 03:22:04,276 [INFO] === Congress.gov Ingestion Pipeline Started ===
2026-01-08 03:22:05,361 [INFO] Database connection established
2026-01-08 03:22:05,362 [INFO] === Starting members ingestion for both, Congress 118 ===
2026-01-08 03:22:05,362 [INFO] Fetching house members for Congress 118
2026-01-08 03:22:19,449 [INFO] Retrieved 2600 house members
2026-01-08 03:22:19,450 [INFO] Fetching senate members for Congress 118
2026-01-08 03:22:32,813 [INFO] Retrieved 2600 senate members
2026-01-08 03:22:32,813 [INFO] Found 5200 members
2026-01-08 03:22:33,608 [INFO] Updated politician LaMalfa, Doug (89)
2026-01-08 03:22:34,108 [INFO] Updated politician Greene, Marjorie Taylor (90)
2026-01-08 03:22:34,587 [INFO] Updated politician Zimmer, Dick (91)
2026-01-08 03:22:35,066 [INFO] Updated politician Schulze, Richard T. (92)
2026-01-08 03:22:35,550 [INFO] Updated politician Campbell, Ben Nighthorse (93)
2026-01-08 03:22:36,036 [INFO] Updated politician Rulli, Michael A. (94)
2026-01-08 03:22:36,511 [INFO] Updated politician Justice, James C. (95)
2026-01-08 03:22:37,078 [INFO] Updated politician Dunn, Neal P. (96)
2026-01-08 03:22:37,572 [INFO] Updated politician Norton, Eleanor Holmes (97)
2026-01-08 03:22:38,074 [INFO] Updated politician DeLauro, Rosa L. (98)
2026-01-08 03:22:38,558 [INFO] Updated politician Waters, Maxine (99)
2026-01-08 03:22:39,068 [INFO] Updated politician Pelosi, Nancy (100)
2026-01-08 03:22:39,571 [INFO] Updated politician Van Epps, Matt (101)
2026-01-08 03:22:40,045 [INFO] Updated politician Sherrill, Mikie (102)
2026-01-08 03:22:40,578 [INFO] Updated politician Grijalva, Adelita S. (103)
2026-01-08 03:22:41,071 [INFO] Updated politician Crawford, Eric A. "Rick" (104)
2026-01-08 03:22:41,550 [INFO] Updated politician Cheney, Dick (105)
2026-01-08 03:22:42,035 [INFO] Updated politician Stallings, Richard H. (106)
2026-01-08 03:22:42,506 [INFO] Updated politician Kilpatrick, Carolyn C. (107)
2026-01-08 03:22:42,991 [INFO] Updated politician Young, Todd (108)
2026-01-08 03:22:43,486 [INFO] Updated politician Wyden, Ron (109)
2026-01-08 03:22:43,969 [INFO] Updated politician Warren, Elizabeth (110)
2026-01-08 03:22:44,474 [INFO] Updated politician Whitehouse, Sheldon (111)
2026-01-08 03:22:44,985 [INFO] Updated politician Welch, Peter (112)
2026-01-08 03:22:45,486 [INFO] Updated politician Wicker, Roger F. (113)
2026-01-08 03:22:45,977 [INFO] Updated politician Warnock, Raphael G. (114)
2026-01-08 03:22:46,470 [INFO] Updated politician Tuberville, Tommy (115)
2026-01-08 03:22:46,972 [INFO] Updated politician Warner, Mark R. (116)
2026-01-08 03:22:47,477 [INFO] Updated politician Van Hollen, Chris (117)
2026-01-08 03:22:48,023 [INFO] Updated politician Smith, Tina (118)
2026-01-08 03:22:48,526 [INFO] Updated politician Tillis, Thomas (119)
2026-01-08 03:22:49,012 [INFO] Updated politician Sullivan, Dan (120)
2026-01-08 03:22:49,486 [INFO] Updated politician Thune, John (121)
2026-01-08 03:22:49,976 [INFO] Updated politician Sheehy, Tim (122)
2026-01-08 03:22:50,466 [INFO] Updated politician Scott, Rick (123)
2026-01-08 03:22:50,948 [INFO] Updated politician Slotkin, Elissa (124)
2026-01-08 03:22:51,446 [INFO] Updated politician Scott, Tim (125)
2026-01-08 03:22:51,946 [INFO] Updated politician Shaheen, Jeanne (126)
2026-01-08 03:22:52,456 [INFO] Updated politician Schmitt, Eric (127)
2026-01-08 03:22:52,953 [INFO] Updated politician Rounds, Mike (128)
2026-01-08 03:22:53,449 [INFO] Updated politician Schatz, Brian (129)
2026-01-08 03:22:53,944 [INFO] Updated politician Schumer, Charles E. (130)
2026-01-08 03:22:54,443 [INFO] Updated politician Sanders, Bernard (131)
2026-01-08 03:22:54,927 [INFO] Updated politician Schiff, Adam B. (132)
2026-01-08 03:22:55,408 [INFO] Updated politician Ricketts, Pete (133)
2026-01-08 03:22:55,888 [INFO] Updated politician Rosen, Jacky (134)
2026-01-08 03:22:56,371 [INFO] Updated politician Paul, Rand (135)
2026-01-08 03:22:56,853 [INFO] Updated politician Peters, Gary C. (136)
2026-01-08 03:22:57,333 [INFO] Updated politician Risch, James E. (137)
2026-01-08 03:22:57,835 [INFO] Updated politician Reed, Jack (138)
2026-01-08 03:22:58,010 [INFO] Progress: 50/5200 members ingested
2026-01-08 03:22:58,845 [INFO] Updated politician Padilla, Alex (139)
2026-01-08 03:22:59,337 [INFO] Updated politician Ossoff, Jon (140)
2026-01-08 03:22:59,852 [INFO] Updated politician Mullin, Markwayne (141)
2026-01-08 03:23:00,367 [INFO] Updated politician Murphy, Christopher (142)
2026-01-08 03:23:00,867 [INFO] Updated politician Murray, Patty (143)
2026-01-08 03:23:01,347 [INFO] Updated politician Murkowski, Lisa (144)
2026-01-08 03:23:01,848 [INFO] Updated politician Moody, Ashley (145)
2026-01-08 03:23:02,323 [INFO] Updated politician McCormick, David (146)
2026-01-08 03:23:02,804 [INFO] Updated politician Moreno, Bernie (147)
2026-01-08 03:23:03,289 [INFO] Updated politician Merkley, Jeff (148)
2026-01-08 03:23:03,774 [INFO] Updated politician Moran, Jerry (149)
2026-01-08 03:23:04,248 [INFO] Updated politician McConnell, Mitch (150)
2026-01-08 03:23:04,728 [INFO] Updated politician Marshall, Roger (151)
2026-01-08 03:23:05,208 [INFO] Updated politician Klobuchar, Amy (152)
2026-01-08 03:23:05,687 [INFO] Updated politician Lee, Mike (153)
2026-01-08 03:23:06,168 [INFO] Updated politician Lankford, James (154)
2026-01-08 03:23:06,648 [INFO] Updated politician Lummis, Cynthia M. (155)
2026-01-08 03:23:07,151 [INFO] Updated politician Luján, Ben Ray (156)
2026-01-08 03:23:07,651 [INFO] Updated politician Markey, Edward J. (157)
2026-01-08 03:23:08,149 [INFO] Updated politician Kelly, Mark (158)
2026-01-08 03:23:08,629 [INFO] Updated politician Kim, Andy (159)
2026-01-08 03:23:09,109 [INFO] Updated politician Kennedy, John (160)
2026-01-08 03:23:09,609 [INFO] Updated politician King, Angus S., Jr. (161)
2026-01-08 03:23:10,088 [INFO] Updated politician Kaine, Tim (162)
2026-01-08 03:23:10,568 [INFO] Updated politician Johnson, Ron (163)
2026-01-08 03:23:11,049 [INFO] Updated politician Husted, Jon (164)
2026-01-08 03:23:11,529 [INFO] Updated politician Hickenlooper, John W. (165)
2026-01-08 03:23:12,008 [INFO] Updated politician Hawley, Josh (166)
2026-01-08 03:23:12,488 [INFO] Updated politician Hyde-Smith, Cindy (167)
2026-01-08 03:23:12,973 [INFO] Updated politician Hoeven, John (168)
2026-01-08 03:23:13,451 [INFO] Updated politician Hirono, Mazie K. (169)
2026-01-08 03:23:13,925 [INFO] Updated politician Heinrich, Martin (170)
2026-01-08 03:23:14,408 [INFO] Updated politician Hagerty, Bill (171)
2026-01-08 03:23:14,899 [INFO] Updated politician Hassan, Margaret Wood (172)
2026-01-08 03:23:15,401 [INFO] Updated politician Gallego, Ruben (173)
2026-01-08 03:23:15,892 [INFO] Updated politician Gillibrand, Kirsten E. (174)
2026-01-08 03:23:16,391 [INFO] Updated politician Grassley, Chuck (175)
2026-01-08 03:23:16,875 [INFO] Updated politician Graham, Lindsey (176)
2026-01-08 03:23:17,374 [INFO] Updated politician Fetterman, John (177)
2026-01-08 03:23:17,847 [INFO] Updated politician Curtis, John R. (178)
2026-01-08 03:23:18,346 [INFO] Updated politician Ernst, Joni (179)
2026-01-08 03:23:18,827 [INFO] Updated politician Fischer, Deb (180)
2026-01-08 03:23:19,328 [INFO] Updated politician Cruz, Ted (181)
2026-01-08 03:23:19,805 [INFO] Updated politician Daines, Steve (182)
2026-01-08 03:23:20,289 [INFO] Updated politician Duckworth, Tammy (183)
2026-01-08 03:23:20,766 [INFO] Updated politician Durbin, Richard J. (184)
2026-01-08 03:23:21,250 [INFO] Updated politician Cortez Masto, Catherine (185)
2026-01-08 03:23:21,728 [INFO] Updated politician Cramer, Kevin (186)
2026-01-08 03:23:22,209 [INFO] Updated politician Cotton, Tom (187)
2026-01-08 03:23:22,711 [INFO] Updated politician Coons, Christopher A. (188)
2026-01-08 03:23:22,889 [INFO] Progress: 100/5200 members ingested
2026-01-08 03:23:23,846 [INFO] Created politician Collins, Susan M. -> 849
2026-01-08 03:23:24,511 [INFO] Created politician Cornyn, John -> 850
2026-01-08 03:23:25,189 [INFO] Created politician Crapo, Mike -> 851
2026-01-08 03:23:25,831 [INFO] Created politician Britt, Katie Boyd -> 852
2026-01-08 03:23:26,465 [INFO] Created politician Budd, Ted -> 853
2026-01-08 03:23:27,127 [INFO] Created politician Booker, Cory A. -> 854
2026-01-08 03:23:27,807 [INFO] Created politician Cassidy, Bill -> 855
2026-01-08 03:23:28,465 [INFO] Created politician Boozman, John -> 856
2026-01-08 03:23:29,109 [INFO] Created politician Capito, Shelley Moore -> 857
2026-01-08 03:23:29,774 [INFO] Created politician Cantwell, Maria -> 858
2026-01-08 03:23:30,434 [INFO] Created politician Banks, Jim -> 859
2026-01-08 03:23:31,119 [INFO] Created politician Blunt Rochester, Lisa -> 860
2026-01-08 03:23:31,814 [INFO] Created politician Blumenthal, Richard -> 861
2026-01-08 03:23:32,488 [INFO] Created politician Barrasso, John -> 862
2026-01-08 03:23:33,150 [INFO] Created politician Bennet, Michael F. -> 863
2026-01-08 03:23:33,808 [INFO] Created politician Baldwin, Tammy -> 864
2026-01-08 03:23:34,467 [INFO] Created politician Blackburn, Marsha -> 865
2026-01-08 03:23:35,129 [INFO] Created politician Alsobrooks, Angela D. -> 866
2026-01-08 03:23:35,765 [INFO] Created politician Whitesides, George -> 867
2026-01-08 03:23:36,408 [INFO] Created politician Fine, Randy -> 868
2026-01-08 03:23:37,117 [INFO] Created politician Patronis, Jimmy -> 869
2026-01-08 03:23:37,795 [INFO] Created politician Vindman, Eugene Simon -> 870
2026-01-08 03:23:38,449 [INFO] Created politician Taylor, David J. -> 871
2026-01-08 03:23:39,109 [INFO] Created politician Subramanyam, Suhas -> 872
2026-01-08 03:23:39,768 [INFO] Created politician Shreve, Jefferson -> 873
2026-01-08 03:23:40,445 [INFO] Created politician Schmidt, Derek -> 874
2026-01-08 03:23:41,111 [INFO] Created politician Riley, Josh -> 875
2026-01-08 03:23:41,750 [INFO] Created politician Pou, Nellie -> 876
2026-01-08 03:23:42,389 [INFO] Created politician Olszewski, Johnny -> 877
2026-01-08 03:23:43,051 [INFO] Created politician McDowell, Addison P. -> 878
2026-01-08 03:23:43,689 [INFO] Created politician McGuire, John J. -> 879
2026-01-08 03:23:44,334 [INFO] Created politician McDonald Rivet, Kristen -> 880
2026-01-08 03:23:44,989 [INFO] Created politician Moore, Tim -> 881
2026-01-08 03:23:45,650 [INFO] Created politician Moore, Riley M. -> 882
2026-01-08 03:23:46,332 [INFO] Created politician Messmer, Mark B. -> 883
2026-01-08 03:23:46,966 [INFO] Created politician McClain Delaney, April -> 884
2026-01-08 03:23:47,687 [INFO] Created politician Mannion, John W. -> 885
2026-01-08 03:23:48,327 [INFO] Created politician Mackenzie, Ryan -> 886
2026-01-08 03:23:48,991 [INFO] Created politician Latimer, George -> 887
2026-01-08 03:23:49,651 [INFO] Created politician Knott, Brad -> 888
2026-01-08 03:23:50,327 [INFO] Created politician Kennedy, Mike -> 889
2026-01-08 03:23:50,991 [INFO] Created politician Johnson, Julie -> 890
2026-01-08 03:23:51,629 [ERROR] Failed to ingest member H001103: new row for relation "politicians" violates check constraint "chk_politicians_state_code_valid"
DETAIL:  Failing row contains (891, Hernández, Pablo Jose, Democrat, PR, null, Representative, null, null, 2026-01-08 08:23:22.21967+00, 2026-01-08 08:23:22.21967+00).

2026-01-08 03:23:52,427 [INFO] Updated politician Harris, Mark (232)
2026-01-08 03:23:52,909 [INFO] Updated politician Harrigan, Pat (233)
2026-01-08 03:23:53,389 [INFO] Updated politician Goodlander, Maggie (234)
2026-01-08 03:23:53,866 [INFO] Updated politician Gill, Brandon (235)
2026-01-08 03:23:54,349 [INFO] Updated politician Gillen, Laura (236)
2026-01-08 03:23:54,831 [INFO] Updated politician Goldman, Craig A. (237)
2026-01-08 03:23:55,309 [INFO] Updated politician Friedman, Laura (238)
2026-01-08 03:23:55,951 [INFO] Updated politician Fedorchak, Julie (239)
2026-01-08 03:23:56,111 [INFO] Progress: 150/5200 members ingested
2026-01-08 03:23:56,938 [INFO] Created politician Elfreth, Sarah -> 892
2026-01-08 03:23:57,575 [INFO] Created politician Dexter, Maxine -> 893
2026-01-08 03:23:58,229 [INFO] Created politician Downing, Troy -> 894
2026-01-08 03:23:58,891 [INFO] Created politician Conaway, Herbert C. -> 895
2026-01-08 03:23:59,555 [INFO] Created politician Bresnahan, Robert P. -> 896
2026-01-08 03:24:00,194 [INFO] Created politician Bynum, Janelle S. -> 897
2026-01-08 03:24:00,870 [INFO] Created politician Biggs, Sheri -> 898
2026-01-08 03:24:01,547 [INFO] Created politician Baumgartner, Michael -> 899
2026-01-08 03:24:02,211 [INFO] Created politician Barrett, Tom -> 900
2026-01-08 03:24:02,888 [INFO] Created politician McCormick, Richard -> 901
2026-01-08 03:24:03,551 [INFO] Created politician Stutzman, Marlin A. -> 902
2026-01-08 03:24:04,203 [INFO] Created politician Fields, Cleo -> 903
2026-01-08 03:24:04,870 [INFO] Created politician Onder, Robert F. -> 904
2026-01-08 03:24:05,540 [INFO] Created politician McBride, Sarah -> 905
2026-01-08 03:24:06,191 [INFO] Created politician Morrison, Kelly -> 906
2026-01-08 03:24:06,850 [ERROR] Failed to ingest member K000404: new row for relation "politicians" violates check constraint "chk_politicians_state_code_valid"
DETAIL:  Failing row contains (907, King-Hinds, Kimberlyn, Republican, MP, null, Representative, null, null, 2026-01-08 08:23:55.459847+00, 2026-01-08 08:23:55.459847+00).

2026-01-08 03:24:07,660 [INFO] Updated politician Jack, Brian (256)
2026-01-08 03:24:08,147 [INFO] Updated politician Haridopolos, Mike (257)
2026-01-08 03:24:08,629 [INFO] Updated politician Figures, Shomari (258)
2026-01-08 03:24:09,110 [INFO] Updated politician Evans, Gabe (259)
2026-01-08 03:24:09,607 [INFO] Updated politician Crank, Jeff (260)
2026-01-08 03:24:10,090 [INFO] Updated politician Bell, Wesley (261)
2026-01-08 03:24:10,607 [INFO] Updated politician Wied, Tony (262)
2026-01-08 03:24:11,159 [INFO] Updated politician McIver, LaMonica (263)
2026-01-08 03:24:11,659 [INFO] Updated politician Fong, Vince (264)
2026-01-08 03:24:12,174 [INFO] Updated politician Kennedy, Timothy M. (265)
2026-01-08 03:24:12,677 [INFO] Updated politician Maloy, Celeste (266)
2026-01-08 03:24:13,171 [INFO] Updated politician Amo, Gabe (267)
2026-01-08 03:24:13,688 [INFO] Updated politician McClellan, Jennifer L. (268)
2026-01-08 03:24:14,191 [INFO] Updated politician Van Orden, Derrick (269)
2026-01-08 03:24:14,699 [INFO] Updated politician Self, Keith (270)
2026-01-08 03:24:15,168 [INFO] Updated politician Perez, Marie Gluesenkamp (271)
2026-01-08 03:24:15,650 [INFO] Updated politician Ogles, Andrew (272)
2026-01-08 03:24:16,131 [INFO] Updated politician Moran, Nathaniel (273)
2026-01-08 03:24:16,621 [INFO] Updated politician Magaziner, Seth (274)
2026-01-08 03:24:17,128 [INFO] Updated politician Luttrell, Morgan (275)
2026-01-08 03:24:17,607 [INFO] Updated politician Lee, Summer L. (276)
2026-01-08 03:24:18,095 [INFO] Updated politician Kiggans, Jennifer A. (277)
2026-01-08 03:24:18,577 [INFO] Updated politician Hunt, Wesley (278)
2026-01-08 03:24:19,050 [INFO] Updated politician Hageman, Harriet M. (279)
2026-01-08 03:24:19,530 [INFO] Updated politician Fry, Russell (280)
2026-01-08 03:24:20,010 [INFO] Updated politician Deluzio, Christopher R. (281)
2026-01-08 03:24:20,513 [INFO] Updated politician De La Cruz, Monica (282)
2026-01-08 03:24:20,991 [INFO] Updated politician Crockett, Jasmine (283)
2026-01-08 03:24:21,467 [INFO] Updated politician Casar, Greg (284)
2026-01-08 03:24:21,958 [INFO] Updated politician Balint, Becca (285)
2026-01-08 03:24:22,453 [INFO] Updated politician Moore, Barry (286)
2026-01-08 03:24:22,949 [INFO] Updated politician Franklin, Scott (287)
2026-01-08 03:24:23,451 [INFO] Updated politician Boebert, Lauren (288)
2026-01-08 03:24:24,121 [INFO] Updated politician Miller, Carol D. (289)
2026-01-08 03:24:24,635 [INFO] Updated politician McBath, Lucy (290)
2026-01-08 03:24:24,791 [INFO] Progress: 200/5200 members ingested
2026-01-08 03:24:25,608 [INFO] Created politician Cisneros, Gilbert Ray -> 908
2026-01-08 03:24:26,271 [INFO] Created politician Scanlon, Mary Gay -> 909
2026-01-08 03:24:26,909 [INFO] Created politician Gonzalez, Vicente -> 910
2026-01-08 03:24:27,570 [INFO] Created politician Suozzi, Thomas R. -> 911
2026-01-08 03:24:28,218 [INFO] Created politician Green, Al -> 912
2026-01-08 03:24:28,893 [INFO] Created politician Doggett, Lloyd -> 913
2026-01-08 03:24:29,611 [INFO] Created politician Vasquez, Gabe -> 914
2026-01-08 03:24:30,275 [INFO] Created politician Tokuda, Jill N. -> 915
2026-01-08 03:24:30,956 [INFO] Created politician Thanedar, Shri -> 916
2026-01-08 03:24:31,631 [INFO] Created politician Sykes, Emilia Strong -> 917
2026-01-08 03:24:32,269 [INFO] Created politician Sorensen, Eric -> 918
2026-01-08 03:24:32,931 [INFO] Created politician Scholten, Hillary J. -> 919
2026-01-08 03:24:33,571 [INFO] Created politician Salinas, Andrea -> 920
2026-01-08 03:24:34,230 [INFO] Created politician Ramirez, Delia C. -> 921
2026-01-08 03:24:34,900 [INFO] Created politician Nunn, Zachary -> 922
2026-01-08 03:24:35,595 [ERROR] Failed to ingest member M001219: new row for relation "politicians" violates check constraint "chk_politicians_state_code_valid"
DETAIL:  Failing row contains (923, Moylan, James C., Republican, GU, null, Representative, null, null, 2026-01-08 08:24:24.119691+00, 2026-01-08 08:24:24.119691+00).

2026-01-08 03:24:36,430 [INFO] Updated politician Moskowitz, Jared (307)
2026-01-08 03:24:36,912 [INFO] Updated politician Mills, Cory (308)
2026-01-08 03:24:37,398 [INFO] Updated politician Miller, Max L. (309)
2026-01-08 03:24:37,926 [INFO] Updated politician Menendez, Robert (310)
2026-01-08 03:24:38,411 [INFO] Updated politician McGarvey, Morgan (311)
2026-01-08 03:24:38,891 [INFO] Updated politician Luna, Anna Paulina (312)
2026-01-08 03:24:39,392 [INFO] Updated politician Lee, Laurel M. (313)
2026-01-08 03:24:39,869 [INFO] Updated politician Lawler, Michael (314)
2026-01-08 03:24:40,374 [INFO] Updated politician Langworthy, Nicholas A. (315)
2026-01-08 03:24:40,851 [INFO] Updated politician Landsman, Greg (316)
2026-01-08 03:24:41,359 [INFO] Updated politician LaLota, Nick (317)
2026-01-08 03:24:41,844 [INFO] Updated politician Kean, Thomas H. (318)
2026-01-08 03:24:42,356 [INFO] Updated politician James, John (319)
2026-01-08 03:24:42,862 [INFO] Updated politician Jackson, Jonathan L. (320)
2026-01-08 03:24:43,351 [INFO] Updated politician Ivey, Glenn (321)
2026-01-08 03:24:43,854 [INFO] Updated politician Hoyle, Val T. (322)
2026-01-08 03:24:44,344 [INFO] Updated politician Houchin, Erin (323)
2026-01-08 03:24:44,852 [INFO] Updated politician Goldman, Daniel S. (324)
2026-01-08 03:24:45,331 [INFO] Updated politician Frost, Maxwell (325)
2026-01-08 03:24:45,817 [INFO] Updated politician Foushee, Valerie P. (326)
2026-01-08 03:24:46,320 [INFO] Updated politician Ezell, Mike (327)
2026-01-08 03:24:46,831 [INFO] Updated politician Edwards, Chuck (328)
2026-01-08 03:24:47,313 [INFO] Updated politician Davis, Donald G. (329)
2026-01-08 03:24:47,791 [INFO] Updated politician Collins, Mike (330)
2026-01-08 03:24:48,271 [INFO] Updated politician Burlison, Eric (331)
2026-01-08 03:24:48,770 [INFO] Updated politician Budzinski, Nikki (332)
2026-01-08 03:24:49,251 [INFO] Updated politician Brecheen, Josh (333)
2026-01-08 03:24:49,731 [INFO] Updated politician Alford, Mark (334)
2026-01-08 03:24:50,215 [INFO] Updated politician Ryan, Patrick (335)
2026-01-08 03:24:50,692 [INFO] Updated politician Miller-Meeks, Mariannette (336)
2026-01-08 03:24:51,169 [INFO] Updated politician McClain, Lisa C. (337)
2026-01-08 03:24:51,646 [INFO] Updated politician Hinson, Ashley (338)
2026-01-08 03:24:52,291 [INFO] Updated politician Gimenez, Carlos A. (339)
2026-01-08 03:24:52,771 [INFO] Updated politician Tlaib, Rashida (340)
2026-01-08 03:24:53,254 [INFO] Updated politician Tenney, Claudia (341)
2026-01-08 03:24:53,415 [INFO] Progress: 250/5200 members ingested
2026-01-08 03:24:54,057 [INFO] Updated politician Mast, Brian J. (342)
2026-01-08 03:24:54,532 [INFO] Updated politician Rutherford, John H. (343)
2026-01-08 03:24:55,033 [INFO] Updated politician LaHood, Darin (344)
2026-01-08 03:24:55,529 [INFO] Updated politician Zinke, Ryan K. (345)
2026-01-08 03:24:56,009 [INFO] Updated politician Dingell, Debbie (346)
2026-01-08 03:24:56,515 [INFO] Updated politician Moolenaar, John R. (347)
2026-01-08 03:24:56,994 [INFO] Updated politician Hudson, Richard (348)
2026-01-08 03:24:57,474 [INFO] Updated politician Frankel, Lois (349)
2026-01-08 03:24:57,949 [INFO] Updated politician Huizenga, Bill (350)
2026-01-08 03:24:58,434 [INFO] Updated politician Walberg, Tim (351)
2026-01-08 03:24:58,909 [INFO] Updated politician Nadler, Jerrold (352)
2026-01-08 03:24:59,391 [INFO] Updated politician Wasserman Schultz, Debbie (353)
2026-01-08 03:24:59,880 [INFO] Updated politician Diaz-Balart, Mario (354)
2026-01-08 03:25:00,355 [INFO] Updated politician Strong, Dale W. (355)
2026-01-08 03:25:00,836 [INFO] Updated politician Pettersen, Brittany (356)
2026-01-08 03:25:01,328 [INFO] Updated politician Mullin, Kevin (357)
2026-01-08 03:25:01,840 [INFO] Updated politician Kiley, Kevin (358)
2026-01-08 03:25:02,331 [INFO] Updated politician Kamlager-Dove, Sydney (359)
2026-01-08 03:25:02,814 [INFO] Updated politician Garcia, Robert (360)
2026-01-08 03:25:03,302 [INFO] Updated politician Crane, Elijah (361)
2026-01-08 03:25:03,834 [INFO] Updated politician Ciscomani, Juan (362)
2026-01-08 03:25:04,333 [INFO] Updated politician Bean, Aaron (363)
2026-01-08 03:25:04,844 [INFO] Updated politician Yakym, Rudy (364)
2026-01-08 03:25:05,353 [INFO] Updated politician Finstad, Brad (365)
2026-01-08 03:25:05,856 [INFO] Updated politician Flood, Mike (366)
2026-01-08 03:25:06,354 [INFO] Updated politician Cherfilus-McCormick, Sheila (367)
2026-01-08 03:25:06,861 [INFO] Updated politician Carey, Mike (368)
2026-01-08 03:25:07,351 [INFO] Updated politician Brown, Shontel M. (369)
2026-01-08 03:25:07,830 [INFO] Updated politician Ellzey, Jake (370)
2026-01-08 03:25:08,332 [INFO] Updated politician Stansbury, Melanie A. (371)
2026-01-08 03:25:08,830 [INFO] Updated politician Carter, Troy A. (372)
2026-01-08 03:25:09,309 [INFO] Updated politician Letlow, Julia (373)
2026-01-08 03:25:09,792 [INFO] Updated politician Obernolte, Jay (374)
2026-01-08 03:25:10,272 [INFO] Updated politician Kim, Young (375)
2026-01-08 03:25:10,752 [INFO] Updated politician Van Duyne, Beth (376)
2026-01-08 03:25:11,237 [INFO] Updated politician Strickland, Marilyn (377)
2026-01-08 03:25:11,742 [INFO] Updated politician Owens, Burgess (378)
2026-01-08 03:25:12,255 [INFO] Updated politician Nehls, Troy E. (379)
2026-01-08 03:25:12,736 [INFO] Updated politician Moore, Blake D. (380)
2026-01-08 03:25:13,218 [INFO] Updated politician Jacobs, Sara (381)
2026-01-08 03:25:13,694 [INFO] Updated politician Jackson, Ronny (382)
2026-01-08 03:25:14,197 [INFO] Updated politician Gonzales, Tony (383)
2026-01-08 03:25:14,741 [INFO] Updated politician Fitzgerald, Scott (384)
2026-01-08 03:25:15,244 [INFO] Updated politician Harder, Josh (385)
2026-01-08 03:25:15,733 [INFO] Updated politician Stanton, Greg (386)
2026-01-08 03:25:16,217 [INFO] Updated politician Panetta, Jimmy (387)
2026-01-08 03:25:16,717 [INFO] Updated politician Lieu, Ted (388)
2026-01-08 03:25:17,382 [INFO] Updated politician Aguilar, Pete (389)
2026-01-08 03:25:17,884 [INFO] Updated politician DeSaulnier, Mark (390)
2026-01-08 03:25:18,405 [INFO] Updated politician Peters, Scott H. (391)
2026-01-08 03:25:18,609 [INFO] Progress: 300/5200 members ingested
2026-01-08 03:25:19,295 [INFO] Updated politician Vargas, Juan (392)
2026-01-08 03:25:19,788 [INFO] Updated politician Takano, Mark (393)
2026-01-08 03:25:20,276 [INFO] Updated politician Ruiz, Raul (394)
2026-01-08 03:25:20,773 [INFO] Updated politician Valadao, David G. (395)
2026-01-08 03:25:21,254 [INFO] Updated politician Swalwell, Eric (396)
2026-01-08 03:25:21,730 [INFO] Updated politician Bera, Ami (397)
2026-01-08 03:25:22,226 [INFO] Updated politician Garamendi, John (398)
2026-01-08 03:25:22,749 [INFO] Updated politician Chu, Judy (399)
2026-01-08 03:25:23,243 [INFO] Updated politician Schweikert, David (400)
2026-01-08 03:25:23,763 [INFO] Updated politician Gosar, Paul A. (401)
2026-01-08 03:25:24,307 [INFO] Updated politician McClintock, Tom (402)
2026-01-08 03:25:24,825 [INFO] Updated politician Matsui, Doris O. (403)
2026-01-08 03:25:25,353 [INFO] Updated politician Thompson, Mike (404)
2026-01-08 03:25:25,836 [INFO] Updated politician Sherman, Brad (405)
2026-01-08 03:25:26,361 [INFO] Updated politician Sessions, Pete (406)
2026-01-08 03:25:26,899 [INFO] Updated politician Costa, Jim (407)
2026-01-08 03:25:27,374 [INFO] Updated politician Issa, Darrell (408)
2026-01-08 03:25:27,879 [INFO] Updated politician Calvert, Ken (409)
2026-01-08 03:25:28,412 [INFO] Updated politician Lofgren, Zoe (410)
2026-01-08 03:25:28,896 [INFO] Updated politician Williams, Nikema (411)
2026-01-08 03:25:29,385 [INFO] Updated politician Torres, Ritchie (412)
2026-01-08 03:25:29,878 [INFO] Updated politician Spartz, Victoria (413)
2026-01-08 03:25:30,404 [INFO] Updated politician Salazar, Maria Elvira (414)
2026-01-08 03:25:30,928 [INFO] Updated politician Ross, Deborah K. (415)
2026-01-08 03:25:31,444 [INFO] Updated politician Pfluger, August (416)
2026-01-08 03:25:31,939 [INFO] Updated politician Mrvan, Frank J. (417)
2026-01-08 03:25:32,446 [INFO] Updated politician Miller, Mary E. (418)
2026-01-08 03:25:32,954 [INFO] Updated politician Mann, Tracey (419)
2026-01-08 03:25:33,450 [INFO] Updated politician Malliotakis, Nicole (420)
2026-01-08 03:25:33,983 [INFO] Updated politician Mace, Nancy (421)
2026-01-08 03:25:34,504 [INFO] Updated politician Leger Fernandez, Teresa (422)
2026-01-08 03:25:34,992 [INFO] Updated politician Harshbarger, Diana (423)
2026-01-08 03:25:35,477 [INFO] Updated politician Garbarino, Andrew R. (424)
2026-01-08 03:25:36,002 [INFO] Updated politician Fischbach, Michelle (425)
2026-01-08 03:25:36,492 [INFO] Updated politician Feenstra, Randy (426)
2026-01-08 03:25:36,976 [INFO] Updated politician Fallon, Pat (427)
2026-01-08 03:25:37,502 [INFO] Updated politician Donalds, Byron (428)
2026-01-08 03:25:38,005 [INFO] Updated politician Clyde, Andrew S. (429)
2026-01-08 03:25:38,515 [INFO] Updated politician Cammack, Kat (430)
2026-01-08 03:25:39,019 [INFO] Updated politician Bice, Stephanie I. (431)
2026-01-08 03:25:39,553 [INFO] Updated politician Bentz, Cliff (432)
2026-01-08 03:25:40,058 [INFO] Updated politician Auchincloss, Jake (433)
2026-01-08 03:25:40,576 [INFO] Updated politician Tiffany, Thomas P. (434)
2026-01-08 03:25:41,055 [INFO] Updated politician Murphy, Gregory F. (435)
2026-01-08 03:25:41,533 [INFO] Updated politician Golden, Jared F. (436)
2026-01-08 03:25:42,018 [INFO] Updated politician Steil, Bryan (437)
2026-01-08 03:25:42,493 [INFO] Updated politician Schrier, Kim (438)
2026-01-08 03:25:43,158 [INFO] Updated politician Cline, Ben (439)
2026-01-08 03:25:43,656 [INFO] Updated politician Garcia, Sylvia R. (440)
2026-01-08 03:25:44,203 [INFO] Updated politician Roy, Chip (441)
2026-01-08 03:25:44,372 [INFO] Progress: 350/5200 members ingested
2026-01-08 03:25:45,037 [INFO] Updated politician Escobar, Veronica (442)
2026-01-08 03:25:45,515 [INFO] Updated politician Fletcher, Lizzie (443)
2026-01-08 03:25:46,000 [INFO] Updated politician Gooden, Lance (444)
2026-01-08 03:25:46,545 [INFO] Updated politician Crenshaw, Dan (445)
2026-01-08 03:25:47,047 [INFO] Updated politician Rose, John W. (446)
2026-01-08 03:25:47,603 [INFO] Updated politician Burchett, Tim (447)
2026-01-08 03:25:48,139 [INFO] Updated politician Johnson, Dusty (448)
2026-01-08 03:25:48,702 [INFO] Updated politician Timmons, William R. (449)
2026-01-08 03:25:49,237 [INFO] Updated politician Reschenthaler, Guy (450)
2026-01-08 03:25:49,712 [INFO] Updated politician Joyce, John (451)
2026-01-08 03:25:50,230 [INFO] Updated politician Meuser, Daniel (452)
2026-01-08 03:25:50,712 [INFO] Updated politician Houlahan, Chrissy (453)
2026-01-08 03:25:51,193 [INFO] Updated politician Dean, Madeleine (454)
2026-01-08 03:25:51,676 [INFO] Updated politician Van Drew, Jefferson (455)
2026-01-08 03:25:52,157 [INFO] Updated politician Craig, Angie (456)
2026-01-08 03:25:52,634 [INFO] Updated politician García, Jesús G. "Chuy" (457)
2026-01-08 03:25:53,132 [INFO] Updated politician Smucker, Lloyd (458)
2026-01-08 03:25:53,611 [INFO] Updated politician Evans, Dwight (459)
2026-01-08 03:25:54,094 [INFO] Updated politician Boyle, Brendan F. (460)
2026-01-08 03:25:54,570 [INFO] Updated politician Perry, Scott (461)
2026-01-08 03:25:55,060 [INFO] Updated politician Kelly, Mike (462)
2026-01-08 03:25:55,531 [INFO] Updated politician Thompson, Glenn (463)
2026-01-08 03:25:56,011 [INFO] Updated politician Mfume, Kweisi (464)
2026-01-08 03:25:56,492 [INFO] Updated politician Walkinshaw, James R. (465)
2026-01-08 03:25:56,991 [INFO] Updated politician Ocasio-Cortez, Alexandria (466)
2026-01-08 03:25:57,481 [INFO] Updated politician Lee, Susie (467)
2026-01-08 03:25:57,974 [INFO] Updated politician Pappas, Chris (468)
2026-01-08 03:25:58,474 [INFO] Updated politician Guest, Michael (469)
2026-01-08 03:25:58,954 [INFO] Updated politician Stauber, Pete (470)
2026-01-08 03:25:59,442 [INFO] Updated politician Omar, Ilhan (471)
2026-01-08 03:25:59,937 [INFO] Updated politician Stevens, Haley M. (472)
2026-01-08 03:26:00,460 [INFO] Updated politician Pressley, Ayanna (473)
2026-01-08 03:26:00,961 [INFO] Updated politician Trahan, Lori (474)
2026-01-08 03:26:01,459 [INFO] Updated politician Davids, Sharice (475)
2026-01-08 03:26:01,959 [INFO] Updated politician Baird, James R. (476)
2026-01-08 03:26:02,427 [INFO] Updated politician Underwood, Lauren (477)
2026-01-08 03:26:02,918 [INFO] Updated politician Casten, Sean (478)
2026-01-08 03:26:03,447 [INFO] Updated politician Fulcher, Russ (479)
2026-01-08 03:26:03,936 [INFO] Updated politician Steube, W. Gregory (480)
2026-01-08 03:26:04,417 [INFO] Updated politician Hayes, Jahana (481)
2026-01-08 03:26:04,893 [INFO] Updated politician Crow, Jason (482)
2026-01-08 03:26:05,378 [INFO] Updated politician Neguse, Joe (483)
2026-01-08 03:26:05,893 [INFO] Updated politician Levin, Mike (484)
2026-01-08 03:26:06,423 [INFO] Updated politician Hern, Kevin (485)
2026-01-08 03:26:06,921 [INFO] Updated politician Morelle, Joseph D. (486)
2026-01-08 03:26:07,414 [INFO] Updated politician Balderson, Troy (487)
2026-01-08 03:26:07,899 [INFO] Updated politician Cloud, Michael (488)
2026-01-08 03:26:08,551 [INFO] Updated politician Gomez, Jimmy (489)
2026-01-08 03:26:09,032 [INFO] Updated politician Norman, Ralph (490)
2026-01-08 03:26:09,513 [INFO] Updated politician Estes, Ron (491)
2026-01-08 03:26:09,677 [INFO] Progress: 400/5200 members ingested
2026-01-08 03:26:10,478 [INFO] Created politician Jayapal, Pramila -> 924
2026-01-08 03:26:11,112 [INFO] Created politician Arrington, Jodey C. -> 925
2026-01-08 03:26:11,772 [INFO] Created politician Kustoff, David -> 926
2026-01-08 03:26:12,453 [INFO] Created politician Fitzpatrick, Brian K. -> 927
2026-01-08 03:26:13,101 [INFO] Created politician Espaillat, Adriano -> 928
2026-01-08 03:26:13,793 [INFO] Created politician Gottheimer, Josh -> 929
2026-01-08 03:26:14,439 [INFO] Created politician Bacon, Don -> 930
2026-01-08 03:26:15,119 [INFO] Created politician Bergman, Jack -> 931
2026-01-08 03:26:15,775 [INFO] Created politician Raskin, Jamie -> 932
2026-01-08 03:26:16,412 [INFO] Created politician Johnson, Mike -> 933
2026-01-08 03:26:17,080 [INFO] Created politician Higgins, Clay -> 934
2026-01-08 03:26:17,719 [INFO] Created politician Krishnamoorthi, Raja -> 935
2026-01-08 03:26:18,378 [INFO] Created politician Soto, Darren -> 936
2026-01-08 03:26:19,078 [INFO] Created politician Correa, J. Luis -> 937
2026-01-08 03:26:19,732 [INFO] Created politician Barragán, Nanette Diaz -> 938
2026-01-08 03:26:20,393 [INFO] Created politician Carbajal, Salud O. -> 939
2026-01-08 03:26:21,075 [INFO] Created politician Horsford, Steven -> 940
2026-01-08 03:26:21,716 [INFO] Created politician Schneider, Bradley Scott -> 941
2026-01-08 03:26:22,351 [INFO] Created politician Webster, Daniel -> 942
2026-01-08 03:26:23,084 [INFO] Created politician Case, Ed -> 943
2026-01-08 03:26:23,752 [INFO] Created politician Min, Dave -> 944
2026-01-08 03:26:24,434 [INFO] Created politician Hurd, Jeff -> 945
2026-01-08 03:26:25,114 [INFO] Created politician Biggs, Andy -> 946
2026-01-08 03:26:25,773 [INFO] Created politician Khanna, Ro -> 947
2026-01-08 03:26:26,414 [INFO] Created politician Comer, James -> 948
2026-01-08 03:26:27,053 [INFO] Created politician Davidson, Warren -> 949
2026-01-08 03:26:27,702 [INFO] Created politician Kelly, Trent -> 950
2026-01-08 03:26:28,357 [INFO] Created politician Grothman, Glenn -> 951
2026-01-08 03:26:28,992 [INFO] Created politician Newhouse, Dan -> 952
2026-01-08 03:26:29,632 [ERROR] Failed to ingest member P000610: new row for relation "politicians" violates check constraint "chk_politicians_state_code_valid"
DETAIL:  Failing row contains (953, Plaskett, Stacey E., Democrat, VI, null, Representative, null, null, 2026-01-08 08:26:08.99984+00, 2026-01-08 08:26:08.99984+00).

2026-01-08 03:26:30,595 [INFO] Created politician Beyer, Donald S. -> 954
2026-01-08 03:26:31,235 [INFO] Created politician Babin, Brian -> 955
2026-01-08 03:26:31,874 [INFO] Created politician Stefanik, Elise M. -> 956
2026-01-08 03:26:32,536 [INFO] Created politician Watson Coleman, Bonnie -> 957
2026-01-08 03:26:33,209 [INFO] Created politician Rouzer, David -> 958
2026-01-08 03:26:33,873 [INFO] Created politician Emmer, Tom -> 959
2026-01-08 03:26:34,522 [INFO] Created politician Moulton, Seth -> 960
2026-01-08 03:26:35,211 [INFO] Created politician Bost, Mike -> 961
2026-01-08 03:26:35,917 [INFO] Created politician Allen, Rick W. -> 962
2026-01-08 03:26:36,597 [INFO] Created politician Loudermilk, Barry -> 963
2026-01-08 03:26:37,316 [INFO] Created politician Carter, Earl L. "Buddy" -> 964
2026-01-08 03:26:37,955 [INFO] Created politician Torres, Norma J. -> 965
2026-01-08 03:26:38,617 [INFO] Created politician Westerman, Bruce -> 966
2026-01-08 03:26:39,295 [INFO] Created politician Hill, J. French -> 967
2026-01-08 03:26:39,935 [ERROR] Failed to ingest member R000600: new row for relation "politicians" violates check constraint "chk_politicians_state_code_valid"
DETAIL:  Failing row contains (968, Radewagen, Aumua Amata Coleman, Republican, AS, null, Representative, null, null, 2026-01-08 08:26:29.119772+00, 2026-01-08 08:26:29.119772+00).

2026-01-08 03:26:40,729 [INFO] Updated politician Palmer, Gary J. (537)
2026-01-08 03:26:41,215 [INFO] Updated politician Norcross, Donald (538)
2026-01-08 03:26:41,855 [INFO] Updated politician Adams, Alma S. (539)
2026-01-08 03:26:42,344 [INFO] Updated politician Clark, Katherine M. (540)
2026-01-08 03:26:42,820 [INFO] Updated politician Smith, Jason (541)
2026-01-08 03:26:43,332 [INFO] Updated politician Barr, Andy (542)
2026-01-08 03:26:43,845 [INFO] Updated politician Clarke, Yvette D. (543)
2026-01-08 03:26:44,013 [INFO] Progress: 450/5200 members ingested
2026-01-08 03:26:44,705 [INFO] Updated politician Tonko, Paul (544)
2026-01-08 03:26:45,213 [INFO] Updated politician Kelly, Robin L. (545)
2026-01-08 03:26:45,714 [INFO] Updated politician Meeks, Gregory W. (546)
2026-01-08 03:26:46,211 [INFO] Updated politician Velázquez, Nydia M. (547)
2026-01-08 03:26:46,694 [INFO] Updated politician Turner, Michael R. (548)
2026-01-08 03:26:47,193 [INFO] Updated politician Tran, Derek (549)
2026-01-08 03:26:47,678 [INFO] Updated politician Pocan, Mark (550)
2026-01-08 03:26:48,159 [INFO] Updated politician Veasey, Marc A. (551)
2026-01-08 03:26:48,637 [INFO] Updated politician Williams, Roger (552)
2026-01-08 03:26:49,118 [INFO] Updated politician Castro, Joaquin (553)
2026-01-08 03:26:49,618 [INFO] Updated politician Weber, Randy K. Sr. (554)
2026-01-08 03:26:50,122 [INFO] Updated politician Joyce, David P. (555)
2026-01-08 03:26:50,611 [INFO] Updated politician Beatty, Joyce (556)
2026-01-08 03:26:51,094 [INFO] Updated politician Jeffries, Hakeem S. (557)
2026-01-08 03:26:51,576 [INFO] Updated politician Meng, Grace (558)
2026-01-08 03:26:52,057 [INFO] Updated politician Wagner, Ann (559)
2026-01-08 03:26:52,581 [INFO] Updated politician Brownley, Julia (560)
2026-01-08 03:26:53,084 [INFO] Updated politician Huffman, Jared (561)
2026-01-08 03:26:53,565 [INFO] Updated politician DelBene, Suzan K. (562)
2026-01-08 03:26:54,053 [INFO] Updated politician Massie, Thomas (563)
2026-01-08 03:26:54,535 [INFO] Updated politician Bonamici, Suzanne (564)
2026-01-08 03:26:55,012 [INFO] Updated politician Amodei, Mark E. (565)
2026-01-08 03:26:55,515 [INFO] Updated politician Wittman, Robert J. (566)
2026-01-08 03:26:56,015 [INFO] Updated politician Latta, Robert E. (567)
2026-01-08 03:26:56,502 [INFO] Updated politician Griffith, H. Morgan (568)
2026-01-08 03:26:56,994 [INFO] Updated politician DesJarlais, Scott (569)
2026-01-08 03:26:57,499 [INFO] Updated politician Fleischmann, Charles J. "Chuck" (570)
2026-01-08 03:26:57,979 [INFO] Updated politician Harris, Andy (571)
2026-01-08 03:26:58,472 [INFO] Updated politician Keating, William R. (572)
2026-01-08 03:26:59,001 [INFO] Updated politician Scott, Austin (573)
2026-01-08 03:26:59,474 [INFO] Updated politician Wilson, Frederica S. (574)
2026-01-08 03:26:59,974 [INFO] Updated politician Womack, Steve (575)
2026-01-08 03:27:00,504 [INFO] Updated politician Sewell, Terri A. (576)
2026-01-08 03:27:01,017 [INFO] Updated politician Cohen, Steve (577)
2026-01-08 03:27:01,497 [INFO] Updated politician Jordan, Jim (578)
2026-01-08 03:27:01,975 [INFO] Updated politician Buchanan, Vern (579)
2026-01-08 03:27:02,476 [INFO] Updated politician Castor, Kathy (580)
2026-01-08 03:27:02,975 [INFO] Updated politician Bilirakis, Gus M. (581)
2026-01-08 03:27:03,482 [INFO] Updated politician Quigley, Mike (582)
2026-01-08 03:27:03,963 [INFO] Updated politician Titus, Dina (583)
2026-01-08 03:27:04,463 [INFO] Updated politician Pingree, Chellie (584)
2026-01-08 03:27:04,954 [INFO] Updated politician Guthrie, Brett (585)
2026-01-08 03:27:05,434 [INFO] Updated politician Himes, James A. (586)
2026-01-08 03:27:05,926 [INFO] Updated politician Scalise, Steve (587)
2026-01-08 03:27:06,415 [INFO] Updated politician Foster, Bill (588)
2026-01-08 03:27:07,080 [INFO] Updated politician Carson, André (589)
2026-01-08 03:27:07,558 [INFO] Updated politician McGovern, James P. (590)
2026-01-08 03:27:08,059 [INFO] Updated politician Neal, Richard E. (591)
2026-01-08 03:27:08,539 [INFO] Updated politician Moore, Gwen (592)
2026-01-08 03:27:09,010 [INFO] Updated politician Scott, David (593)
2026-01-08 03:27:09,176 [INFO] Progress: 500/5200 members ingested
2026-01-08 03:27:09,814 [INFO] Updated politician Sánchez, Linda T. (594)
2026-01-08 03:27:10,296 [INFO] Updated politician Lynch, Stephen F. (595)
2026-01-08 03:27:10,774 [INFO] Updated politician Simon, Lateefah (596)
2026-01-08 03:27:11,266 [INFO] Updated politician Randall, Emily (597)
2026-01-08 03:27:11,823 [INFO] Updated politician Rivas, Luz M. (598)
2026-01-08 03:27:12,347 [INFO] Updated politician Liccardo, Sam T. (599)
2026-01-08 03:27:12,871 [INFO] Updated politician Hamadeh, Abraham J. (600)
2026-01-08 03:27:13,383 [INFO] Updated politician Gray, Adam (601)
2026-01-08 03:27:13,888 [INFO] Updated politician Begich, Nicholas J. (602)
2026-01-08 03:27:14,424 [INFO] Updated politician Ansari, Yassamin (603)
2026-01-08 03:27:14,933 [INFO] Updated politician Smith, Adrian (604)
2026-01-08 03:27:15,446 [INFO] Updated politician Johnson, Henry C. "Hank" (605)
2026-01-08 03:27:15,981 [INFO] Updated politician Courtney, Joe (606)
2026-01-08 03:27:16,534 [INFO] Updated politician Pallone, Frank (607)
2026-01-08 03:27:17,072 [INFO] Updated politician Simpson, Michael K. (608)
2026-01-08 03:27:17,632 [INFO] Updated politician Schakowsky, Janice D. (609)
2026-01-08 03:27:18,220 [INFO] Updated politician Larson, John B. (610)
2026-01-08 03:27:18,712 [INFO] Updated politician Smith, Adam (611)
2026-01-08 03:27:19,220 [INFO] Updated politician DeGette, Diana (612)
2026-01-08 03:27:19,731 [INFO] Updated politician Davis, Danny K. (613)
2026-01-08 03:27:20,242 [INFO] Updated politician Aderholt, Robert B. (614)
2026-01-08 03:27:20,748 [INFO] Updated politician Thompson, Bennie G. (615)
2026-01-08 03:27:21,263 [INFO] Updated politician Smith, Christopher H. (616)
2026-01-08 03:27:21,769 [INFO] Updated politician Scott, Robert C. "Bobby" (617)
2026-01-08 03:27:22,285 [INFO] Updated politician Rogers, Harold (618)
2026-01-08 03:27:22,816 [INFO] Updated politician Bishop, Sanford D. (619)
2026-01-08 03:27:23,327 [INFO] Updated politician Lucas, Frank D. (620)
2026-01-08 03:27:23,812 [INFO] Updated politician Cuellar, Henry (621)
2026-01-08 03:27:24,320 [INFO] Updated politician McCaul, Michael T. (622)
2026-01-08 03:27:24,861 [INFO] Updated politician Foxx, Virginia (623)
2026-01-08 03:27:25,364 [INFO] Updated politician Cleaver, Emanuel (624)
2026-01-08 03:27:25,853 [INFO] Updated politician Carter, John R. (625)
2026-01-08 03:27:26,338 [INFO] Updated politician Cole, Tom (626)
2026-01-08 03:27:26,869 [INFO] Updated politician Rogers, Mike D. (627)
2026-01-08 03:27:27,439 [INFO] Updated politician Wilson, Joe (628)
2026-01-08 03:27:27,938 [INFO] Updated politician Larsen, Rick (629)
2026-01-08 03:27:28,425 [INFO] Updated politician Graves, Sam (630)
2026-01-08 03:27:28,936 [INFO] Updated politician McCollum, Betty (631)
2026-01-08 03:27:29,422 [INFO] Updated politician Clyburn, James E. (632)
2026-01-08 03:27:29,915 [INFO] Updated politician Kaptur, Marcy (633)
2026-01-08 03:27:30,420 [INFO] Updated politician Hoyer, Steny H. (634)
2026-01-08 03:27:30,916 [INFO] Updated politician Nolan, Richard M. (635)
2026-01-08 03:27:31,417 [INFO] Updated politician Anthony, Beryl, Jr. (636)
2026-01-08 03:27:31,921 [INFO] Updated politician Waltz, Michael (637)
2026-01-08 03:27:32,420 [INFO] Updated politician Gallagher, Mike (638)
2026-01-08 03:27:33,081 [INFO] Updated politician Gaetz, Matt (639)
2026-01-08 03:27:33,587 [INFO] Updated politician Johnson, Bill (640)
2026-01-08 03:27:34,096 [INFO] Updated politician Higgins, Brian (641)
2026-01-08 03:27:34,581 [INFO] Updated politician Steiger, William A. (642)
2026-01-08 03:27:35,097 [INFO] Updated politician Oakar, Mary Rose (643)
2026-01-08 03:27:35,256 [INFO] Progress: 550/5200 members ingested
2026-01-08 03:27:36,055 [INFO] Created politician Burton, John -> 969
2026-01-08 03:27:36,719 [INFO] Created politician Green, Mark E. -> 970
2026-01-08 03:27:37,389 [INFO] Created politician Cunningham, Randy (Duke) -> 971
2026-01-08 03:27:38,090 [INFO] Created politician Castle, Michael N. -> 972
2026-01-08 03:27:38,779 [INFO] Created politician Clay, William (Bill) -> 973
2026-01-08 03:27:39,468 [INFO] Created politician McCarthy, Carolyn -> 974
2026-01-08 03:27:40,139 [INFO] Created politician Williams, Pat -> 975
2026-01-08 03:27:40,797 [INFO] Created politician Farenthold, Blake -> 976
2026-01-08 03:27:41,501 [INFO] Created politician Nedzi, Lucien N. -> 977
2026-01-08 03:27:42,142 [INFO] Created politician Rangel, Charles B. -> 978
2026-01-08 03:27:42,796 [INFO] Created politician Connolly, Gerald E. -> 979
2026-01-08 03:27:43,437 [INFO] Created politician Bond, Christopher S. -> 980
2026-01-08 03:27:44,094 [INFO] Created politician McMillan, J. Alex -> 981
2026-01-08 03:27:44,756 [INFO] Created politician Sweeney, David McCann -> 982
2026-01-08 03:27:45,416 [INFO] Created politician Filner, Bob -> 983
2026-01-08 03:27:46,076 [INFO] Created politician Cicilline, David N. -> 984
2026-01-08 03:27:46,734 [INFO] Created politician McCarthy, Kevin -> 985
2026-01-08 03:27:47,394 [INFO] Created politician LaFalce, John J. -> 986
2026-01-08 03:27:48,057 [INFO] Created politician Grijalva, Raúl M. -> 987
2026-01-08 03:27:48,724 [INFO] Created politician Watkins, Wes -> 988
2026-01-08 03:27:49,422 [INFO] Created politician Johnston, J. Bennett -> 989
2026-01-08 03:27:50,087 [INFO] Created politician Love, Mia B. -> 990
2026-01-08 03:27:50,749 [INFO] Created politician Lowey, Nita M. -> 991
2026-01-08 03:27:51,491 [INFO] Created politician Simpson, Alan K. -> 992
2026-01-08 03:27:52,219 [INFO] Created politician Diaz-Balart, Lincoln -> 993
2026-01-08 03:27:52,894 [INFO] Created politician Turner, Sylvester -> 994
2026-01-08 03:27:53,674 [INFO] Created politician Byron, Beverly B. -> 995
2026-01-08 03:27:54,382 [INFO] Created politician Boren, David L. -> 996
2026-01-08 03:27:55,016 [INFO] Created politician Tucker, James G., Jr. (Jim Guy) -> 997
2026-01-08 03:27:55,681 [INFO] Created politician Good, Bob -> 998
2026-01-08 03:27:56,349 [INFO] Updated politician Menendez, Robert (310)
2026-01-08 03:27:57,064 [INFO] Created politician Pascrell, Bill -> 999
2026-01-08 03:27:57,740 [INFO] Created politician Armstrong, Kelly -> 1000
2026-01-08 03:27:58,426 [INFO] Created politician Rubio, Marco -> 1001
2026-01-08 03:27:59,070 [INFO] Created politician Vance, J. D. -> 1002
2026-01-08 03:27:59,774 [INFO] Created politician MacKay, Buddy -> 1003
2026-01-08 03:28:00,438 [INFO] Created politician Williams, Brandon -> 1004
2026-01-08 03:28:01,097 [INFO] Created politician Wild, Susan -> 1005
2026-01-08 03:28:01,758 [INFO] Created politician Wexton, Jennifer -> 1006
2026-01-08 03:28:02,458 [INFO] Created politician Wenstrup, Brad R. -> 1007
2026-01-08 03:28:03,148 [INFO] Created politician Trone, David J. -> 1008
2026-01-08 03:28:03,871 [INFO] Created politician Spanberger, Abigail Davis -> 1009
2026-01-08 03:28:04,528 [ERROR] Failed to ingest member S001177: new row for relation "politicians" violates check constraint "chk_politicians_state_code_valid"
DETAIL:  Failing row contains (1010, Sablan, Gregorio Kilili Camacho, Democrat, MP, null, Representative, null, null, 2026-01-08 08:27:34.580197+00, 2026-01-08 08:27:34.580197+00).

2026-01-08 03:28:05,338 [INFO] Updated politician Sarbanes, John P. (686)
2026-01-08 03:28:05,817 [INFO] Updated politician Steel, Michelle (687)
2026-01-08 03:28:06,478 [INFO] Updated politician Ruppersberger, C. A. Dutch (688)
2026-01-08 03:28:06,958 [INFO] Updated politician Rosendale, Matthew M. (689)
2026-01-08 03:28:07,439 [INFO] Updated politician Peltola, Mary Sattler (690)
2026-01-08 03:28:07,937 [INFO] Updated politician Porter, Katie (691)
2026-01-08 03:28:08,436 [INFO] Updated politician Phillips, Dean (692)
2026-01-08 03:28:08,942 [INFO] Updated politician Pence, Greg (693)
2026-01-08 03:28:09,104 [INFO] Progress: 600/5200 members ingested
2026-01-08 03:28:09,759 [INFO] Updated politician Posey, Bill (694)
2026-01-08 03:28:10,256 [INFO] Updated politician Nickel, Wiley (695)
2026-01-08 03:28:10,716 [INFO] Updated politician Napolitano, Grace F. (696)
2026-01-08 03:28:11,193 [INFO] Updated politician Molinaro, Marcus J. (697)
2026-01-08 03:28:11,680 [INFO] Updated politician Mooney, Alexander X. (698)
2026-01-08 03:28:12,165 [INFO] Updated politician McMorris Rodgers, Cathy (699)
2026-01-08 03:28:12,720 [INFO] Updated politician McHenry, Patrick T. (700)
2026-01-08 03:28:13,221 [INFO] Updated politician Manning, Kathy E. (701)
2026-01-08 03:28:13,703 [INFO] Updated politician Lee Carter, Erica (702)
2026-01-08 03:28:14,198 [INFO] Updated politician Lopez, Greg (703)
2026-01-08 03:28:14,683 [INFO] Updated politician Lesko, Debbie (704)
2026-01-08 03:28:15,179 [INFO] Updated politician Luetkemeyer, Blaine (705)
2026-01-08 03:28:15,659 [INFO] Updated politician Lamborn, Doug (706)
2026-01-08 03:28:16,138 [INFO] Updated politician Lee, Barbara (707)
2026-01-08 03:28:16,620 [INFO] Updated politician LaTurner, Jake (708)
2026-01-08 03:28:17,102 [INFO] Updated politician Kuster, Ann M. (709)
2026-01-08 03:28:17,580 [INFO] Updated politician Kilmer, Derek (710)
2026-01-08 03:28:18,131 [INFO] Updated politician Kildee, Daniel T. (711)
2026-01-08 03:28:18,641 [INFO] Updated politician Graves, Garret (712)
2026-01-08 03:28:19,118 [INFO] Updated politician Granger, Kay (713)
2026-01-08 03:28:19,599 [INFO] Updated politician Garcia, Mike (714)
2026-01-08 03:28:20,077 [INFO] Updated politician Ferguson, A. Drew (715)
2026-01-08 03:28:20,558 [INFO] Updated politician Eshoo, Anna G. (716)
2026-01-08 03:28:21,037 [INFO] Updated politician Duarte, John S. (717)
2026-01-08 03:28:21,521 [INFO] Updated politician D'Esposito, Anthony (718)
2026-01-08 03:28:22,000 [INFO] Updated politician Duncan, Jeff (719)
2026-01-08 03:28:22,477 [INFO] Updated politician Chavez-DeRemer, Lori (720)
2026-01-08 03:28:22,957 [INFO] Updated politician Caraveo, Yadira (721)
2026-01-08 03:28:23,521 [INFO] Updated politician Cárdenas, Tony (722)
2026-01-08 03:28:24,048 [INFO] Updated politician Cartwright, Matt (723)
2026-01-08 03:28:24,593 [INFO] Updated politician Carl, Jerry L. (724)
2026-01-08 03:28:25,141 [INFO] Updated politician Bishop, Dan (725)
2026-01-08 03:28:25,635 [INFO] Updated politician Bucshon, Larry (726)
2026-01-08 03:28:26,124 [INFO] Updated politician Burgess, Michael C. (727)
2026-01-08 03:28:26,617 [INFO] Updated politician Bush, Cori (728)
2026-01-08 03:28:27,148 [INFO] Updated politician Bowman, Jamaal (729)
2026-01-08 03:28:27,645 [INFO] Updated politician Blumenauer, Earl (730)
2026-01-08 03:28:28,183 [INFO] Updated politician Allred, Colin Z. (731)
2026-01-08 03:28:28,686 [INFO] Updated politician Casey, Robert P., Jr. (732)
2026-01-08 03:28:29,190 [INFO] Updated politician Tester, Jon (733)
2026-01-08 03:28:29,750 [INFO] Updated politician Sinema, Kyrsten (734)
2026-01-08 03:28:30,270 [INFO] Updated politician Stabenow, Debbie (735)
2026-01-08 03:28:30,809 [INFO] Updated politician Romney, Mitt (736)
2026-01-08 03:28:31,332 [INFO] Updated politician Manchin, Joe, III (737)
2026-01-08 03:28:32,045 [INFO] Updated politician Carper, Thomas R. (738)
2026-01-08 03:28:32,606 [INFO] Updated politician Cardin, Benjamin L. (739)
2026-01-08 03:28:33,099 [INFO] Updated politician Braun, Mike (740)
2026-01-08 03:28:33,580 [INFO] Updated politician Brown, Sherrod (741)
2026-01-08 03:28:34,075 [INFO] Updated politician Helmy, George S. (742)
2026-01-08 03:28:34,557 [INFO] Updated politician Butler, Laphonza R. (743)
2026-01-08 03:28:34,719 [INFO] Progress: 650/5200 members ingested
2026-01-08 03:28:35,516 [INFO] Created politician Santos, George -> 1011
2026-01-08 03:28:36,196 [INFO] Created politician Jackson, Jeff -> 1012
2026-01-08 03:28:36,879 [ERROR] Failed to ingest member G000582: new row for relation "politicians" violates check constraint "chk_politicians_state_code_valid"
DETAIL:  Failing row contains (1013, González-Colón, Jenniffer, Republican, PR, null, Representative, null, null, 2026-01-08 08:28:34.039881+00, 2026-01-08 08:28:34.039881+00).

2026-01-08 03:28:37,868 [INFO] Created politician Sasse, Ben -> 1014
2026-01-08 03:28:38,558 [INFO] Created politician Buck, Ken -> 1015
2026-01-08 03:28:39,233 [INFO] Created politician Stewart, Chris -> 1016
2026-01-08 03:28:39,898 [INFO] Created politician Payne, Donald M. -> 1017
2026-01-08 03:28:40,554 [INFO] Created politician Feinstein, Dianne -> 1018
2026-01-08 03:28:41,224 [INFO] Created politician Jackson Lee, Sheila -> 1019
2026-01-08 03:28:41,858 [INFO] Created politician Blackburn, Ben -> 1020
2026-01-08 03:28:42,538 [INFO] Created politician Keys, Martha E. -> 1021
2026-01-08 03:28:43,197 [INFO] Created politician Spratt, John M., Jr. -> 1022
2026-01-08 03:28:43,863 [INFO] Created politician Leach, James A. -> 1023
2026-01-08 03:28:44,498 [INFO] Created politician Patterson, Jerry M. -> 1024
2026-01-08 03:28:45,160 [INFO] Created politician Ireland, Andrew P. -> 1025
2026-01-08 03:28:45,799 [INFO] Created politician Hobson, David L. -> 1026
2026-01-08 03:28:46,491 [INFO] Created politician Johnson, Tim -> 1027
2026-01-08 03:28:47,155 [INFO] Created politician Curson, David Alan -> 1028
2026-01-08 03:28:47,798 [INFO] Created politician Evans, Daniel J. -> 1029
2026-01-08 03:28:48,466 [INFO] Created politician Sasser, Jim -> 1030
2026-01-08 03:28:49,186 [INFO] Created politician Carr, Bob -> 1031
2026-01-08 03:28:49,867 [INFO] Created politician Nowak, Henry -> 1032
2026-01-08 03:28:50,601 [INFO] Created politician Symms, Steven D. -> 1033
2026-01-08 03:28:51,296 [INFO] Created politician Robinson, Tommy F. -> 1034
2026-01-08 03:28:52,061 [INFO] Created politician Inhofe, James M. -> 1035
2026-01-08 03:28:52,726 [INFO] Created politician Nethercutt, George R., Jr. -> 1036
2026-01-08 03:28:53,419 [INFO] Created politician Hutchinson, John G. -> 1037
2026-01-08 03:28:54,076 [INFO] Created politician Cannon, Chris -> 1038
2026-01-08 03:28:54,739 [INFO] Created politician McCloskey, Paul N., Jr. -> 1039
2026-01-08 03:28:55,398 [INFO] Created politician Pryor, David H. -> 1040
2026-01-08 03:28:56,060 [INFO] Created politician Murphy, Austin J. -> 1041
2026-01-08 03:28:56,699 [INFO] Created politician Graham, Bob -> 1042
2026-01-08 03:28:57,358 [INFO] Created politician Gunter, Bill -> 1043
2026-01-08 03:28:58,018 [INFO] Created politician Brennan, Joseph E. -> 1044
2026-01-08 03:28:58,658 [INFO] Created politician Delahunt, Bill -> 1045
2026-01-08 03:28:59,323 [INFO] Created politician Lieberman, Joseph I. -> 1046
2026-01-08 03:29:00,000 [INFO] Created politician Everett, Terry -> 1047
2026-01-08 03:29:00,658 [INFO] Created politician McEachin, A. Donald -> 1048
2026-01-08 03:29:01,300 [INFO] Created politician Carnahan, Jean -> 1049
2026-01-08 03:29:01,976 [INFO] Created politician Mottl, Ronald M. -> 1050
2026-01-08 03:29:02,644 [INFO] Created politician Riggs, Frank -> 1051
2026-01-08 03:29:03,383 [INFO] Created politician Johnson, Eddie Bernice -> 1052
2026-01-08 03:29:04,039 [INFO] Created politician Kohl, Herb -> 1053
2026-01-08 03:29:04,673 [INFO] Created politician Hayes, Philip H. -> 1054
2026-01-08 03:29:05,500 [INFO] Created politician Klein, Herbert C. -> 1055
2026-01-08 03:29:06,158 [INFO] Created politician Johnson, James P. (Jim) -> 1056
2026-01-08 03:29:06,824 [INFO] Created politician Bliley, Tom -> 1057
2026-01-08 03:29:07,492 [INFO] Created politician Waldon, Alton R., Jr. -> 1058
2026-01-08 03:29:08,191 [INFO] Created politician Durenberger, Dave -> 1059
2026-01-08 03:29:08,901 [INFO] Created politician Clark, Dick -> 1060
2026-01-08 03:29:09,577 [INFO] Created politician Erdahl, Arlen -> 1061
2026-01-08 03:29:09,740 [INFO] Progress: 700/5200 members ingested
2026-01-08 03:29:10,567 [INFO] Created politician Weber, Ed -> 1062
2026-01-08 03:29:11,251 [INFO] Created politician Faircloth, Lauch -> 1063
2026-01-08 03:29:11,910 [INFO] Created politician Richardson, Bill -> 1064
2026-01-08 03:29:12,635 [INFO] Created politician Sundquist, Don -> 1065
2026-01-08 03:29:13,299 [INFO] Created politician Quie, Albert H. -> 1066
2026-01-08 03:29:13,957 [INFO] Created politician Buckley, James L. -> 1067
2026-01-08 03:29:14,599 [INFO] Created politician Weicker, Lowell P., Jr. -> 1068
2026-01-08 03:29:15,241 [INFO] Created politician Bonker, Don -> 1069
2026-01-08 03:29:15,879 [INFO] Created politician Sawyer, Tom -> 1070
2026-01-08 03:29:16,537 [INFO] Created politician Berry, Marion -> 1071
2026-01-08 03:29:17,220 [INFO] Created politician Stenholm, Charles W. -> 1072
2026-01-08 03:29:17,884 [INFO] Created politician Shuster, Bud -> 1073
2026-01-08 03:29:18,519 [INFO] Created politician Sarasin, Ronald A. -> 1074
2026-01-08 03:29:19,234 [INFO] Created politician Bafalis, L. A. (Skip) -> 1075
2026-01-08 03:29:19,990 [INFO] Created politician Jenrette, John W., Jr. -> 1076
2026-01-08 03:29:20,638 [INFO] Created politician Schroeder, Patricia -> 1077
2026-01-08 03:29:21,285 [INFO] Created politician Donnelly, Brian J. -> 1078
2026-01-08 03:29:21,940 [INFO] Created politician Broyhill, James T. -> 1079
2026-01-08 03:29:22,624 [INFO] Created politician Olver, John W. -> 1080
2026-01-08 03:29:23,280 [INFO] Created politician Abourezk, James -> 1081
2026-01-08 03:29:23,962 [INFO] Created politician Newman, Marie -> 1082
2026-01-08 03:29:24,601 [INFO] Created politician Meijer, Peter -> 1083
2026-01-08 03:29:25,263 [INFO] Created politician Kahele, Kaiali'i -> 1084
2026-01-08 03:29:25,943 [INFO] Created politician Jones, Mondaire -> 1085
2026-01-08 03:29:26,678 [INFO] Created politician Herrell, Yvette -> 1086
2026-01-08 03:29:27,319 [INFO] Created politician Cawthorn, Madison -> 1087
2026-01-08 03:29:27,973 [INFO] Created politician Bourdeaux, Carolyn -> 1088
2026-01-08 03:29:28,646 [INFO] Created politician Jacobs, Chris -> 1089
2026-01-08 03:29:29,311 [INFO] Created politician Keller, Fred -> 1090
2026-01-08 03:29:29,973 [INFO] Created politician Luria, Elaine G. -> 1091
2026-01-08 03:29:30,620 [INFO] Created politician Taylor, Van -> 1092
2026-01-08 03:29:31,300 [INFO] Created politician Gonzalez, Anthony -> 1093
2026-01-08 03:29:31,958 [INFO] Created politician Malinowski, Tom -> 1094
2026-01-08 03:29:32,599 [INFO] Created politician Axne, Cynthia -> 1095
2026-01-08 03:29:33,239 [ERROR] Failed to ingest member S001204: new row for relation "politicians" violates check constraint "chk_politicians_state_code_valid"
DETAIL:  Failing row contains (1096, San Nicolas, Michael F. Q., Democrat, GU, null, Representative, null, null, 2026-01-08 08:29:09.059747+00, 2026-01-08 08:29:09.059747+00).

2026-01-08 03:29:34,202 [INFO] Created politician Lamb, Conor -> 1097
2026-01-08 03:29:34,840 [INFO] Created politician Cheney, Liz -> 1098
2026-01-08 03:29:35,477 [INFO] Created politician Brown, Anthony G. -> 1099
2026-01-08 03:29:36,121 [INFO] Created politician Hollingsworth, Trey -> 1100
2026-01-08 03:29:36,800 [INFO] Created politician Demings, Val Butler -> 1101
2026-01-08 03:29:37,464 [INFO] Created politician Murphy, Stephanie N. -> 1102
2026-01-08 03:29:38,118 [INFO] Created politician Lawson, Al, Jr. -> 1103
2026-01-08 03:29:38,782 [INFO] Created politician O'Halleran, Tom -> 1104
2026-01-08 03:29:39,634 [INFO] Created politician Katko, John -> 1105
2026-01-08 03:29:40,311 [INFO] Created politician Rice, Kathleen M. -> 1106
2026-01-08 03:29:41,002 [INFO] Created politician Zeldin, Lee M. -> 1107
2026-01-08 03:29:41,641 [INFO] Created politician Lawrence, Brenda L. -> 1108
2026-01-08 03:29:42,327 [INFO] Created politician Hice, Jody B. -> 1109
2026-01-08 03:29:42,981 [INFO] Created politician Rice, Tom -> 1110
2026-01-08 03:29:43,640 [INFO] Created politician Maloney, Sean Patrick -> 1111
2026-01-08 03:29:44,353 [INFO] Created politician Walorski, Jackie -> 1112
2026-01-08 03:29:44,533 [INFO] Progress: 750/5200 members ingested
2026-01-08 03:29:45,365 [INFO] Created politician Bustos, Cheri -> 1113
2026-01-08 03:29:46,042 [INFO] Created politician Davis, Rodney -> 1114
2026-01-08 03:29:46,682 [INFO] Created politician Lowenthal, Alan S. -> 1115
2026-01-08 03:29:47,340 [INFO] Created politician Speier, Jackie -> 1116
2026-01-08 03:29:48,000 [INFO] Created politician Sires, Albio -> 1117
2026-01-08 03:29:48,660 [INFO] Created politician Reed, Tom -> 1118
2026-01-08 03:29:49,312 [INFO] Created politician McKinley, David B. -> 1119
2026-01-08 03:29:50,004 [INFO] Created politician Herrera Beutler, Jaime -> 1120
2026-01-08 03:29:50,647 [INFO] Created politician Gibbs, Bob -> 1121
2026-01-08 03:29:51,304 [INFO] Created politician Palazzo, Steven M. -> 1122
2026-01-08 03:29:51,940 [INFO] Created politician Long, Billy -> 1123
2026-01-08 03:29:52,604 [INFO] Created politician Hartzler, Vicky -> 1124
2026-01-08 03:29:53,252 [INFO] Created politician Kinzinger, Adam -> 1125
2026-01-08 03:29:53,953 [INFO] Created politician Bass, Karen -> 1126
2026-01-08 03:29:54,621 [INFO] Created politician Brooks, Mo -> 1127
2026-01-08 03:29:55,258 [INFO] Created politician Yarmuth, John A. -> 1128
2026-01-08 03:29:55,925 [INFO] Created politician Perlmutter, Ed -> 1129
2026-01-08 03:29:56,587 [INFO] Created politician McNerney, Jerry -> 1130
2026-01-08 03:29:57,226 [INFO] Created politician Schrader, Kurt -> 1131
2026-01-08 03:29:57,903 [INFO] Created politician Kirkpatrick, Ann -> 1132
2026-01-08 03:29:58,581 [INFO] Created politician Ravenel, Arthur, Jr. -> 1133
2026-01-08 03:29:59,239 [INFO] Created politician Price, David E. -> 1134
2026-01-08 03:29:59,882 [INFO] Created politician Portman, Rob -> 1135
2026-01-08 03:30:00,542 [INFO] Created politician Toomey, Patrick -> 1136
2026-01-08 03:30:01,226 [INFO] Created politician Kind, Ron -> 1137
2026-01-08 03:30:01,901 [INFO] Created politician Brady, Kevin -> 1138
2026-01-08 03:30:02,538 [INFO] Created politician Blunt, Roy -> 1139
2026-01-08 03:30:03,233 [INFO] Created politician Young, Don -> 1140
2026-01-08 03:30:03,921 [INFO] Created politician Upton, Fred -> 1141
2026-01-08 03:30:04,582 [INFO] Created politician Shumway, Norman D. -> 1142
2026-01-08 03:30:05,220 [INFO] Created politician Shelby, Richard C. -> 1143
2026-01-08 03:30:05,855 [INFO] Created politician Rush, Bobby L. -> 1144
2026-01-08 03:30:06,519 [INFO] Created politician Roybal-Allard, Lucille -> 1145
2026-01-08 03:30:07,223 [INFO] Created politician Maloney, Carolyn B. -> 1146
2026-01-08 03:30:07,860 [INFO] Created politician Leahy, Patrick J. -> 1147
2026-01-08 03:30:08,562 [INFO] Created politician Cotton, Norris -> 1148
2026-01-08 03:30:09,206 [INFO] Created politician Cook, Marlow W. -> 1149
2026-01-08 03:30:09,860 [INFO] Created politician Gohmert, Louie -> 1150
2026-01-08 03:30:10,518 [INFO] Created politician Butterfield, G. K. -> 1151
2026-01-08 03:30:11,180 [INFO] Created politician Ryan, Tim -> 1152
2026-01-08 03:30:11,839 [INFO] Created politician Langevin, James R. -> 1153
2026-01-08 03:30:12,491 [INFO] Created politician Cooper, Jim -> 1154
2026-01-08 03:30:13,297 [INFO] Created politician Chabot, Steve -> 1155
2026-01-08 03:30:13,965 [INFO] Created politician Burr, Richard -> 1156
2026-01-08 03:30:14,698 [INFO] Created politician Doyle, Michael F. -> 1157
2026-01-08 03:30:15,562 [INFO] Created politician DeFazio, Peter A. -> 1158
2026-01-08 03:30:16,219 [INFO] Created politician Levitas, Elliott H. -> 1159
2026-01-08 03:30:17,002 [INFO] Created politician Kolbe, Jim -> 1160
2026-01-08 03:30:17,662 [INFO] Created politician Hubbard, Carroll, Jr. -> 1161
2026-01-08 03:30:18,344 [INFO] Created politician Hillis, Elwood H. -> 1162
2026-01-08 03:30:18,530 [INFO] Progress: 800/5200 members ingested
2026-01-08 03:30:19,342 [INFO] Created politician Levin, Andy -> 1163
2026-01-08 03:30:19,985 [INFO] Created politician Sempolinski, Joseph -> 1164
2026-01-08 03:30:20,642 [INFO] Created politician Flores, Mayra -> 1165
2026-01-08 03:30:21,308 [INFO] Created politician Conway, Connie -> 1166
2026-01-08 03:30:21,965 [INFO] Created politician Loeffler, Kelly -> 1167
2026-01-08 03:30:22,610 [INFO] Created politician Wright, Ron -> 1168
2026-01-08 03:30:23,418 [INFO] Created politician Delgado, Antonio -> 1169
2026-01-08 03:30:24,086 [INFO] Created politician Haaland, Debra A. -> 1170
2026-01-08 03:30:24,769 [INFO] Created politician Hagedorn, Jim -> 1171
2026-01-08 03:30:25,466 [INFO] Created politician Crist, Charlie -> 1172
2026-01-08 03:30:26,122 [INFO] Created politician Harris, Kamala D. -> 1173
2026-01-08 03:30:26,785 [INFO] Created politician Vela, Filemon -> 1174
2026-01-08 03:30:27,441 [INFO] Created politician Deutch, Theodore E. -> 1175
2026-01-08 03:30:38,477 [INFO] === Congress.gov Ingestion Pipeline Started ===
2026-01-08 03:30:39,588 [INFO] Database connection established
2026-01-08 03:30:39,588 [INFO] === Starting members ingestion for both, Congress 118 ===
2026-01-08 03:30:39,588 [INFO] Fetching house members for Congress 118
2026-01-08 03:30:53,773 [INFO] Retrieved 2600 house members
2026-01-08 03:30:53,773 [INFO] Fetching senate members for Congress 118
2026-01-08 03:31:07,304 [INFO] Retrieved 2600 senate members
2026-01-08 03:31:07,304 [INFO] Found 5200 members
2026-01-08 03:31:08,120 [INFO] Updated politician LaMalfa, Doug (89)
2026-01-08 03:31:08,602 [INFO] Updated politician Greene, Marjorie Taylor (90)
2026-01-08 03:31:09,088 [INFO] Updated politician Zimmer, Dick (91)
2026-01-08 03:31:09,587 [INFO] Updated politician Schulze, Richard T. (92)
2026-01-08 03:31:10,065 [INFO] Updated politician Campbell, Ben Nighthorse (93)
2026-01-08 03:31:10,543 [INFO] Updated politician Rulli, Michael A. (94)
2026-01-08 03:31:11,049 [INFO] Updated politician Justice, James C. (95)
2026-01-08 03:31:11,614 [INFO] Updated politician Dunn, Neal P. (96)
2026-01-08 03:31:12,096 [INFO] Updated politician Norton, Eleanor Holmes (97)
2026-01-08 03:31:12,589 [INFO] Updated politician DeLauro, Rosa L. (98)
2026-01-08 03:31:13,066 [INFO] Updated politician Waters, Maxine (99)
2026-01-08 03:31:13,565 [INFO] Updated politician Pelosi, Nancy (100)
2026-01-08 03:31:14,096 [INFO] Updated politician Van Epps, Matt (101)
2026-01-08 03:31:14,604 [INFO] Updated politician Sherrill, Mikie (102)
2026-01-08 03:31:15,116 [INFO] Updated politician Grijalva, Adelita S. (103)
2026-01-08 03:31:15,653 [INFO] Updated politician Crawford, Eric A. "Rick" (104)
2026-01-08 03:31:16,151 [INFO] Updated politician Cheney, Dick (105)
2026-01-08 03:31:16,644 [INFO] Updated politician Stallings, Richard H. (106)
2026-01-08 03:31:17,131 [INFO] Updated politician Kilpatrick, Carolyn C. (107)
2026-01-08 03:31:17,610 [INFO] Updated politician Young, Todd (108)
2026-01-08 03:31:18,143 [INFO] Updated politician Wyden, Ron (109)
2026-01-08 03:31:18,621 [INFO] Updated politician Warren, Elizabeth (110)
2026-01-08 03:31:19,102 [INFO] Updated politician Whitehouse, Sheldon (111)
2026-01-08 03:31:19,602 [INFO] Updated politician Welch, Peter (112)
2026-01-08 03:31:20,084 [INFO] Updated politician Wicker, Roger F. (113)
2026-01-08 03:31:20,564 [INFO] Updated politician Warnock, Raphael G. (114)
2026-01-08 03:31:21,045 [INFO] Updated politician Tuberville, Tommy (115)
2026-01-08 03:31:21,604 [INFO] Updated politician Warner, Mark R. (116)
2026-01-08 03:31:22,085 [INFO] Updated politician Van Hollen, Chris (117)
2026-01-08 03:31:22,570 [INFO] Updated politician Smith, Tina (118)
2026-01-08 03:31:23,115 [INFO] Updated politician Tillis, Thomas (119)
2026-01-08 03:31:23,651 [INFO] Updated politician Sullivan, Dan (120)
2026-01-08 03:31:24,131 [INFO] Updated politician Thune, John (121)
2026-01-08 03:31:24,672 [INFO] Updated politician Sheehy, Tim (122)
2026-01-08 03:31:25,163 [INFO] Updated politician Scott, Rick (123)
2026-01-08 03:31:25,665 [INFO] Updated politician Slotkin, Elissa (124)
2026-01-08 03:31:26,143 [INFO] Updated politician Scott, Tim (125)
2026-01-08 03:31:26,626 [INFO] Updated politician Shaheen, Jeanne (126)
2026-01-08 03:31:27,105 [INFO] Updated politician Schmitt, Eric (127)
2026-01-08 03:31:27,584 [INFO] Updated politician Rounds, Mike (128)
2026-01-08 03:31:28,070 [INFO] Updated politician Schatz, Brian (129)
2026-01-08 03:31:28,543 [INFO] Updated politician Schumer, Charles E. (130)
2026-01-08 03:31:29,035 [INFO] Updated politician Sanders, Bernard (131)
2026-01-08 03:31:29,575 [INFO] Updated politician Schiff, Adam B. (132)
2026-01-08 03:31:30,064 [INFO] Updated politician Ricketts, Pete (133)
2026-01-08 03:31:30,541 [INFO] Updated politician Rosen, Jacky (134)
2026-01-08 03:31:31,021 [INFO] Updated politician Paul, Rand (135)
2026-01-08 03:31:31,502 [INFO] Updated politician Peters, Gary C. (136)
2026-01-08 03:31:31,983 [INFO] Updated politician Risch, James E. (137)
2026-01-08 03:31:32,499 [INFO] Updated politician Reed, Jack (138)
2026-01-08 03:31:32,661 [INFO] Progress: 50/5200 members ingested
2026-01-08 03:31:33,464 [INFO] Updated politician Padilla, Alex (139)
2026-01-08 03:31:33,945 [INFO] Updated politician Ossoff, Jon (140)
2026-01-08 03:31:34,429 [INFO] Updated politician Mullin, Markwayne (141)
2026-01-08 03:31:34,947 [INFO] Updated politician Murphy, Christopher (142)
2026-01-08 03:31:35,451 [INFO] Updated politician Murray, Patty (143)
2026-01-08 03:31:35,974 [INFO] Updated politician Murkowski, Lisa (144)
2026-01-08 03:31:36,507 [INFO] Updated politician Moody, Ashley (145)
2026-01-08 03:31:37,050 [INFO] Updated politician McCormick, David (146)
2026-01-08 03:31:37,562 [INFO] Updated politician Moreno, Bernie (147)
2026-01-08 03:31:38,089 [INFO] Updated politician Merkley, Jeff (148)
2026-01-08 03:31:38,728 [INFO] Updated politician Moran, Jerry (149)
2026-01-08 03:31:39,202 [INFO] Updated politician McConnell, Mitch (150)
2026-01-08 03:31:39,690 [INFO] Updated politician Marshall, Roger (151)
2026-01-08 03:31:40,185 [INFO] Updated politician Klobuchar, Amy (152)
2026-01-08 03:31:40,688 [INFO] Updated politician Lee, Mike (153)
2026-01-08 03:31:41,165 [INFO] Updated politician Lankford, James (154)
2026-01-08 03:31:41,650 [INFO] Updated politician Lummis, Cynthia M. (155)
2026-01-08 03:31:42,143 [INFO] Updated politician Luján, Ben Ray (156)
2026-01-08 03:31:42,644 [INFO] Updated politician Markey, Edward J. (157)
2026-01-08 03:31:43,130 [INFO] Updated politician Kelly, Mark (158)
2026-01-08 03:31:43,648 [INFO] Updated politician Kim, Andy (159)
2026-01-08 03:31:44,169 [INFO] Updated politician Kennedy, John (160)
2026-01-08 03:31:44,706 [INFO] Updated politician King, Angus S., Jr. (161)
2026-01-08 03:31:45,198 [INFO] Updated politician Kaine, Tim (162)
2026-01-08 03:31:45,693 [INFO] Updated politician Johnson, Ron (163)
2026-01-08 03:31:46,215 [INFO] Updated politician Husted, Jon (164)
2026-01-08 03:31:46,709 [INFO] Updated politician Hickenlooper, John W. (165)
2026-01-08 03:31:47,213 [INFO] Updated politician Hawley, Josh (166)
2026-01-08 03:31:47,683 [INFO] Updated politician Hyde-Smith, Cindy (167)
2026-01-08 03:31:48,170 [INFO] Updated politician Hoeven, John (168)
2026-01-08 03:31:48,640 [INFO] Updated politician Hirono, Mazie K. (169)
2026-01-08 03:31:49,124 [INFO] Updated politician Heinrich, Martin (170)
2026-01-08 03:31:49,646 [INFO] Updated politician Hagerty, Bill (171)
2026-01-08 03:31:50,132 [INFO] Updated politician Hassan, Margaret Wood (172)
2026-01-08 03:31:50,628 [INFO] Updated politician Gallego, Ruben (173)
2026-01-08 03:31:51,112 [INFO] Updated politician Gillibrand, Kirsten E. (174)
2026-01-08 03:31:51,630 [INFO] Updated politician Grassley, Chuck (175)
2026-01-08 03:31:52,132 [INFO] Updated politician Graham, Lindsey (176)
2026-01-08 03:31:52,672 [INFO] Updated politician Fetterman, John (177)
2026-01-08 03:31:53,168 [INFO] Updated politician Curtis, John R. (178)
2026-01-08 03:31:53,647 [INFO] Updated politician Ernst, Joni (179)
2026-01-08 03:31:54,195 [INFO] Updated politician Fischer, Deb (180)
2026-01-08 03:31:54,757 [INFO] Updated politician Cruz, Ted (181)
2026-01-08 03:31:55,297 [INFO] Updated politician Daines, Steve (182)
2026-01-08 03:31:55,789 [INFO] Updated politician Duckworth, Tammy (183)
2026-01-08 03:31:56,327 [INFO] Updated politician Durbin, Richard J. (184)
2026-01-08 03:31:56,812 [INFO] Updated politician Cortez Masto, Catherine (185)
2026-01-08 03:31:57,306 [INFO] Updated politician Cramer, Kevin (186)
2026-01-08 03:31:57,785 [INFO] Updated politician Cotton, Tom (187)
2026-01-08 03:31:58,287 [INFO] Updated politician Coons, Christopher A. (188)
2026-01-08 03:31:58,463 [INFO] Progress: 100/5200 members ingested
2026-01-08 03:31:59,427 [INFO] Created politician Collins, Susan M. -> 1176
2026-01-08 03:32:00,062 [INFO] Created politician Cornyn, John -> 1177
2026-01-08 03:32:00,704 [INFO] Created politician Crapo, Mike -> 1178
2026-01-08 03:32:01,387 [INFO] Created politician Britt, Katie Boyd -> 1179
2026-01-08 03:32:02,045 [INFO] Created politician Budd, Ted -> 1180
2026-01-08 03:32:02,749 [INFO] Created politician Booker, Cory A. -> 1181
2026-01-08 03:32:03,407 [INFO] Created politician Cassidy, Bill -> 1182
2026-01-08 03:32:04,044 [INFO] Created politician Boozman, John -> 1183
2026-01-08 03:32:04,705 [INFO] Created politician Capito, Shelley Moore -> 1184
2026-01-08 03:32:05,349 [INFO] Created politician Cantwell, Maria -> 1185
2026-01-08 03:32:05,986 [INFO] Created politician Banks, Jim -> 1186
2026-01-08 03:32:06,644 [INFO] Created politician Blunt Rochester, Lisa -> 1187
2026-01-08 03:32:07,362 [INFO] Created politician Blumenthal, Richard -> 1188
2026-01-08 03:32:08,109 [INFO] Created politician Barrasso, John -> 1189
2026-01-08 03:32:08,782 [INFO] Created politician Bennet, Michael F. -> 1190
2026-01-08 03:32:09,447 [INFO] Created politician Baldwin, Tammy -> 1191
2026-01-08 03:32:10,145 [INFO] Created politician Blackburn, Marsha -> 1192
2026-01-08 03:32:10,795 [INFO] Created politician Alsobrooks, Angela D. -> 1193
2026-01-08 03:32:11,441 [INFO] Created politician Whitesides, George -> 1194
2026-01-08 03:32:12,084 [INFO] Created politician Fine, Randy -> 1195
2026-01-08 03:32:12,782 [INFO] Created politician Patronis, Jimmy -> 1196
2026-01-08 03:32:13,456 [INFO] Created politician Vindman, Eugene Simon -> 1197
2026-01-08 03:32:14,165 [INFO] Created politician Taylor, David J. -> 1198
2026-01-08 03:32:14,876 [INFO] Created politician Subramanyam, Suhas -> 1199
2026-01-08 03:32:15,534 [INFO] Created politician Shreve, Jefferson -> 1200
2026-01-08 03:32:16,163 [INFO] Created politician Schmidt, Derek -> 1201
2026-01-08 03:32:16,812 [INFO] Created politician Riley, Josh -> 1202
2026-01-08 03:32:17,525 [INFO] Created politician Pou, Nellie -> 1203
2026-01-08 03:32:18,170 [INFO] Created politician Olszewski, Johnny -> 1204
2026-01-08 03:32:18,846 [INFO] Created politician McDowell, Addison P. -> 1205
2026-01-08 03:32:19,488 [INFO] Created politician McGuire, John J. -> 1206
2026-01-08 03:32:20,139 [INFO] Created politician McDonald Rivet, Kristen -> 1207
2026-01-08 03:32:20,783 [INFO] Created politician Moore, Tim -> 1208
2026-01-08 03:32:21,429 [INFO] Created politician Moore, Riley M. -> 1209
2026-01-08 03:32:22,122 [INFO] Created politician Messmer, Mark B. -> 1210
2026-01-08 03:32:22,784 [INFO] Created politician McClain Delaney, April -> 1211
2026-01-08 03:32:23,424 [INFO] Created politician Mannion, John W. -> 1212
2026-01-08 03:32:24,064 [INFO] Created politician Mackenzie, Ryan -> 1213
2026-01-08 03:32:24,743 [INFO] Created politician Latimer, George -> 1214
2026-01-08 03:32:25,444 [INFO] Created politician Knott, Brad -> 1215
2026-01-08 03:32:26,090 [INFO] Created politician Kennedy, Mike -> 1216
2026-01-08 03:32:26,745 [INFO] Created politician Johnson, Julie -> 1217
2026-01-08 03:32:27,385 [ERROR] Failed to ingest member H001103: new row for relation "politicians" violates check constraint "chk_politicians_state_code_valid"
DETAIL:  Failing row contains (1218, Hernández, Pablo Jose, Democrat, PR, null, Representative, null, null, 2026-01-08 08:31:57.778437+00, 2026-01-08 08:31:57.778437+00).

2026-01-08 03:32:28,188 [INFO] Updated politician Harris, Mark (232)
2026-01-08 03:32:28,665 [INFO] Updated politician Harrigan, Pat (233)
2026-01-08 03:32:29,214 [INFO] Updated politician Goodlander, Maggie (234)
2026-01-08 03:32:29,722 [INFO] Updated politician Gill, Brandon (235)
2026-01-08 03:32:30,211 [INFO] Updated politician Gillen, Laura (236)
2026-01-08 03:32:30,711 [INFO] Updated politician Goldman, Craig A. (237)
2026-01-08 03:32:31,207 [INFO] Updated politician Friedman, Laura (238)
2026-01-08 03:32:31,862 [INFO] Updated politician Fedorchak, Julie (239)
2026-01-08 03:32:32,026 [INFO] Progress: 150/5200 members ingested
2026-01-08 03:32:32,829 [INFO] Created politician Elfreth, Sarah -> 1219
2026-01-08 03:32:33,497 [INFO] Created politician Dexter, Maxine -> 1220
2026-01-08 03:32:34,277 [INFO] Created politician Downing, Troy -> 1221
2026-01-08 03:32:35,018 [INFO] Created politician Conaway, Herbert C. -> 1222
2026-01-08 03:32:35,690 [INFO] Created politician Bresnahan, Robert P. -> 1223
2026-01-08 03:32:36,331 [INFO] Created politician Bynum, Janelle S. -> 1224
2026-01-08 03:32:37,029 [INFO] Created politician Biggs, Sheri -> 1225
2026-01-08 03:32:37,719 [INFO] Created politician Baumgartner, Michael -> 1226
2026-01-08 03:32:38,405 [INFO] Created politician Barrett, Tom -> 1227
2026-01-08 03:32:39,089 [INFO] Created politician McCormick, Richard -> 1228
2026-01-08 03:32:39,829 [INFO] Created politician Stutzman, Marlin A. -> 1229
2026-01-08 03:32:40,531 [INFO] Created politician Fields, Cleo -> 1230
2026-01-08 03:32:41,277 [INFO] Created politician Onder, Robert F. -> 1231
2026-01-08 03:32:41,962 [INFO] Created politician McBride, Sarah -> 1232
2026-01-08 03:32:42,626 [INFO] Created politician Morrison, Kelly -> 1233
2026-01-08 03:32:43,273 [ERROR] Failed to ingest member K000404: new row for relation "politicians" violates check constraint "chk_politicians_state_code_valid"
DETAIL:  Failing row contains (1234, King-Hinds, Kimberlyn, Republican, MP, null, Representative, null, null, 2026-01-08 08:32:31.338559+00, 2026-01-08 08:32:31.338559+00).

2026-01-08 03:32:44,104 [INFO] Updated politician Jack, Brian (256)
2026-01-08 03:32:44,584 [INFO] Updated politician Haridopolos, Mike (257)
2026-01-08 03:32:45,069 [INFO] Updated politician Figures, Shomari (258)
2026-01-08 03:32:45,572 [INFO] Updated politician Evans, Gabe (259)
2026-01-08 03:32:46,066 [INFO] Updated politician Crank, Jeff (260)
2026-01-08 03:32:46,566 [INFO] Updated politician Bell, Wesley (261)
2026-01-08 03:32:47,051 [INFO] Updated politician Wied, Tony (262)
2026-01-08 03:32:47,551 [INFO] Updated politician McIver, LaMonica (263)
2026-01-08 03:32:48,029 [INFO] Updated politician Fong, Vince (264)
2026-01-08 03:32:48,578 [INFO] Updated politician Kennedy, Timothy M. (265)
2026-01-08 03:32:49,066 [INFO] Updated politician Maloy, Celeste (266)
2026-01-08 03:32:49,552 [INFO] Updated politician Amo, Gabe (267)
2026-01-08 03:32:50,051 [INFO] Updated politician McClellan, Jennifer L. (268)
2026-01-08 03:32:50,568 [INFO] Updated politician Van Orden, Derrick (269)
2026-01-08 03:32:51,096 [INFO] Updated politician Self, Keith (270)
2026-01-08 03:32:51,607 [INFO] Updated politician Perez, Marie Gluesenkamp (271)
2026-01-08 03:32:52,082 [INFO] Updated politician Ogles, Andrew (272)
2026-01-08 03:32:52,604 [INFO] Updated politician Moran, Nathaniel (273)
2026-01-08 03:32:53,114 [INFO] Updated politician Magaziner, Seth (274)
2026-01-08 03:32:53,631 [INFO] Updated politician Luttrell, Morgan (275)
2026-01-08 03:32:54,149 [INFO] Updated politician Lee, Summer L. (276)
2026-01-08 03:32:54,655 [INFO] Updated politician Kiggans, Jennifer A. (277)
2026-01-08 03:32:55,154 [INFO] Updated politician Hunt, Wesley (278)
2026-01-08 03:32:55,683 [INFO] Updated politician Hageman, Harriet M. (279)
2026-01-08 03:32:56,192 [INFO] Updated politician Fry, Russell (280)
2026-01-08 03:32:56,707 [INFO] Updated politician Deluzio, Christopher R. (281)
2026-01-08 03:32:57,196 [INFO] Updated politician De La Cruz, Monica (282)
2026-01-08 03:32:57,718 [INFO] Updated politician Crockett, Jasmine (283)
2026-01-08 03:32:58,214 [INFO] Updated politician Casar, Greg (284)
2026-01-08 03:32:58,733 [INFO] Updated politician Balint, Becca (285)
2026-01-08 03:32:59,229 [INFO] Updated politician Moore, Barry (286)
2026-01-08 03:32:59,757 [INFO] Updated politician Franklin, Scott (287)
2026-01-08 03:33:00,245 [INFO] Updated politician Boebert, Lauren (288)
2026-01-08 03:33:00,893 [INFO] Updated politician Miller, Carol D. (289)
2026-01-08 03:33:01,405 [INFO] Updated politician McBath, Lucy (290)
2026-01-08 03:33:01,575 [INFO] Progress: 200/5200 members ingested
2026-01-08 03:33:02,474 [INFO] Created politician Cisneros, Gilbert Ray -> 1235
2026-01-08 03:33:03,148 [INFO] Created politician Scanlon, Mary Gay -> 1236
2026-01-08 03:33:03,788 [INFO] Created politician Gonzalez, Vicente -> 1237
2026-01-08 03:33:04,440 [INFO] Created politician Suozzi, Thomas R. -> 1238
2026-01-08 03:33:05,107 [INFO] Created politician Green, Al -> 1239
2026-01-08 03:33:05,758 [INFO] Created politician Doggett, Lloyd -> 1240
2026-01-08 03:33:06,469 [INFO] Created politician Vasquez, Gabe -> 1241
2026-01-08 03:33:07,128 [INFO] Created politician Tokuda, Jill N. -> 1242
2026-01-08 03:33:07,846 [INFO] Created politician Thanedar, Shri -> 1243
2026-01-08 03:33:08,489 [INFO] Created politician Sykes, Emilia Strong -> 1244
2026-01-08 03:33:09,150 [INFO] Created politician Sorensen, Eric -> 1245
2026-01-08 03:33:09,803 [INFO] Created politician Scholten, Hillary J. -> 1246
2026-01-08 03:33:10,448 [INFO] Created politician Salinas, Andrea -> 1247
2026-01-08 03:33:11,091 [INFO] Created politician Ramirez, Delia C. -> 1248
2026-01-08 03:33:11,828 [INFO] Created politician Nunn, Zachary -> 1249
2026-01-08 03:33:12,479 [ERROR] Failed to ingest member M001219: new row for relation "politicians" violates check constraint "chk_politicians_state_code_valid"
DETAIL:  Failing row contains (1250, Moylan, James C., Republican, GU, null, Representative, null, null, 2026-01-08 08:33:00.888502+00, 2026-01-08 08:33:00.888502+00).

2026-01-08 03:33:13,321 [INFO] Updated politician Moskowitz, Jared (307)
2026-01-08 03:33:13,846 [INFO] Updated politician Mills, Cory (308)
2026-01-08 03:33:14,356 [INFO] Updated politician Miller, Max L. (309)
2026-01-08 03:33:14,889 [INFO] Updated politician Menendez, Robert (310)
2026-01-08 03:33:15,369 [INFO] Updated politician McGarvey, Morgan (311)
2026-01-08 03:33:15,864 [INFO] Updated politician Luna, Anna Paulina (312)
2026-01-08 03:33:16,349 [INFO] Updated politician Lee, Laurel M. (313)
2026-01-08 03:33:16,832 [INFO] Updated politician Lawler, Michael (314)
2026-01-08 03:33:17,326 [INFO] Updated politician Langworthy, Nicholas A. (315)
2026-01-08 03:33:17,833 [INFO] Updated politician Landsman, Greg (316)
2026-01-08 03:33:18,333 [INFO] Updated politician LaLota, Nick (317)
2026-01-08 03:33:18,900 [INFO] Updated politician Kean, Thomas H. (318)
2026-01-08 03:33:19,433 [INFO] Updated politician James, John (319)
2026-01-08 03:33:19,998 [INFO] Updated politician Jackson, Jonathan L. (320)
2026-01-08 03:33:20,518 [INFO] Updated politician Ivey, Glenn (321)
2026-01-08 03:33:21,030 [INFO] Updated politician Hoyle, Val T. (322)
2026-01-08 03:33:21,508 [INFO] Updated politician Houchin, Erin (323)
2026-01-08 03:33:21,990 [INFO] Updated politician Goldman, Daniel S. (324)
2026-01-08 03:33:22,467 [INFO] Updated politician Frost, Maxwell (325)
2026-01-08 03:33:22,948 [INFO] Updated politician Foushee, Valerie P. (326)
2026-01-08 03:33:23,426 [INFO] Updated politician Ezell, Mike (327)
2026-01-08 03:33:23,907 [INFO] Updated politician Edwards, Chuck (328)
2026-01-08 03:33:24,386 [INFO] Updated politician Davis, Donald G. (329)
2026-01-08 03:33:24,864 [INFO] Updated politician Collins, Mike (330)
2026-01-08 03:33:25,346 [INFO] Updated politician Burlison, Eric (331)
2026-01-08 03:33:25,825 [INFO] Updated politician Budzinski, Nikki (332)
2026-01-08 03:33:26,307 [INFO] Updated politician Brecheen, Josh (333)
2026-01-08 03:33:26,794 [INFO] Updated politician Alford, Mark (334)
2026-01-08 03:33:27,268 [INFO] Updated politician Ryan, Patrick (335)
2026-01-08 03:33:27,747 [INFO] Updated politician Miller-Meeks, Mariannette (336)
2026-01-08 03:33:28,226 [INFO] Updated politician McClain, Lisa C. (337)
2026-01-08 03:33:28,713 [INFO] Updated politician Hinson, Ashley (338)
2026-01-08 03:33:29,354 [INFO] Updated politician Gimenez, Carlos A. (339)
2026-01-08 03:33:29,826 [INFO] Updated politician Tlaib, Rashida (340)
2026-01-08 03:33:30,314 [INFO] Updated politician Tenney, Claudia (341)
2026-01-08 03:33:30,488 [INFO] Progress: 250/5200 members ingested
2026-01-08 03:33:31,191 [INFO] Updated politician Mast, Brian J. (342)
2026-01-08 03:33:31,696 [INFO] Updated politician Rutherford, John H. (343)
2026-01-08 03:33:32,192 [INFO] Updated politician LaHood, Darin (344)
2026-01-08 03:33:32,673 [INFO] Updated politician Zinke, Ryan K. (345)
2026-01-08 03:33:33,187 [INFO] Updated politician Dingell, Debbie (346)
2026-01-08 03:33:33,714 [INFO] Updated politician Moolenaar, John R. (347)
2026-01-08 03:33:34,265 [INFO] Updated politician Hudson, Richard (348)
2026-01-08 03:33:34,797 [INFO] Updated politician Frankel, Lois (349)
2026-01-08 03:33:35,321 [INFO] Updated politician Huizenga, Bill (350)
2026-01-08 03:33:35,882 [INFO] Updated politician Walberg, Tim (351)
2026-01-08 03:33:36,393 [INFO] Updated politician Nadler, Jerrold (352)
2026-01-08 03:33:36,866 [INFO] Updated politician Wasserman Schultz, Debbie (353)
2026-01-08 03:33:37,366 [INFO] Updated politician Diaz-Balart, Mario (354)
2026-01-08 03:33:37,867 [INFO] Updated politician Strong, Dale W. (355)
2026-01-08 03:33:38,351 [INFO] Updated politician Pettersen, Brittany (356)
2026-01-08 03:33:38,828 [INFO] Updated politician Mullin, Kevin (357)
2026-01-08 03:33:39,305 [INFO] Updated politician Kiley, Kevin (358)
2026-01-08 03:33:39,787 [INFO] Updated politician Kamlager-Dove, Sydney (359)
2026-01-08 03:33:40,270 [INFO] Updated politician Garcia, Robert (360)
2026-01-08 03:33:40,795 [INFO] Updated politician Crane, Elijah (361)
2026-01-08 03:33:41,261 [INFO] Updated politician Ciscomani, Juan (362)
2026-01-08 03:33:41,800 [INFO] Updated politician Bean, Aaron (363)
2026-01-08 03:33:42,286 [INFO] Updated politician Yakym, Rudy (364)
2026-01-08 03:33:42,819 [INFO] Updated politician Finstad, Brad (365)
2026-01-08 03:33:43,312 [INFO] Updated politician Flood, Mike (366)
2026-01-08 03:33:43,808 [INFO] Updated politician Cherfilus-McCormick, Sheila (367)
2026-01-08 03:33:44,288 [INFO] Updated politician Carey, Mike (368)
2026-01-08 03:33:44,766 [INFO] Updated politician Brown, Shontel M. (369)
2026-01-08 03:33:45,245 [INFO] Updated politician Ellzey, Jake (370)
2026-01-08 03:33:45,729 [INFO] Updated politician Stansbury, Melanie A. (371)
2026-01-08 03:33:46,214 [INFO] Updated politician Carter, Troy A. (372)
2026-01-08 03:33:46,738 [INFO] Updated politician Letlow, Julia (373)
2026-01-08 03:33:47,275 [INFO] Updated politician Obernolte, Jay (374)
2026-01-08 03:33:47,817 [INFO] Updated politician Kim, Young (375)
2026-01-08 03:33:48,340 [INFO] Updated politician Van Duyne, Beth (376)
2026-01-08 03:33:48,829 [INFO] Updated politician Strickland, Marilyn (377)
2026-01-08 03:33:49,325 [INFO] Updated politician Owens, Burgess (378)
2026-01-08 03:33:49,807 [INFO] Updated politician Nehls, Troy E. (379)
2026-01-08 03:33:50,289 [INFO] Updated politician Moore, Blake D. (380)
2026-01-08 03:33:50,769 [INFO] Updated politician Jacobs, Sara (381)
2026-01-08 03:33:51,252 [INFO] Updated politician Jackson, Ronny (382)
2026-01-08 03:33:51,728 [INFO] Updated politician Gonzales, Tony (383)
2026-01-08 03:33:52,213 [INFO] Updated politician Fitzgerald, Scott (384)
2026-01-08 03:33:52,692 [INFO] Updated politician Harder, Josh (385)
2026-01-08 03:33:53,175 [INFO] Updated politician Stanton, Greg (386)
2026-01-08 03:33:53,706 [INFO] Updated politician Panetta, Jimmy (387)
2026-01-08 03:33:54,239 [INFO] Updated politician Lieu, Ted (388)
2026-01-08 03:33:54,911 [INFO] Updated politician Aguilar, Pete (389)
2026-01-08 03:33:55,412 [INFO] Updated politician DeSaulnier, Mark (390)
2026-01-08 03:33:55,890 [INFO] Updated politician Peters, Scott H. (391)
2026-01-08 03:33:56,050 [INFO] Progress: 300/5200 members ingested
2026-01-08 03:33:56,701 [INFO] Updated politician Vargas, Juan (392)
2026-01-08 03:33:57,192 [INFO] Updated politician Takano, Mark (393)
2026-01-08 03:33:57,666 [INFO] Updated politician Ruiz, Raul (394)
2026-01-08 03:33:58,169 [INFO] Updated politician Valadao, David G. (395)
2026-01-08 03:33:58,698 [INFO] Updated politician Swalwell, Eric (396)
2026-01-08 03:33:59,260 [INFO] Updated politician Bera, Ami (397)
2026-01-08 03:33:59,780 [INFO] Updated politician Garamendi, John (398)
2026-01-08 03:34:00,955 [INFO] Updated politician Chu, Judy (399)
2026-01-08 03:34:02,693 [INFO] Updated politician Schweikert, David (400)
2026-01-08 03:34:03,199 [INFO] Updated politician Gosar, Paul A. (401)
2026-01-08 03:34:04,034 [INFO] Updated politician McClintock, Tom (402)
2026-01-08 03:34:04,510 [INFO] Updated politician Matsui, Doris O. (403)
2026-01-08 03:34:04,991 [INFO] Updated politician Thompson, Mike (404)
2026-01-08 03:34:05,467 [INFO] Updated politician Sherman, Brad (405)
2026-01-08 03:34:05,969 [INFO] Updated politician Sessions, Pete (406)
2026-01-08 03:34:06,445 [INFO] Updated politician Costa, Jim (407)
2026-01-08 03:34:06,936 [INFO] Updated politician Issa, Darrell (408)
2026-01-08 03:34:07,411 [INFO] Updated politician Calvert, Ken (409)
2026-01-08 03:34:07,888 [INFO] Updated politician Lofgren, Zoe (410)
2026-01-08 03:34:08,370 [INFO] Updated politician Williams, Nikema (411)
2026-01-08 03:34:08,853 [INFO] Updated politician Torres, Ritchie (412)
2026-01-08 03:34:09,369 [INFO] Updated politician Spartz, Victoria (413)
2026-01-08 03:34:09,853 [INFO] Updated politician Salazar, Maria Elvira (414)
2026-01-08 03:34:10,328 [INFO] Updated politician Ross, Deborah K. (415)
2026-01-08 03:34:10,827 [INFO] Updated politician Pfluger, August (416)
2026-01-08 03:34:11,313 [INFO] Updated politician Mrvan, Frank J. (417)
2026-01-08 03:34:11,816 [INFO] Updated politician Miller, Mary E. (418)
2026-01-08 03:34:12,379 [INFO] Updated politician Mann, Tracey (419)
2026-01-08 03:34:12,901 [INFO] Updated politician Malliotakis, Nicole (420)
2026-01-08 03:34:13,428 [INFO] Updated politician Mace, Nancy (421)
2026-01-08 03:34:13,940 [INFO] Updated politician Leger Fernandez, Teresa (422)
2026-01-08 03:34:14,489 [INFO] Updated politician Harshbarger, Diana (423)
2026-01-08 03:34:14,999 [INFO] Updated politician Garbarino, Andrew R. (424)
2026-01-08 03:34:15,572 [INFO] Updated politician Fischbach, Michelle (425)
2026-01-08 03:34:16,049 [INFO] Updated politician Feenstra, Randy (426)
2026-01-08 03:34:16,527 [INFO] Updated politician Fallon, Pat (427)
2026-01-08 03:34:17,010 [INFO] Updated politician Donalds, Byron (428)
2026-01-08 03:34:17,523 [INFO] Updated politician Clyde, Andrew S. (429)
2026-01-08 03:34:17,991 [INFO] Updated politician Cammack, Kat (430)
2026-01-08 03:34:18,481 [INFO] Updated politician Bice, Stephanie I. (431)
2026-01-08 03:34:18,971 [INFO] Updated politician Bentz, Cliff (432)
2026-01-08 03:34:19,521 [INFO] Updated politician Auchincloss, Jake (433)
2026-01-08 03:34:20,053 [INFO] Updated politician Tiffany, Thomas P. (434)
2026-01-08 03:34:20,538 [INFO] Updated politician Murphy, Gregory F. (435)
2026-01-08 03:34:21,091 [INFO] Updated politician Golden, Jared F. (436)
2026-01-08 03:34:21,569 [INFO] Updated politician Steil, Bryan (437)
2026-01-08 03:34:22,057 [INFO] Updated politician Schrier, Kim (438)
2026-01-08 03:34:22,740 [INFO] Updated politician Cline, Ben (439)
2026-01-08 03:34:23,299 [INFO] Updated politician Garcia, Sylvia R. (440)
2026-01-08 03:34:23,799 [INFO] Updated politician Roy, Chip (441)
2026-01-08 03:34:23,979 [INFO] Progress: 350/5200 members ingested
2026-01-08 03:34:24,629 [INFO] Updated politician Escobar, Veronica (442)
2026-01-08 03:34:25,110 [INFO] Updated politician Fletcher, Lizzie (443)
2026-01-08 03:34:25,607 [INFO] Updated politician Gooden, Lance (444)
2026-01-08 03:34:26,095 [INFO] Updated politician Crenshaw, Dan (445)
2026-01-08 03:34:26,568 [INFO] Updated politician Rose, John W. (446)
2026-01-08 03:34:27,047 [INFO] Updated politician Burchett, Tim (447)
2026-01-08 03:34:27,527 [INFO] Updated politician Johnson, Dusty (448)
2026-01-08 03:34:28,036 [INFO] Updated politician Timmons, William R. (449)
2026-01-08 03:34:28,543 [INFO] Updated politician Reschenthaler, Guy (450)
2026-01-08 03:52:02,973 [INFO] === Congress.gov Ingestion Pipeline Started ===
2026-01-08 03:52:04,046 [INFO] Database connection established
2026-01-08 03:52:04,047 [INFO] === Starting members ingestion for both, Congress 118 ===
2026-01-08 03:52:04,047 [INFO] Fetching house members for Congress 118
2026-01-08 03:52:18,404 [INFO] Retrieved 2600 house members
2026-01-08 03:52:18,404 [INFO] Fetching senate members for Congress 118
2026-01-08 03:52:31,836 [INFO] Retrieved 2600 senate members
2026-01-08 03:52:31,836 [INFO] Found 5200 members
2026-01-08 03:52:32,667 [INFO] Updated politician LaMalfa, Doug (89)
2026-01-08 03:52:33,163 [INFO] Updated politician Greene, Marjorie Taylor (90)
2026-01-08 03:52:33,649 [INFO] Updated politician Zimmer, Dick (91)
2026-01-08 03:52:34,143 [INFO] Updated politician Schulze, Richard T. (92)
2026-01-08 03:52:34,624 [INFO] Updated politician Campbell, Ben Nighthorse (93)
2026-01-08 03:52:35,112 [INFO] Updated politician Rulli, Michael A. (94)
2026-01-08 03:52:35,591 [INFO] Updated politician Justice, James C. (95)
2026-01-08 03:52:36,066 [INFO] Updated politician Dunn, Neal P. (96)
2026-01-08 03:52:36,549 [INFO] Updated politician Norton, Eleanor Holmes (97)
2026-01-08 03:52:37,013 [INFO] Updated politician DeLauro, Rosa L. (98)
2026-01-08 03:52:37,565 [INFO] Updated politician Waters, Maxine (99)
2026-01-08 03:52:38,066 [INFO] Updated politician Pelosi, Nancy (100)
2026-01-08 03:52:38,548 [INFO] Updated politician Van Epps, Matt (101)
2026-01-08 03:52:39,046 [INFO] Updated politician Sherrill, Mikie (102)
2026-01-08 03:52:39,524 [INFO] Updated politician Grijalva, Adelita S. (103)
2026-01-08 03:52:40,008 [INFO] Updated politician Crawford, Eric A. "Rick" (104)
2026-01-08 03:52:40,507 [INFO] Updated politician Cheney, Dick (105)
2026-01-08 03:52:41,009 [INFO] Updated politician Stallings, Richard H. (106)
2026-01-08 03:52:41,511 [INFO] Updated politician Kilpatrick, Carolyn C. (107)
2026-01-08 03:52:41,986 [INFO] Updated politician Young, Todd (108)
2026-01-08 03:52:42,510 [INFO] Updated politician Wyden, Ron (109)
2026-01-08 03:52:43,005 [INFO] Updated politician Warren, Elizabeth (110)
2026-01-08 03:52:43,483 [INFO] Updated politician Whitehouse, Sheldon (111)
2026-01-08 03:52:43,974 [INFO] Updated politician Welch, Peter (112)
2026-01-08 03:52:44,466 [INFO] Updated politician Wicker, Roger F. (113)
2026-01-08 03:52:44,948 [INFO] Updated politician Warnock, Raphael G. (114)
2026-01-08 03:52:45,425 [INFO] Updated politician Tuberville, Tommy (115)
2026-01-08 03:52:45,911 [INFO] Updated politician Warner, Mark R. (116)
2026-01-08 03:52:46,389 [INFO] Updated politician Van Hollen, Chris (117)
2026-01-08 03:52:46,885 [INFO] Updated politician Smith, Tina (118)
2026-01-08 03:52:47,363 [INFO] Updated politician Tillis, Thomas (119)
2026-01-08 03:52:47,850 [INFO] Updated politician Sullivan, Dan (120)
2026-01-08 03:52:48,328 [INFO] Updated politician Thune, John (121)
2026-01-08 03:52:48,805 [INFO] Updated politician Sheehy, Tim (122)
2026-01-08 03:52:49,312 [INFO] Updated politician Scott, Rick (123)
2026-01-08 03:52:49,830 [INFO] Updated politician Slotkin, Elissa (124)
2026-01-08 03:52:50,329 [INFO] Updated politician Scott, Tim (125)
2026-01-08 03:52:50,807 [INFO] Updated politician Shaheen, Jeanne (126)
2026-01-08 03:52:51,304 [INFO] Updated politician Schmitt, Eric (127)
2026-01-08 03:52:51,626 [ERROR] Transaction rolled back due to error
2026-01-08 04:06:04,171 [INFO] === Congress.gov Ingestion Pipeline Started ===
2026-01-08 04:06:05,299 [INFO] Database connection established
2026-01-08 04:06:05,299 [INFO] === Starting members ingestion for both, Congress 118 ===
2026-01-08 04:06:05,300 [INFO] Fetching house members for Congress 118
2026-01-08 04:07:10,992 [INFO] Retrieved 2600 house members
2026-01-08 04:07:10,992 [INFO] Fetching senate members for Congress 118
2026-01-08 04:07:55,548 [INFO] Retrieved 2600 senate members
2026-01-08 04:07:55,549 [INFO] Found 5200 members
2026-01-08 04:07:56,421 [INFO] Updated politician LaMalfa, Doug (89)
2026-01-08 04:07:56,957 [INFO] Updated politician Greene, Marjorie Taylor (90)
2026-01-08 04:07:57,442 [INFO] Updated politician Zimmer, Dick (91)
2026-01-08 04:07:57,939 [INFO] Updated politician Schulze, Richard T. (92)
2026-01-08 04:07:58,420 [INFO] Updated politician Campbell, Ben Nighthorse (93)
2026-01-08 04:07:58,973 [INFO] Updated politician Rulli, Michael A. (94)
2026-01-08 04:07:59,456 [INFO] Updated politician Justice, James C. (95)
2026-01-08 04:07:59,990 [INFO] Updated politician Dunn, Neal P. (96)
2026-01-08 04:08:00,476 [INFO] Updated politician Norton, Eleanor Holmes (97)
2026-01-08 04:08:00,987 [INFO] Updated politician DeLauro, Rosa L. (98)
2026-01-08 04:08:01,479 [INFO] Updated politician Waters, Maxine (99)
2026-01-08 04:08:01,995 [INFO] Updated politician Pelosi, Nancy (100)
2026-01-08 04:08:02,496 [INFO] Updated politician Van Epps, Matt (101)
2026-01-08 04:08:02,975 [INFO] Updated politician Sherrill, Mikie (102)
2026-01-08 04:08:03,477 [INFO] Updated politician Grijalva, Adelita S. (103)
2026-01-08 04:08:03,979 [INFO] Updated politician Crawford, Eric A. "Rick" (104)
2026-01-08 04:08:04,519 [INFO] Updated politician Cheney, Dick (105)
2026-01-08 04:08:05,023 [INFO] Updated politician Stallings, Richard H. (106)
2026-01-08 04:08:05,536 [INFO] Updated politician Kilpatrick, Carolyn C. (107)
2026-01-08 04:08:06,048 [INFO] Updated politician Young, Todd (108)
2026-01-08 04:08:06,537 [INFO] Updated politician Wyden, Ron (109)
2026-01-08 04:08:07,017 [INFO] Updated politician Warren, Elizabeth (110)
2026-01-08 04:08:07,517 [INFO] Updated politician Whitehouse, Sheldon (111)
2026-01-08 04:08:08,018 [INFO] Updated politician Welch, Peter (112)
2026-01-08 04:08:08,496 [INFO] Updated politician Wicker, Roger F. (113)
2026-01-08 04:08:09,019 [INFO] Updated politician Warnock, Raphael G. (114)
2026-01-08 04:08:09,521 [INFO] Updated politician Tuberville, Tommy (115)
2026-01-08 04:08:10,016 [INFO] Updated politician Warner, Mark R. (116)
2026-01-08 04:08:10,497 [INFO] Updated politician Van Hollen, Chris (117)
2026-01-08 04:08:10,996 [INFO] Updated politician Smith, Tina (118)
2026-01-08 04:08:11,475 [INFO] Updated politician Tillis, Thomas (119)
2026-01-08 04:08:11,958 [INFO] Updated politician Sullivan, Dan (120)
2026-01-08 04:08:12,500 [INFO] Updated politician Thune, John (121)
2026-01-08 04:08:13,039 [INFO] Updated politician Sheehy, Tim (122)
2026-01-08 04:08:13,538 [INFO] Updated politician Scott, Rick (123)
2026-01-08 04:08:14,036 [INFO] Updated politician Slotkin, Elissa (124)
2026-01-08 04:08:14,517 [INFO] Updated politician Scott, Tim (125)
2026-01-08 04:08:15,011 [INFO] Updated politician Shaheen, Jeanne (126)
2026-01-08 04:08:15,524 [INFO] Updated politician Schmitt, Eric (127)
2026-01-08 04:08:16,014 [INFO] Updated politician Rounds, Mike (128)
2026-01-08 04:08:16,515 [INFO] Updated politician Schatz, Brian (129)
2026-01-08 04:08:17,015 [INFO] Updated politician Schumer, Charles E. (130)
2026-01-08 04:08:17,496 [INFO] Updated politician Sanders, Bernard (131)
2026-01-08 04:08:17,999 [INFO] Updated politician Schiff, Adam B. (132)
2026-01-08 04:08:18,499 [INFO] Updated politician Ricketts, Pete (133)
2026-01-08 04:08:18,987 [INFO] Updated politician Rosen, Jacky (134)
2026-01-08 04:08:19,497 [INFO] Updated politician Paul, Rand (135)
2026-01-08 04:08:19,999 [INFO] Updated politician Peters, Gary C. (136)
2026-01-08 04:08:20,495 [INFO] Updated politician Risch, James E. (137)
2026-01-08 04:08:20,981 [INFO] Updated politician Reed, Jack (138)
2026-01-08 04:08:21,139 [INFO] Progress: 50/5200 members ingested
2026-01-08 04:08:21,958 [INFO] Updated politician Padilla, Alex (139)
2026-01-08 04:08:22,457 [INFO] Updated politician Ossoff, Jon (140)
2026-01-08 04:08:22,942 [INFO] Updated politician Mullin, Markwayne (141)
2026-01-08 04:08:23,458 [INFO] Updated politician Murphy, Christopher (142)
2026-01-08 04:08:23,943 [INFO] Updated politician Murray, Patty (143)
2026-01-08 04:08:24,417 [INFO] Updated politician Murkowski, Lisa (144)
2026-01-08 04:08:24,916 [INFO] Updated politician Moody, Ashley (145)
2026-01-08 04:08:25,423 [INFO] Updated politician McCormick, David (146)
2026-01-08 04:08:26,004 [INFO] Updated politician Moreno, Bernie (147)
2026-01-08 04:08:26,598 [INFO] Updated politician Merkley, Jeff (148)
2026-01-08 04:08:27,108 [INFO] Updated politician Moran, Jerry (149)
2026-01-08 04:08:27,609 [INFO] Updated politician McConnell, Mitch (150)
2026-01-08 04:08:28,152 [INFO] Updated politician Marshall, Roger (151)
2026-01-08 04:08:28,703 [INFO] Updated politician Klobuchar, Amy (152)
2026-01-08 04:08:29,234 [INFO] Updated politician Lee, Mike (153)
2026-01-08 04:08:29,743 [INFO] Updated politician Lankford, James (154)
2026-01-08 04:08:30,270 [INFO] Updated politician Lummis, Cynthia M. (155)
2026-01-08 04:08:30,755 [INFO] Updated politician Luján, Ben Ray (156)
2026-01-08 04:08:31,311 [INFO] Updated politician Markey, Edward J. (157)
2026-01-08 04:08:31,862 [INFO] Updated politician Kelly, Mark (158)
2026-01-08 04:08:32,422 [INFO] Updated politician Kim, Andy (159)
2026-01-08 04:08:32,946 [INFO] Updated politician Kennedy, John (160)
2026-01-08 04:08:33,460 [INFO] Updated politician King, Angus S., Jr. (161)
2026-01-08 04:08:34,041 [INFO] Updated politician Kaine, Tim (162)
2026-01-08 04:08:34,614 [INFO] Updated politician Johnson, Ron (163)
2026-01-08 04:08:35,128 [INFO] Updated politician Husted, Jon (164)
2026-01-08 04:08:35,656 [INFO] Updated politician Hickenlooper, John W. (165)
2026-01-08 04:08:36,189 [INFO] Updated politician Hawley, Josh (166)
2026-01-08 04:08:36,761 [INFO] Updated politician Hyde-Smith, Cindy (167)
2026-01-08 04:08:37,275 [INFO] Updated politician Hoeven, John (168)
2026-01-08 04:08:37,848 [INFO] Updated politician Hirono, Mazie K. (169)
2026-01-08 04:08:38,389 [INFO] Updated politician Heinrich, Martin (170)
2026-01-08 04:08:38,919 [INFO] Updated politician Hagerty, Bill (171)
2026-01-08 04:08:39,457 [INFO] Updated politician Hassan, Margaret Wood (172)
2026-01-08 04:08:39,972 [INFO] Updated politician Gallego, Ruben (173)
2026-01-08 04:08:40,510 [INFO] Updated politician Gillibrand, Kirsten E. (174)
2026-01-08 04:08:41,028 [INFO] Updated politician Grassley, Chuck (175)
2026-01-08 04:08:41,537 [INFO] Updated politician Graham, Lindsey (176)
2026-01-08 04:08:42,077 [INFO] Updated politician Fetterman, John (177)
2026-01-08 04:08:42,560 [INFO] Updated politician Curtis, John R. (178)
2026-01-08 04:08:43,056 [INFO] Updated politician Ernst, Joni (179)
2026-01-08 04:08:43,546 [INFO] Updated politician Fischer, Deb (180)
2026-01-08 04:08:44,059 [INFO] Updated politician Cruz, Ted (181)
2026-01-08 04:08:44,557 [INFO] Updated politician Daines, Steve (182)
2026-01-08 04:08:45,054 [INFO] Updated politician Duckworth, Tammy (183)
2026-01-08 04:08:45,577 [INFO] Updated politician Durbin, Richard J. (184)
2026-01-08 04:08:46,056 [INFO] Updated politician Cortez Masto, Catherine (185)
2026-01-08 04:08:46,582 [INFO] Updated politician Cramer, Kevin (186)
2026-01-08 04:08:47,079 [INFO] Updated politician Cotton, Tom (187)
2026-01-08 04:08:47,599 [INFO] Updated politician Coons, Christopher A. (188)
2026-01-08 04:08:47,759 [INFO] Progress: 100/5200 members ingested
2026-01-08 04:08:48,778 [INFO] Created politician Collins, Susan M. -> 1292
2026-01-08 04:08:49,439 [INFO] Created politician Cornyn, John -> 1293
2026-01-08 04:08:50,097 [INFO] Created politician Crapo, Mike -> 1294
2026-01-08 04:08:50,756 [INFO] Created politician Britt, Katie Boyd -> 1295
2026-01-08 04:08:51,395 [INFO] Created politician Budd, Ted -> 1296
2026-01-08 04:08:52,056 [INFO] Created politician Booker, Cory A. -> 1297
2026-01-08 04:08:52,717 [INFO] Created politician Cassidy, Bill -> 1298
2026-01-08 04:08:53,358 [INFO] Created politician Boozman, John -> 1299
2026-01-08 04:08:54,056 [INFO] Created politician Capito, Shelley Moore -> 1300
2026-01-08 04:08:54,701 [INFO] Created politician Cantwell, Maria -> 1301
2026-01-08 04:08:55,339 [INFO] Created politician Banks, Jim -> 1302
2026-01-08 04:08:55,997 [INFO] Created politician Blunt Rochester, Lisa -> 1303
2026-01-08 04:08:56,636 [INFO] Created politician Blumenthal, Richard -> 1304
2026-01-08 04:08:57,316 [INFO] Created politician Barrasso, John -> 1305
2026-01-08 04:08:57,997 [INFO] Created politician Bennet, Michael F. -> 1306
2026-01-08 04:08:58,698 [INFO] Created politician Baldwin, Tammy -> 1307
2026-01-08 04:08:59,335 [INFO] Created politician Blackburn, Marsha -> 1308
2026-01-08 04:08:59,982 [INFO] Created politician Alsobrooks, Angela D. -> 1309
2026-01-08 04:09:00,658 [INFO] Created politician Whitesides, George -> 1310
2026-01-08 04:09:01,400 [INFO] Created politician Fine, Randy -> 1311
2026-01-08 04:09:02,078 [INFO] Created politician Patronis, Jimmy -> 1312
2026-01-08 04:09:02,757 [INFO] Created politician Vindman, Eugene Simon -> 1313
2026-01-08 04:09:03,415 [INFO] Created politician Taylor, David J. -> 1314
2026-01-08 04:09:04,063 [INFO] Created politician Subramanyam, Suhas -> 1315
2026-01-08 04:09:04,739 [INFO] Created politician Shreve, Jefferson -> 1316
2026-01-08 04:09:05,455 [INFO] Created politician Schmidt, Derek -> 1317
2026-01-08 04:09:06,098 [INFO] Created politician Riley, Josh -> 1318
2026-01-08 04:09:06,796 [INFO] Created politician Pou, Nellie -> 1319
2026-01-08 04:09:07,439 [INFO] Created politician Olszewski, Johnny -> 1320
2026-01-08 04:09:08,080 [INFO] Created politician McDowell, Addison P. -> 1321
2026-01-08 04:09:08,714 [INFO] Created politician McGuire, John J. -> 1322
2026-01-08 04:09:09,356 [INFO] Created politician McDonald Rivet, Kristen -> 1323
2026-01-08 04:09:10,001 [INFO] Created politician Moore, Tim -> 1324
2026-01-08 04:09:10,638 [INFO] Created politician Moore, Riley M. -> 1325
2026-01-08 04:09:11,300 [INFO] Created politician Messmer, Mark B. -> 1326
2026-01-08 04:09:11,946 [INFO] Created politician McClain Delaney, April -> 1327
2026-01-08 04:09:12,616 [INFO] Created politician Mannion, John W. -> 1328
2026-01-08 04:09:13,267 [INFO] Created politician Mackenzie, Ryan -> 1329
2026-01-08 04:09:13,915 [INFO] Created politician Latimer, George -> 1330
2026-01-08 04:09:14,582 [INFO] Created politician Knott, Brad -> 1331
2026-01-08 04:09:15,256 [INFO] Created politician Kennedy, Mike -> 1332
2026-01-08 04:09:15,941 [INFO] Created politician Johnson, Julie -> 1333
2026-01-08 04:09:16,627 [ERROR] Failed to ingest member H001103: new row for relation "politicians" violates check constraint "chk_politicians_state_code_valid"
DETAIL:  Failing row contains (1334, Hernández, Pablo Jose, Democrat, PR, null, Representative, null, null, 2026-01-08 09:08:47.02639+00, 2026-01-08 09:08:47.02639+00).

2026-01-08 04:09:17,419 [INFO] Updated politician Harris, Mark (232)
2026-01-08 04:09:17,898 [INFO] Updated politician Harrigan, Pat (233)
2026-01-08 04:09:18,376 [INFO] Updated politician Goodlander, Maggie (234)
2026-01-08 04:09:18,864 [INFO] Updated politician Gill, Brandon (235)
2026-01-08 04:09:19,357 [INFO] Updated politician Gillen, Laura (236)
2026-01-08 04:09:19,846 [INFO] Updated politician Goldman, Craig A. (237)
2026-01-08 04:09:20,337 [INFO] Updated politician Friedman, Laura (238)
2026-01-08 04:09:20,997 [INFO] Updated politician Fedorchak, Julie (239)
2026-01-08 04:09:21,163 [INFO] Progress: 150/5200 members ingested
2026-01-08 04:09:21,983 [INFO] Created politician Elfreth, Sarah -> 1335
2026-01-08 04:09:22,618 [INFO] Created politician Dexter, Maxine -> 1336
2026-01-08 04:09:23,279 [INFO] Created politician Downing, Troy -> 1337
2026-01-08 04:09:23,958 [INFO] Created politician Conaway, Herbert C. -> 1338
2026-01-08 04:09:24,636 [INFO] Created politician Bresnahan, Robert P. -> 1339
2026-01-08 04:09:25,319 [INFO] Created politician Bynum, Janelle S. -> 1340
2026-01-08 04:09:25,999 [INFO] Created politician Biggs, Sheri -> 1341
2026-01-08 04:09:26,640 [INFO] Created politician Baumgartner, Michael -> 1342
2026-01-08 04:09:27,298 [INFO] Created politician Barrett, Tom -> 1343
2026-01-08 04:09:27,963 [INFO] Created politician McCormick, Richard -> 1344
2026-01-08 04:09:28,597 [INFO] Created politician Stutzman, Marlin A. -> 1345
2026-01-08 04:09:29,259 [INFO] Created politician Fields, Cleo -> 1346
2026-01-08 04:09:29,936 [INFO] Created politician Onder, Robert F. -> 1347
2026-01-08 04:09:30,579 [INFO] Created politician McBride, Sarah -> 1348
2026-01-08 04:09:31,237 [INFO] Created politician Morrison, Kelly -> 1349
2026-01-08 04:09:31,896 [ERROR] Failed to ingest member K000404: new row for relation "politicians" violates check constraint "chk_politicians_state_code_valid"
DETAIL:  Failing row contains (1350, King-Hinds, Kimberlyn, Republican, MP, null, Representative, null, null, 2026-01-08 09:09:20.406127+00, 2026-01-08 09:09:20.406127+00).

2026-01-08 04:09:32,699 [INFO] Updated politician Jack, Brian (256)
2026-01-08 04:09:33,185 [INFO] Updated politician Haridopolos, Mike (257)
2026-01-08 04:09:33,658 [INFO] Updated politician Figures, Shomari (258)
2026-01-08 04:09:34,168 [INFO] Updated politician Evans, Gabe (259)
2026-01-08 04:09:34,658 [INFO] Updated politician Crank, Jeff (260)
2026-01-08 04:09:35,138 [INFO] Updated politician Bell, Wesley (261)
2026-01-08 04:09:35,619 [INFO] Updated politician Wied, Tony (262)
2026-01-08 04:09:36,099 [INFO] Updated politician McIver, LaMonica (263)
2026-01-08 04:09:36,619 [INFO] Updated politician Fong, Vince (264)
2026-01-08 04:09:37,097 [INFO] Updated politician Kennedy, Timothy M. (265)
2026-01-08 04:09:37,577 [INFO] Updated politician Maloy, Celeste (266)
2026-01-08 04:09:38,057 [INFO] Updated politician Amo, Gabe (267)
2026-01-08 04:09:38,538 [INFO] Updated politician McClellan, Jennifer L. (268)
2026-01-08 04:09:39,018 [INFO] Updated politician Van Orden, Derrick (269)
2026-01-08 04:09:39,569 [INFO] Updated politician Self, Keith (270)
2026-01-08 04:09:40,082 [INFO] Updated politician Perez, Marie Gluesenkamp (271)
2026-01-08 04:09:40,583 [INFO] Updated politician Ogles, Andrew (272)
2026-01-08 04:09:41,079 [INFO] Updated politician Moran, Nathaniel (273)
2026-01-08 04:09:41,560 [INFO] Updated politician Magaziner, Seth (274)
2026-01-08 04:09:42,045 [INFO] Updated politician Luttrell, Morgan (275)
2026-01-08 04:09:42,538 [INFO] Updated politician Lee, Summer L. (276)
2026-01-08 04:09:43,019 [INFO] Updated politician Kiggans, Jennifer A. (277)
2026-01-08 04:09:43,500 [INFO] Updated politician Hunt, Wesley (278)
2026-01-08 04:09:44,004 [INFO] Updated politician Hageman, Harriet M. (279)
2026-01-08 04:09:44,490 [INFO] Updated politician Fry, Russell (280)
2026-01-08 04:09:44,979 [INFO] Updated politician Deluzio, Christopher R. (281)
2026-01-08 04:09:45,459 [INFO] Updated politician De La Cruz, Monica (282)
2026-01-08 04:09:45,939 [INFO] Updated politician Crockett, Jasmine (283)
2026-01-08 04:09:46,418 [INFO] Updated politician Casar, Greg (284)
2026-01-08 04:09:46,905 [INFO] Updated politician Balint, Becca (285)
2026-01-08 04:09:47,399 [INFO] Updated politician Moore, Barry (286)
2026-01-08 04:09:47,878 [INFO] Updated politician Franklin, Scott (287)
2026-01-08 04:09:48,376 [INFO] Updated politician Boebert, Lauren (288)
2026-01-08 04:09:49,046 [INFO] Updated politician Miller, Carol D. (289)
2026-01-08 04:09:49,558 [INFO] Updated politician McBath, Lucy (290)
2026-01-08 04:09:49,722 [INFO] Progress: 200/5200 members ingested
2026-01-08 04:09:50,523 [INFO] Created politician Cisneros, Gilbert Ray -> 1351
2026-01-08 04:09:51,180 [INFO] Created politician Scanlon, Mary Gay -> 1352
2026-01-08 04:09:51,815 [INFO] Created politician Gonzalez, Vicente -> 1353
2026-01-08 04:09:52,458 [INFO] Created politician Suozzi, Thomas R. -> 1354
2026-01-08 04:09:53,118 [INFO] Created politician Green, Al -> 1355
2026-01-08 04:09:53,778 [INFO] Created politician Doggett, Lloyd -> 1356
2026-01-08 04:09:54,442 [INFO] Created politician Vasquez, Gabe -> 1357
2026-01-08 04:09:55,122 [INFO] Created politician Tokuda, Jill N. -> 1358
2026-01-08 04:09:55,763 [INFO] Created politician Thanedar, Shri -> 1359
2026-01-08 04:09:56,420 [INFO] Created politician Sykes, Emilia Strong -> 1360
2026-01-08 04:09:57,078 [INFO] Created politician Sorensen, Eric -> 1361
2026-01-08 04:09:57,736 [INFO] Created politician Scholten, Hillary J. -> 1362
2026-01-08 04:09:58,379 [INFO] Created politician Salinas, Andrea -> 1363
2026-01-08 04:09:59,067 [INFO] Created politician Ramirez, Delia C. -> 1364
2026-01-08 04:09:59,698 [INFO] Created politician Nunn, Zachary -> 1365
2026-01-08 04:10:00,339 [ERROR] Failed to ingest member M001219: new row for relation "politicians" violates check constraint "chk_politicians_state_code_valid"
DETAIL:  Failing row contains (1366, Moylan, James C., Republican, GU, null, Representative, null, null, 2026-01-08 09:09:48.966387+00, 2026-01-08 09:09:48.966387+00).

2026-01-08 04:10:01,138 [INFO] Updated politician Moskowitz, Jared (307)
2026-01-08 04:10:01,619 [INFO] Updated politician Mills, Cory (308)
2026-01-08 04:10:02,100 [INFO] Updated politician Miller, Max L. (309)
2026-01-08 04:10:02,599 [INFO] Updated politician Menendez, Robert (310)
2026-01-08 04:10:03,081 [INFO] Updated politician McGarvey, Morgan (311)
2026-01-08 04:10:03,560 [INFO] Updated politician Luna, Anna Paulina (312)
2026-01-08 04:10:04,063 [INFO] Updated politician Lee, Laurel M. (313)
2026-01-08 04:10:04,558 [INFO] Updated politician Lawler, Michael (314)
2026-01-08 04:10:05,041 [INFO] Updated politician Langworthy, Nicholas A. (315)
2026-01-08 04:10:05,523 [INFO] Updated politician Landsman, Greg (316)
2026-01-08 04:10:06,000 [INFO] Updated politician LaLota, Nick (317)
2026-01-08 04:10:06,501 [INFO] Updated politician Kean, Thomas H. (318)
2026-01-08 04:10:06,986 [INFO] Updated politician James, John (319)
2026-01-08 04:10:07,478 [INFO] Updated politician Jackson, Jonathan L. (320)
2026-01-08 04:10:07,965 [INFO] Updated politician Ivey, Glenn (321)
2026-01-08 04:10:08,463 [INFO] Updated politician Hoyle, Val T. (322)
2026-01-08 04:10:08,945 [INFO] Updated politician Houchin, Erin (323)
2026-01-08 04:10:09,483 [INFO] Updated politician Goldman, Daniel S. (324)
2026-01-08 04:10:09,959 [INFO] Updated politician Frost, Maxwell (325)
2026-01-08 04:10:10,461 [INFO] Updated politician Foushee, Valerie P. (326)
2026-01-08 04:10:10,961 [INFO] Updated politician Ezell, Mike (327)
2026-01-08 04:10:11,443 [INFO] Updated politician Edwards, Chuck (328)
2026-01-08 04:10:11,945 [INFO] Updated politician Davis, Donald G. (329)
2026-01-08 04:10:12,418 [INFO] Updated politician Collins, Mike (330)
2026-01-08 04:10:12,900 [INFO] Updated politician Burlison, Eric (331)
2026-01-08 04:10:13,378 [INFO] Updated politician Budzinski, Nikki (332)
2026-01-08 04:10:13,858 [INFO] Updated politician Brecheen, Josh (333)
2026-01-08 04:10:14,341 [INFO] Updated politician Alford, Mark (334)
2026-01-08 04:10:14,820 [INFO] Updated politician Ryan, Patrick (335)
2026-01-08 04:10:15,320 [INFO] Updated politician Miller-Meeks, Mariannette (336)
2026-01-08 04:10:15,799 [INFO] Updated politician McClain, Lisa C. (337)
2026-01-08 04:10:16,299 [INFO] Updated politician Hinson, Ashley (338)
2026-01-08 04:10:16,956 [INFO] Updated politician Gimenez, Carlos A. (339)
2026-01-08 04:10:17,441 [INFO] Updated politician Tlaib, Rashida (340)
2026-01-08 04:10:17,921 [INFO] Updated politician Tenney, Claudia (341)
2026-01-08 04:10:18,081 [INFO] Progress: 250/5200 members ingested
2026-01-08 04:10:18,720 [INFO] Updated politician Mast, Brian J. (342)
2026-01-08 04:10:19,239 [INFO] Updated politician Rutherford, John H. (343)
2026-01-08 04:10:19,723 [INFO] Updated politician LaHood, Darin (344)
2026-01-08 04:10:20,203 [INFO] Updated politician Zinke, Ryan K. (345)
2026-01-08 04:10:20,680 [INFO] Updated politician Dingell, Debbie (346)
2026-01-08 04:10:21,158 [INFO] Updated politician Moolenaar, John R. (347)
2026-01-08 04:10:21,645 [INFO] Updated politician Hudson, Richard (348)
2026-01-08 04:10:22,121 [INFO] Updated politician Frankel, Lois (349)
2026-01-08 04:10:22,599 [INFO] Updated politician Huizenga, Bill (350)
2026-01-08 04:10:23,079 [INFO] Updated politician Walberg, Tim (351)
2026-01-08 04:10:23,566 [INFO] Updated politician Nadler, Jerrold (352)
2026-01-08 04:10:24,038 [INFO] Updated politician Wasserman Schultz, Debbie (353)
2026-01-08 04:10:24,522 [INFO] Updated politician Diaz-Balart, Mario (354)
2026-01-08 04:10:25,004 [INFO] Updated politician Strong, Dale W. (355)
2026-01-08 04:10:25,502 [INFO] Updated politician Pettersen, Brittany (356)
2026-01-08 04:10:26,001 [INFO] Updated politician Mullin, Kevin (357)
2026-01-08 04:10:26,481 [INFO] Updated politician Kiley, Kevin (358)
2026-01-08 04:10:26,968 [INFO] Updated politician Kamlager-Dove, Sydney (359)
2026-01-08 04:10:27,461 [INFO] Updated politician Garcia, Robert (360)
2026-01-08 04:10:27,960 [INFO] Updated politician Crane, Elijah (361)
2026-01-08 04:10:28,448 [INFO] Updated politician Ciscomani, Juan (362)
2026-01-08 04:10:28,920 [INFO] Updated politician Bean, Aaron (363)
2026-01-08 04:10:29,400 [INFO] Updated politician Yakym, Rudy (364)
2026-01-08 04:10:29,900 [INFO] Updated politician Finstad, Brad (365)
2026-01-08 04:10:30,385 [INFO] Updated politician Flood, Mike (366)
2026-01-08 04:10:30,858 [INFO] Updated politician Cherfilus-McCormick, Sheila (367)
2026-01-08 04:10:31,338 [INFO] Updated politician Carey, Mike (368)
2026-01-08 04:10:31,823 [INFO] Updated politician Brown, Shontel M. (369)
2026-01-08 04:10:32,320 [INFO] Updated politician Ellzey, Jake (370)
2026-01-08 04:10:32,821 [INFO] Updated politician Stansbury, Melanie A. (371)
2026-01-08 04:10:33,320 [INFO] Updated politician Carter, Troy A. (372)
2026-01-08 04:10:33,821 [INFO] Updated politician Letlow, Julia (373)
2026-01-08 04:10:34,300 [INFO] Updated politician Obernolte, Jay (374)
2026-01-08 04:10:34,800 [INFO] Updated politician Kim, Young (375)
2026-01-08 04:10:35,286 [INFO] Updated politician Van Duyne, Beth (376)
2026-01-08 04:10:35,784 [INFO] Updated politician Strickland, Marilyn (377)
2026-01-08 04:10:36,301 [INFO] Updated politician Owens, Burgess (378)
2026-01-08 04:10:36,802 [INFO] Updated politician Nehls, Troy E. (379)
2026-01-08 04:10:37,280 [INFO] Updated politician Moore, Blake D. (380)
2026-01-08 04:10:37,765 [INFO] Updated politician Jacobs, Sara (381)
2026-01-08 04:10:38,280 [INFO] Updated politician Jackson, Ronny (382)
2026-01-08 04:10:38,761 [INFO] Updated politician Gonzales, Tony (383)
2026-01-08 04:10:39,243 [INFO] Updated politician Fitzgerald, Scott (384)
2026-01-08 04:10:39,721 [INFO] Updated politician Harder, Josh (385)
2026-01-08 04:10:40,208 [INFO] Updated politician Stanton, Greg (386)
2026-01-08 04:10:40,722 [INFO] Updated politician Panetta, Jimmy (387)
2026-01-08 04:10:41,205 [INFO] Updated politician Lieu, Ted (388)
2026-01-08 04:10:41,884 [INFO] Updated politician Aguilar, Pete (389)
2026-01-08 04:10:42,381 [INFO] Updated politician DeSaulnier, Mark (390)
2026-01-08 04:10:42,860 [INFO] Updated politician Peters, Scott H. (391)
2026-01-08 04:10:43,078 [INFO] Progress: 300/5200 members ingested
2026-01-08 04:10:43,738 [INFO] Updated politician Vargas, Juan (392)
2026-01-08 04:10:44,225 [INFO] Updated politician Takano, Mark (393)
2026-01-08 04:10:44,766 [INFO] Updated politician Ruiz, Raul (394)
2026-01-08 04:10:45,243 [INFO] Updated politician Valadao, David G. (395)
2026-01-08 04:10:45,717 [INFO] Updated politician Swalwell, Eric (396)
2026-01-08 04:10:46,207 [INFO] Updated politician Bera, Ami (397)
2026-01-08 04:10:46,706 [INFO] Updated politician Garamendi, John (398)
2026-01-08 04:10:47,184 [INFO] Updated politician Chu, Judy (399)
2026-01-08 04:10:47,681 [INFO] Updated politician Schweikert, David (400)
2026-01-08 04:10:48,200 [INFO] Updated politician Gosar, Paul A. (401)
2026-01-08 04:10:48,726 [INFO] Updated politician McClintock, Tom (402)
2026-01-08 04:10:49,200 [INFO] Updated politician Matsui, Doris O. (403)
2026-01-08 04:10:49,722 [INFO] Updated politician Thompson, Mike (404)
2026-01-08 04:10:50,200 [INFO] Updated politician Sherman, Brad (405)
2026-01-08 04:10:50,681 [INFO] Updated politician Sessions, Pete (406)
2026-01-08 04:10:51,214 [INFO] Updated politician Costa, Jim (407)
2026-01-08 04:10:51,718 [INFO] Updated politician Issa, Darrell (408)
2026-01-08 04:10:52,200 [INFO] Updated politician Calvert, Ken (409)
2026-01-08 04:10:52,680 [INFO] Updated politician Lofgren, Zoe (410)
2026-01-08 04:10:53,165 [INFO] Updated politician Williams, Nikema (411)
2026-01-08 04:10:53,646 [INFO] Updated politician Torres, Ritchie (412)
2026-01-08 04:10:54,146 [INFO] Updated politician Spartz, Victoria (413)
2026-01-08 04:10:54,641 [INFO] Updated politician Salazar, Maria Elvira (414)
2026-01-08 04:10:55,131 [INFO] Updated politician Ross, Deborah K. (415)
2026-01-08 04:10:55,603 [INFO] Updated politician Pfluger, August (416)
2026-01-08 04:10:56,091 [INFO] Updated politician Mrvan, Frank J. (417)
2026-01-08 04:10:56,582 [INFO] Updated politician Miller, Mary E. (418)
2026-01-08 04:10:57,060 [INFO] Updated politician Mann, Tracey (419)
2026-01-08 04:10:57,541 [INFO] Updated politician Malliotakis, Nicole (420)
2026-01-08 04:10:58,021 [INFO] Updated politician Mace, Nancy (421)
2026-01-08 04:10:58,501 [INFO] Updated politician Leger Fernandez, Teresa (422)
2026-01-08 04:10:58,981 [INFO] Updated politician Harshbarger, Diana (423)
2026-01-08 04:10:59,463 [INFO] Updated politician Garbarino, Andrew R. (424)
2026-01-08 04:10:59,961 [INFO] Updated politician Fischbach, Michelle (425)
2026-01-08 04:11:00,444 [INFO] Updated politician Feenstra, Randy (426)
2026-01-08 04:11:00,919 [INFO] Updated politician Fallon, Pat (427)
2026-01-08 04:11:01,398 [INFO] Updated politician Donalds, Byron (428)
2026-01-08 04:11:01,886 [INFO] Updated politician Clyde, Andrew S. (429)
2026-01-08 04:11:02,362 [INFO] Updated politician Cammack, Kat (430)
2026-01-08 04:11:02,849 [INFO] Updated politician Bice, Stephanie I. (431)
2026-01-08 04:11:03,345 [INFO] Updated politician Bentz, Cliff (432)
2026-01-08 04:11:03,827 [INFO] Updated politician Auchincloss, Jake (433)
2026-01-08 04:11:04,322 [INFO] Updated politician Tiffany, Thomas P. (434)
2026-01-08 04:11:04,806 [INFO] Updated politician Murphy, Gregory F. (435)
2026-01-08 04:11:05,307 [INFO] Updated politician Golden, Jared F. (436)
2026-01-08 04:11:05,809 [INFO] Updated politician Steil, Bryan (437)
2026-01-08 04:11:06,302 [INFO] Updated politician Schrier, Kim (438)
2026-01-08 04:11:06,941 [INFO] Updated politician Cline, Ben (439)
2026-01-08 04:11:07,423 [INFO] Updated politician Garcia, Sylvia R. (440)
2026-01-08 04:11:07,921 [INFO] Updated politician Roy, Chip (441)
2026-01-08 04:11:08,083 [INFO] Progress: 350/5200 members ingested
2026-01-08 04:11:08,727 [INFO] Updated politician Escobar, Veronica (442)
2026-01-08 04:11:09,226 [INFO] Updated politician Fletcher, Lizzie (443)
2026-01-08 04:11:09,702 [INFO] Updated politician Gooden, Lance (444)
2026-01-08 04:11:10,185 [INFO] Updated politician Crenshaw, Dan (445)
2026-01-08 04:11:10,672 [INFO] Updated politician Rose, John W. (446)
2026-01-08 04:11:11,221 [INFO] Updated politician Burchett, Tim (447)
2026-01-08 04:11:11,700 [INFO] Updated politician Johnson, Dusty (448)
2026-01-08 04:11:12,188 [INFO] Updated politician Timmons, William R. (449)
2026-01-08 04:11:12,706 [INFO] Updated politician Reschenthaler, Guy (450)
2026-01-08 04:11:13,221 [INFO] Updated politician Joyce, John (451)
2026-01-08 04:11:13,700 [INFO] Updated politician Meuser, Daniel (452)
2026-01-08 04:11:14,183 [INFO] Updated politician Houlahan, Chrissy (453)
2026-01-08 04:11:14,663 [INFO] Updated politician Dean, Madeleine (454)
2026-01-08 04:11:15,165 [INFO] Updated politician Van Drew, Jefferson (455)
2026-01-08 04:11:15,663 [INFO] Updated politician Craig, Angie (456)
2026-01-08 04:11:16,142 [INFO] Updated politician García, Jesús G. "Chuy" (457)
2026-01-08 04:11:16,713 [INFO] Updated politician Smucker, Lloyd (458)
2026-01-08 04:11:17,203 [INFO] Updated politician Evans, Dwight (459)
2026-01-08 04:11:17,701 [INFO] Updated politician Boyle, Brendan F. (460)
2026-01-08 04:11:18,183 [INFO] Updated politician Perry, Scott (461)
2026-01-08 04:11:18,666 [INFO] Updated politician Kelly, Mike (462)
2026-01-08 04:11:19,164 [INFO] Updated politician Thompson, Glenn (463)
2026-01-08 04:11:19,644 [INFO] Updated politician Mfume, Kweisi (464)
2026-01-08 04:11:20,127 [INFO] Updated politician Walkinshaw, James R. (465)
2026-01-08 04:11:20,600 [INFO] Updated politician Ocasio-Cortez, Alexandria (466)
2026-01-08 04:11:21,081 [INFO] Updated politician Lee, Susie (467)
2026-01-08 04:11:21,563 [INFO] Updated politician Pappas, Chris (468)
2026-01-08 04:11:22,046 [INFO] Updated politician Guest, Michael (469)
2026-01-08 04:11:22,527 [INFO] Updated politician Stauber, Pete (470)
2026-01-08 04:11:23,025 [INFO] Updated politician Omar, Ilhan (471)
2026-01-08 04:11:23,517 [INFO] Updated politician Stevens, Haley M. (472)
2026-01-08 04:11:24,007 [INFO] Updated politician Pressley, Ayanna (473)
2026-01-08 04:11:24,484 [INFO] Updated politician Trahan, Lori (474)
2026-01-08 04:11:24,963 [INFO] Updated politician Davids, Sharice (475)
2026-01-08 04:11:25,535 [INFO] Updated politician Baird, James R. (476)
2026-01-08 04:11:26,055 [INFO] Updated politician Underwood, Lauren (477)
2026-01-08 04:11:26,528 [INFO] Updated politician Casten, Sean (478)
2026-01-08 04:11:27,007 [INFO] Updated politician Fulcher, Russ (479)
2026-01-08 04:11:27,487 [INFO] Updated politician Steube, W. Gregory (480)
2026-01-08 04:11:28,003 [INFO] Updated politician Hayes, Jahana (481)
2026-01-08 04:11:28,481 [INFO] Updated politician Crow, Jason (482)
2026-01-08 04:11:28,960 [INFO] Updated politician Neguse, Joe (483)
2026-01-08 04:11:29,539 [INFO] Updated politician Levin, Mike (484)
2026-01-08 04:11:30,034 [INFO] Updated politician Hern, Kevin (485)
2026-01-08 04:11:30,563 [INFO] Updated politician Morelle, Joseph D. (486)
2026-01-08 04:11:31,038 [INFO] Updated politician Balderson, Troy (487)
2026-01-08 04:11:31,524 [INFO] Updated politician Cloud, Michael (488)
2026-01-08 04:11:32,214 [INFO] Updated politician Gomez, Jimmy (489)
2026-01-08 04:11:32,725 [INFO] Updated politician Norman, Ralph (490)
2026-01-08 04:11:33,208 [INFO] Updated politician Estes, Ron (491)
2026-01-08 04:11:33,366 [INFO] Progress: 400/5200 members ingested
2026-01-08 04:11:34,184 [INFO] Created politician Jayapal, Pramila -> 1367
2026-01-08 04:11:34,869 [INFO] Created politician Arrington, Jodey C. -> 1368
2026-01-08 04:11:35,543 [INFO] Created politician Kustoff, David -> 1369
2026-01-08 04:11:36,205 [INFO] Created politician Fitzpatrick, Brian K. -> 1370
2026-01-08 04:11:36,862 [INFO] Created politician Espaillat, Adriano -> 1371
2026-01-08 04:11:37,544 [INFO] Created politician Gottheimer, Josh -> 1372
2026-01-08 04:11:38,215 [INFO] Created politician Bacon, Don -> 1373
2026-01-08 04:11:38,873 [INFO] Created politician Bergman, Jack -> 1374
2026-01-08 04:11:39,528 [INFO] Created politician Raskin, Jamie -> 1375
2026-01-08 04:11:40,158 [INFO] Created politician Johnson, Mike -> 1376
2026-01-08 04:11:40,803 [INFO] Created politician Higgins, Clay -> 1377
2026-01-08 04:11:41,484 [INFO] Created politician Krishnamoorthi, Raja -> 1378
2026-01-08 04:11:42,141 [INFO] Created politician Soto, Darren -> 1379
2026-01-08 04:11:42,785 [INFO] Created politician Correa, J. Luis -> 1380
2026-01-08 04:11:43,438 [INFO] Created politician Barragán, Nanette Diaz -> 1381
2026-01-08 04:11:44,154 [INFO] Created politician Carbajal, Salud O. -> 1382
2026-01-08 04:11:44,828 [INFO] Created politician Horsford, Steven -> 1383
2026-01-08 04:11:45,508 [INFO] Created politician Schneider, Bradley Scott -> 1384
2026-01-08 04:11:46,171 [INFO] Created politician Webster, Daniel -> 1385
2026-01-08 04:11:46,847 [INFO] Created politician Case, Ed -> 1386
2026-01-08 04:11:47,523 [INFO] Created politician Min, Dave -> 1387
2026-01-08 04:11:48,202 [INFO] Created politician Hurd, Jeff -> 1388
2026-01-08 04:11:48,861 [INFO] Created politician Biggs, Andy -> 1389
2026-01-08 04:11:49,546 [INFO] Created politician Khanna, Ro -> 1390
2026-01-08 04:11:50,202 [INFO] Created politician Comer, James -> 1391
2026-01-08 04:11:50,861 [INFO] Created politician Davidson, Warren -> 1392
2026-01-08 04:11:51,522 [INFO] Created politician Kelly, Trent -> 1393
2026-01-08 04:11:52,163 [INFO] Created politician Grothman, Glenn -> 1394
2026-01-08 04:11:52,845 [INFO] Created politician Newhouse, Dan -> 1395
2026-01-08 04:11:53,484 [ERROR] Failed to ingest member P000610: new row for relation "politicians" violates check constraint "chk_politicians_state_code_valid"
DETAIL:  Failing row contains (1396, Plaskett, Stacey E., Democrat, VI, null, Representative, null, null, 2026-01-08 09:11:32.606259+00, 2026-01-08 09:11:32.606259+00).

2026-01-08 04:11:54,482 [INFO] Created politician Beyer, Donald S. -> 1397
2026-01-08 04:11:55,144 [INFO] Created politician Babin, Brian -> 1398
2026-01-08 04:11:55,784 [INFO] Created politician Stefanik, Elise M. -> 1399
2026-01-08 04:11:56,470 [INFO] Created politician Watson Coleman, Bonnie -> 1400
2026-01-08 04:11:57,125 [INFO] Created politician Rouzer, David -> 1401
2026-01-08 04:11:57,801 [INFO] Created politician Emmer, Tom -> 1402
2026-01-08 04:11:58,443 [INFO] Created politician Moulton, Seth -> 1403
2026-01-08 04:11:59,109 [INFO] Created politician Bost, Mike -> 1404
2026-01-08 04:11:59,818 [INFO] Created politician Allen, Rick W. -> 1405
2026-01-08 04:12:00,520 [INFO] Created politician Loudermilk, Barry -> 1406
2026-01-08 04:12:01,163 [INFO] Created politician Carter, Earl L. "Buddy" -> 1407
2026-01-08 04:12:01,821 [INFO] Created politician Torres, Norma J. -> 1408
2026-01-08 04:12:02,464 [INFO] Created politician Westerman, Bruce -> 1409
2026-01-08 04:12:03,101 [INFO] Created politician Hill, J. French -> 1410
2026-01-08 04:12:03,763 [ERROR] Failed to ingest member R000600: new row for relation "politicians" violates check constraint "chk_politicians_state_code_valid"
DETAIL:  Failing row contains (1411, Radewagen, Aumua Amata Coleman, Republican, AS, null, Representative, null, null, 2026-01-08 09:11:52.886135+00, 2026-01-08 09:11:52.886135+00).

2026-01-08 04:12:04,564 [INFO] Updated politician Palmer, Gary J. (537)
2026-01-08 04:12:05,047 [INFO] Updated politician Norcross, Donald (538)
2026-01-08 04:12:05,695 [INFO] Updated politician Adams, Alma S. (539)
2026-01-08 04:12:06,209 [INFO] Updated politician Clark, Katherine M. (540)
2026-01-08 04:12:06,703 [INFO] Updated politician Smith, Jason (541)
2026-01-08 04:12:07,204 [INFO] Updated politician Barr, Andy (542)
2026-01-08 04:12:07,707 [INFO] Updated politician Clarke, Yvette D. (543)
2026-01-08 04:12:07,864 [INFO] Progress: 450/5200 members ingested
2026-01-08 04:12:08,505 [INFO] Updated politician Tonko, Paul (544)
2026-01-08 04:12:08,986 [INFO] Updated politician Kelly, Robin L. (545)
2026-01-08 04:12:09,474 [INFO] Updated politician Meeks, Gregory W. (546)
2026-01-08 04:12:09,962 [INFO] Updated politician Velázquez, Nydia M. (547)
2026-01-08 04:12:10,465 [INFO] Updated politician Turner, Michael R. (548)
2026-01-08 04:12:10,942 [INFO] Updated politician Tran, Derek (549)
2026-01-08 04:12:11,425 [INFO] Updated politician Pocan, Mark (550)
2026-01-08 04:12:11,904 [INFO] Updated politician Veasey, Marc A. (551)
2026-01-08 04:12:12,406 [INFO] Updated politician Williams, Roger (552)
2026-01-08 04:12:12,883 [INFO] Updated politician Castro, Joaquin (553)
2026-01-08 04:12:13,384 [INFO] Updated politician Weber, Randy K. Sr. (554)
2026-01-08 04:12:13,865 [INFO] Updated politician Joyce, David P. (555)
2026-01-08 04:12:14,364 [INFO] Updated politician Beatty, Joyce (556)
2026-01-08 04:12:14,863 [INFO] Updated politician Jeffries, Hakeem S. (557)
2026-01-08 04:12:15,345 [INFO] Updated politician Meng, Grace (558)
2026-01-08 04:12:15,820 [INFO] Updated politician Wagner, Ann (559)
2026-01-08 04:12:16,303 [INFO] Updated politician Brownley, Julia (560)
2026-01-08 04:12:16,802 [INFO] Updated politician Huffman, Jared (561)
2026-01-08 04:12:17,284 [INFO] Updated politician DelBene, Suzan K. (562)
2026-01-08 04:12:17,782 [INFO] Updated politician Massie, Thomas (563)
2026-01-08 04:12:18,307 [INFO] Updated politician Bonamici, Suzanne (564)
2026-01-08 04:12:18,781 [INFO] Updated politician Amodei, Mark E. (565)
2026-01-08 04:12:19,269 [INFO] Updated politician Wittman, Robert J. (566)
2026-01-08 04:12:19,764 [INFO] Updated politician Latta, Robert E. (567)
2026-01-08 04:12:20,242 [INFO] Updated politician Griffith, H. Morgan (568)
2026-01-08 04:12:20,724 [INFO] Updated politician DesJarlais, Scott (569)
2026-01-08 04:12:21,207 [INFO] Updated politician Fleischmann, Charles J. "Chuck" (570)
2026-01-08 04:12:21,684 [INFO] Updated politician Harris, Andy (571)
2026-01-08 04:12:22,190 [INFO] Updated politician Keating, William R. (572)
2026-01-08 04:12:22,689 [INFO] Updated politician Scott, Austin (573)
2026-01-08 04:12:23,167 [INFO] Updated politician Wilson, Frederica S. (574)
2026-01-08 04:12:23,651 [INFO] Updated politician Womack, Steve (575)
2026-01-08 04:12:24,129 [INFO] Updated politician Sewell, Terri A. (576)
2026-01-08 04:12:24,607 [INFO] Updated politician Cohen, Steve (577)
2026-01-08 04:12:25,084 [INFO] Updated politician Jordan, Jim (578)
2026-01-08 04:12:25,560 [INFO] Updated politician Buchanan, Vern (579)
2026-01-08 04:12:26,045 [INFO] Updated politician Castor, Kathy (580)
2026-01-08 04:12:26,528 [INFO] Updated politician Bilirakis, Gus M. (581)
2026-01-08 04:12:27,029 [INFO] Updated politician Quigley, Mike (582)
2026-01-08 04:12:27,502 [INFO] Updated politician Titus, Dina (583)
2026-01-08 04:12:27,983 [INFO] Updated politician Pingree, Chellie (584)
2026-01-08 04:12:28,464 [INFO] Updated politician Guthrie, Brett (585)
2026-01-08 04:12:28,948 [INFO] Updated politician Himes, James A. (586)
2026-01-08 04:12:29,449 [INFO] Updated politician Scalise, Steve (587)
2026-01-08 04:12:29,962 [INFO] Updated politician Foster, Bill (588)
2026-01-08 04:12:30,621 [INFO] Updated politician Carson, André (589)
2026-01-08 04:12:31,105 [INFO] Updated politician McGovern, James P. (590)
2026-01-08 04:12:31,605 [INFO] Updated politician Neal, Richard E. (591)
2026-01-08 04:12:32,085 [INFO] Updated politician Moore, Gwen (592)
2026-01-08 04:12:32,562 [INFO] Updated politician Scott, David (593)
2026-01-08 04:12:32,727 [INFO] Progress: 500/5200 members ingested
2026-01-08 04:12:33,362 [INFO] Updated politician Sánchez, Linda T. (594)
2026-01-08 04:12:33,844 [INFO] Updated politician Lynch, Stephen F. (595)
2026-01-08 04:12:34,348 [INFO] Updated politician Simon, Lateefah (596)
2026-01-08 04:12:34,829 [INFO] Updated politician Randall, Emily (597)
2026-01-08 04:12:35,330 [INFO] Updated politician Rivas, Luz M. (598)
2026-01-08 04:12:35,848 [INFO] Updated politician Liccardo, Sam T. (599)
2026-01-08 04:12:36,345 [INFO] Updated politician Hamadeh, Abraham J. (600)
2026-01-08 04:12:36,827 [INFO] Updated politician Gray, Adam (601)
2026-01-08 04:12:37,345 [INFO] Updated politician Begich, Nicholas J. (602)
2026-01-08 04:12:37,843 [INFO] Updated politician Ansari, Yassamin (603)
2026-01-08 04:12:38,325 [INFO] Updated politician Smith, Adrian (604)
2026-01-08 04:12:38,824 [INFO] Updated politician Johnson, Henry C. "Hank" (605)
2026-01-08 04:12:39,297 [INFO] Updated politician Courtney, Joe (606)
2026-01-08 04:12:39,802 [INFO] Updated politician Pallone, Frank (607)
2026-01-08 04:12:40,284 [INFO] Updated politician Simpson, Michael K. (608)
2026-01-08 04:12:40,763 [INFO] Updated politician Schakowsky, Janice D. (609)
2026-01-08 04:12:41,244 [INFO] Updated politician Larson, John B. (610)
2026-01-08 04:12:41,755 [INFO] Updated politician Smith, Adam (611)
2026-01-08 04:12:42,245 [INFO] Updated politician DeGette, Diana (612)
2026-01-08 04:12:42,724 [INFO] Updated politician Davis, Danny K. (613)
2026-01-08 04:12:43,202 [INFO] Updated politician Aderholt, Robert B. (614)
2026-01-08 04:12:43,679 [INFO] Updated politician Thompson, Bennie G. (615)
2026-01-08 04:12:44,165 [INFO] Updated politician Smith, Christopher H. (616)
2026-01-08 04:12:44,652 [INFO] Updated politician Scott, Robert C. "Bobby" (617)
2026-01-08 04:12:45,165 [INFO] Updated politician Rogers, Harold (618)
2026-01-08 04:12:45,643 [INFO] Updated politician Bishop, Sanford D. (619)
2026-01-08 04:12:46,122 [INFO] Updated politician Lucas, Frank D. (620)
2026-01-08 04:12:46,602 [INFO] Updated politician Cuellar, Henry (621)
2026-01-08 04:12:47,090 [INFO] Updated politician McCaul, Michael T. (622)
2026-01-08 04:12:47,583 [INFO] Updated politician Foxx, Virginia (623)
2026-01-08 04:12:48,066 [INFO] Updated politician Cleaver, Emanuel (624)
2026-01-08 04:12:48,543 [INFO] Updated politician Carter, John R. (625)
2026-01-08 04:12:49,024 [INFO] Updated politician Cole, Tom (626)
2026-01-08 04:12:49,507 [INFO] Updated politician Rogers, Mike D. (627)
2026-01-08 04:12:49,999 [INFO] Updated politician Wilson, Joe (628)
2026-01-08 04:12:50,502 [INFO] Updated politician Larsen, Rick (629)
2026-01-08 04:12:50,983 [INFO] Updated politician Graves, Sam (630)
2026-01-08 04:12:51,465 [INFO] Updated politician McCollum, Betty (631)
2026-01-08 04:12:51,943 [INFO] Updated politician Clyburn, James E. (632)
2026-01-08 04:12:52,446 [INFO] Updated politician Kaptur, Marcy (633)
2026-01-08 04:12:52,965 [INFO] Updated politician Hoyer, Steny H. (634)
2026-01-08 04:12:53,449 [INFO] Updated politician Nolan, Richard M. (635)
2026-01-08 04:12:53,943 [INFO] Updated politician Anthony, Beryl, Jr. (636)
2026-01-08 04:12:54,445 [INFO] Updated politician Waltz, Michael (637)
2026-01-08 04:12:54,925 [INFO] Updated politician Gallagher, Mike (638)
2026-01-08 04:12:55,606 [INFO] Updated politician Gaetz, Matt (639)
2026-01-08 04:12:56,089 [INFO] Updated politician Johnson, Bill (640)
2026-01-08 04:12:56,583 [INFO] Updated politician Higgins, Brian (641)
2026-01-08 04:12:57,071 [INFO] Updated politician Steiger, William A. (642)
2026-01-08 04:12:57,547 [INFO] Updated politician Oakar, Mary Rose (643)
2026-01-08 04:12:57,706 [INFO] Progress: 550/5200 members ingested
2026-01-08 04:12:58,503 [INFO] Created politician Burton, John -> 1412
2026-01-08 04:12:59,200 [INFO] Created politician Green, Mark E. -> 1413
2026-01-08 04:12:59,886 [INFO] Created politician Cunningham, Randy (Duke) -> 1414
2026-01-08 04:13:00,526 [INFO] Created politician Castle, Michael N. -> 1415
2026-01-08 04:13:01,166 [INFO] Created politician Clay, William (Bill) -> 1416
2026-01-08 04:13:01,825 [INFO] Created politician McCarthy, Carolyn -> 1417
2026-01-08 04:13:02,476 [INFO] Created politician Williams, Pat -> 1418
2026-01-08 04:13:03,121 [INFO] Created politician Farenthold, Blake -> 1419
2026-01-08 04:13:03,763 [INFO] Created politician Nedzi, Lucien N. -> 1420
2026-01-08 04:13:04,423 [INFO] Created politician Rangel, Charles B. -> 1421
2026-01-08 04:13:05,083 [INFO] Created politician Connolly, Gerald E. -> 1422
2026-01-08 04:13:05,745 [INFO] Created politician Bond, Christopher S. -> 1423
2026-01-08 04:13:06,387 [INFO] Created politician McMillan, J. Alex -> 1424
2026-01-08 04:13:07,042 [INFO] Created politician Sweeney, David McCann -> 1425
2026-01-08 04:13:07,693 [INFO] Created politician Filner, Bob -> 1426
2026-01-08 04:13:08,323 [INFO] Created politician Cicilline, David N. -> 1427
2026-01-08 04:13:08,981 [INFO] Created politician McCarthy, Kevin -> 1428
2026-01-08 04:13:09,653 [INFO] Created politician LaFalce, John J. -> 1429
2026-01-08 04:13:10,371 [INFO] Created politician Grijalva, Raúl M. -> 1430
2026-01-08 04:13:11,025 [INFO] Created politician Watkins, Wes -> 1431
2026-01-08 04:13:11,666 [INFO] Created politician Johnston, J. Bennett -> 1432
2026-01-08 04:13:12,326 [INFO] Created politician Love, Mia B. -> 1433
2026-01-08 04:13:12,963 [INFO] Created politician Lowey, Nita M. -> 1434
2026-01-08 04:13:13,624 [INFO] Created politician Simpson, Alan K. -> 1435
2026-01-08 04:13:14,269 [INFO] Created politician Diaz-Balart, Lincoln -> 1436
2026-01-08 04:13:14,927 [INFO] Created politician Turner, Sylvester -> 1437
2026-01-08 04:13:15,610 [INFO] Created politician Byron, Beverly B. -> 1438
2026-01-08 04:13:16,266 [INFO] Created politician Boren, David L. -> 1439
2026-01-08 04:13:16,926 [INFO] Created politician Tucker, James G., Jr. (Jim Guy) -> 1440
2026-01-08 04:13:17,586 [INFO] Created politician Good, Bob -> 1441
2026-01-08 04:13:18,346 [INFO] Updated politician Menendez, Robert (310)
2026-01-08 04:13:19,005 [INFO] Created politician Pascrell, Bill -> 1442
2026-01-08 04:13:19,649 [INFO] Created politician Armstrong, Kelly -> 1443
2026-01-08 04:13:20,289 [INFO] Created politician Rubio, Marco -> 1444
2026-01-08 04:13:20,967 [INFO] Created politician Vance, J. D. -> 1445
2026-01-08 04:13:21,611 [INFO] Created politician MacKay, Buddy -> 1446
2026-01-08 04:13:22,264 [INFO] Created politician Williams, Brandon -> 1447
2026-01-08 04:13:22,946 [INFO] Created politician Wild, Susan -> 1448
2026-01-08 04:13:23,604 [INFO] Created politician Wexton, Jennifer -> 1449
2026-01-08 04:13:24,243 [INFO] Created politician Wenstrup, Brad R. -> 1450
2026-01-08 04:13:24,927 [INFO] Created politician Trone, David J. -> 1451
2026-01-08 04:13:25,570 [INFO] Created politician Spanberger, Abigail Davis -> 1452
2026-01-08 04:13:26,232 [ERROR] Failed to ingest member S001177: new row for relation "politicians" violates check constraint "chk_politicians_state_code_valid"
DETAIL:  Failing row contains (1453, Sablan, Gregorio Kilili Camacho, Democrat, MP, null, Representative, null, null, 2026-01-08 09:12:56.945337+00, 2026-01-08 09:12:56.945337+00).

2026-01-08 04:13:27,068 [INFO] Updated politician Sarbanes, John P. (686)
2026-01-08 04:13:27,550 [INFO] Updated politician Steel, Michelle (687)
2026-01-08 04:13:28,186 [INFO] Updated politician Ruppersberger, C. A. Dutch (688)
2026-01-08 04:13:28,664 [INFO] Updated politician Rosendale, Matthew M. (689)
2026-01-08 04:13:29,149 [INFO] Updated politician Peltola, Mary Sattler (690)
2026-01-08 04:13:29,649 [INFO] Updated politician Porter, Katie (691)
2026-01-08 04:13:30,126 [INFO] Updated politician Phillips, Dean (692)
2026-01-08 04:13:30,606 [INFO] Updated politician Pence, Greg (693)
2026-01-08 04:13:30,826 [INFO] Progress: 600/5200 members ingested
2026-01-08 04:13:31,473 [INFO] Updated politician Posey, Bill (694)
2026-01-08 04:13:31,952 [INFO] Updated politician Nickel, Wiley (695)
2026-01-08 04:13:32,429 [INFO] Updated politician Napolitano, Grace F. (696)
2026-01-08 04:13:32,910 [INFO] Updated politician Molinaro, Marcus J. (697)
2026-01-08 04:13:33,437 [INFO] Updated politician Mooney, Alexander X. (698)
2026-01-08 04:13:33,966 [INFO] Updated politician McMorris Rodgers, Cathy (699)
2026-01-08 04:13:34,464 [INFO] Updated politician McHenry, Patrick T. (700)
2026-01-08 04:13:34,950 [INFO] Updated politician Manning, Kathy E. (701)
2026-01-08 04:13:35,453 [INFO] Updated politician Lee Carter, Erica (702)
2026-01-08 04:13:35,948 [INFO] Updated politician Lopez, Greg (703)
2026-01-08 04:13:36,423 [INFO] Updated politician Lesko, Debbie (704)
2026-01-08 04:13:36,905 [INFO] Updated politician Luetkemeyer, Blaine (705)
2026-01-08 04:13:37,393 [INFO] Updated politician Lamborn, Doug (706)
2026-01-08 04:13:37,871 [INFO] Updated politician Lee, Barbara (707)
2026-01-08 04:13:38,370 [INFO] Updated politician LaTurner, Jake (708)
2026-01-08 04:13:38,849 [INFO] Updated politician Kuster, Ann M. (709)
2026-01-08 04:13:39,353 [INFO] Updated politician Kilmer, Derek (710)
2026-01-08 04:13:39,827 [INFO] Updated politician Kildee, Daniel T. (711)
2026-01-08 04:13:40,331 [INFO] Updated politician Graves, Garret (712)
2026-01-08 04:13:40,807 [INFO] Updated politician Granger, Kay (713)
2026-01-08 04:13:41,286 [INFO] Updated politician Garcia, Mike (714)
2026-01-08 04:13:41,773 [INFO] Updated politician Ferguson, A. Drew (715)
2026-01-08 04:13:42,278 [INFO] Updated politician Eshoo, Anna G. (716)
2026-01-08 04:13:42,798 [INFO] Updated politician Duarte, John S. (717)
2026-01-08 04:13:43,334 [INFO] Updated politician D'Esposito, Anthony (718)
2026-01-08 04:13:43,842 [INFO] Updated politician Duncan, Jeff (719)
2026-01-08 04:13:44,329 [INFO] Updated politician Chavez-DeRemer, Lori (720)
2026-01-08 04:13:44,809 [INFO] Updated politician Caraveo, Yadira (721)
2026-01-08 04:13:45,335 [INFO] Updated politician Cárdenas, Tony (722)
2026-01-08 04:13:45,865 [INFO] Updated politician Cartwright, Matt (723)
2026-01-08 04:13:46,392 [INFO] Updated politician Carl, Jerry L. (724)
2026-01-08 04:13:46,906 [INFO] Updated politician Bishop, Dan (725)
2026-01-08 04:13:47,438 [INFO] Updated politician Bucshon, Larry (726)
2026-01-08 04:13:47,927 [INFO] Updated politician Burgess, Michael C. (727)
2026-01-08 04:13:48,492 [INFO] Updated politician Bush, Cori (728)
2026-01-08 04:13:48,965 [INFO] Updated politician Bowman, Jamaal (729)
2026-01-08 04:13:49,448 [INFO] Updated politician Blumenauer, Earl (730)
2026-01-08 04:13:49,949 [INFO] Updated politician Allred, Colin Z. (731)
2026-01-08 04:13:50,425 [INFO] Updated politician Casey, Robert P., Jr. (732)
2026-01-08 04:13:50,909 [INFO] Updated politician Tester, Jon (733)
2026-01-08 04:13:51,410 [INFO] Updated politician Sinema, Kyrsten (734)
2026-01-08 04:13:51,908 [INFO] Updated politician Stabenow, Debbie (735)
2026-01-08 04:13:52,391 [INFO] Updated politician Romney, Mitt (736)
2026-01-08 04:13:52,933 [INFO] Updated politician Manchin, Joe, III (737)
2026-01-08 04:13:53,563 [INFO] Updated politician Carper, Thomas R. (738)
2026-01-08 04:13:54,047 [INFO] Updated politician Cardin, Benjamin L. (739)
2026-01-08 04:13:54,577 [INFO] Updated politician Braun, Mike (740)
2026-01-08 04:13:55,068 [INFO] Updated politician Brown, Sherrod (741)
2026-01-08 04:13:55,543 [INFO] Updated politician Helmy, George S. (742)
2026-01-08 04:13:56,049 [INFO] Updated politician Butler, Laphonza R. (743)
2026-01-08 04:13:56,208 [INFO] Progress: 650/5200 members ingested
2026-01-08 04:13:57,007 [INFO] Created politician Santos, George -> 1454
2026-01-08 04:13:57,659 [INFO] Created politician Jackson, Jeff -> 1455
2026-01-08 04:13:58,316 [ERROR] Failed to ingest member G000582: new row for relation "politicians" violates check constraint "chk_politicians_state_code_valid"
DETAIL:  Failing row contains (1456, González-Colón, Jenniffer, Republican, PR, null, Representative, null, null, 2026-01-08 09:13:55.444503+00, 2026-01-08 09:13:55.444503+00).

2026-01-08 04:13:59,125 [INFO] Updated politician Sasse, Ben (1014)
2026-01-08 04:13:59,606 [INFO] Updated politician Buck, Ken (1015)
2026-01-08 04:14:00,087 [INFO] Updated politician Stewart, Chris (1016)
2026-01-08 04:14:00,563 [INFO] Updated politician Payne, Donald M. (1017)
2026-01-08 04:14:01,042 [INFO] Updated politician Feinstein, Dianne (1018)
2026-01-08 04:14:01,536 [INFO] Updated politician Jackson Lee, Sheila (1019)
2026-01-08 04:14:02,031 [INFO] Updated politician Blackburn, Ben (1020)
2026-01-08 04:14:02,503 [INFO] Updated politician Keys, Martha E. (1021)
2026-01-08 04:14:02,992 [INFO] Updated politician Spratt, John M., Jr. (1022)
2026-01-08 04:14:03,463 [INFO] Updated politician Leach, James A. (1023)
2026-01-08 04:14:03,945 [INFO] Updated politician Patterson, Jerry M. (1024)
2026-01-08 04:14:04,430 [INFO] Updated politician Ireland, Andrew P. (1025)
2026-01-08 04:14:04,971 [INFO] Updated politician Hobson, David L. (1026)
2026-01-08 04:14:05,448 [INFO] Updated politician Johnson, Tim (1027)
2026-01-08 04:14:05,925 [INFO] Updated politician Curson, David Alan (1028)
2026-01-08 04:14:06,408 [INFO] Updated politician Evans, Daniel J. (1029)
2026-01-08 04:14:06,891 [INFO] Updated politician Sasser, Jim (1030)
2026-01-08 04:14:07,384 [INFO] Updated politician Carr, Bob (1031)
2026-01-08 04:14:07,862 [INFO] Updated politician Nowak, Henry (1032)
2026-01-08 04:14:08,364 [INFO] Updated politician Symms, Steven D. (1033)
2026-01-08 04:14:08,851 [INFO] Updated politician Robinson, Tommy F. (1034)
2026-01-08 04:14:09,386 [INFO] Updated politician Inhofe, James M. (1035)
2026-01-08 04:14:09,864 [INFO] Updated politician Nethercutt, George R., Jr. (1036)
2026-01-08 04:14:10,355 [INFO] Updated politician Hutchinson, John G. (1037)
2026-01-08 04:14:10,845 [INFO] Updated politician Cannon, Chris (1038)
2026-01-08 04:14:11,327 [INFO] Updated politician McCloskey, Paul N., Jr. (1039)
2026-01-08 04:14:11,805 [INFO] Updated politician Pryor, David H. (1040)
2026-01-08 04:14:12,291 [INFO] Updated politician Murphy, Austin J. (1041)
2026-01-08 04:14:12,790 [INFO] Updated politician Graham, Bob (1042)
2026-01-08 04:14:13,268 [INFO] Updated politician Gunter, Bill (1043)
2026-01-08 04:14:13,746 [INFO] Updated politician Brennan, Joseph E. (1044)
2026-01-08 04:14:14,226 [INFO] Updated politician Delahunt, Bill (1045)
2026-01-08 04:14:14,704 [INFO] Updated politician Lieberman, Joseph I. (1046)
2026-01-08 04:14:15,187 [INFO] Updated politician Everett, Terry (1047)
2026-01-08 04:14:15,701 [INFO] Updated politician McEachin, A. Donald (1048)
2026-01-08 04:14:16,188 [INFO] Updated politician Carnahan, Jean (1049)
2026-01-08 04:14:16,667 [INFO] Updated politician Mottl, Ronald M. (1050)
2026-01-08 04:14:17,186 [INFO] Updated politician Riggs, Frank (1051)
2026-01-08 04:14:17,665 [INFO] Updated politician Johnson, Eddie Bernice (1052)
2026-01-08 04:14:18,172 [INFO] Updated politician Kohl, Herb (1053)
2026-01-08 04:14:18,656 [INFO] Updated politician Hayes, Philip H. (1054)
2026-01-08 04:14:19,306 [INFO] Updated politician Klein, Herbert C. (1055)
2026-01-08 04:14:19,787 [INFO] Updated politician Johnson, James P. (Jim) (1056)
2026-01-08 04:14:20,270 [INFO] Updated politician Bliley, Tom (1057)
2026-01-08 04:14:20,747 [INFO] Updated politician Waldon, Alton R., Jr. (1058)
2026-01-08 04:14:21,225 [INFO] Updated politician Durenberger, Dave (1059)
2026-01-08 04:14:21,707 [INFO] Updated politician Clark, Dick (1060)
2026-01-08 04:14:22,231 [INFO] Updated politician Erdahl, Arlen (1061)
2026-01-08 04:14:22,387 [INFO] Progress: 700/5200 members ingested
2026-01-08 04:14:23,205 [INFO] Created politician Weber, Ed -> 1457
2026-01-08 04:14:23,845 [INFO] Created politician Faircloth, Lauch -> 1458
2026-01-08 04:14:24,508 [INFO] Created politician Richardson, Bill -> 1459
2026-01-08 04:14:25,147 [INFO] Created politician Sundquist, Don -> 1460
2026-01-08 04:14:25,809 [INFO] Created politician Quie, Albert H. -> 1461
2026-01-08 04:14:26,446 [INFO] Created politician Buckley, James L. -> 1462
2026-01-08 04:14:27,086 [INFO] Created politician Weicker, Lowell P., Jr. -> 1463
2026-01-08 04:14:27,774 [INFO] Created politician Bonker, Don -> 1464
2026-01-08 04:14:28,427 [INFO] Created politician Sawyer, Tom -> 1465
2026-01-08 04:14:29,067 [INFO] Created politician Berry, Marion -> 1466
2026-01-08 04:14:29,710 [INFO] Created politician Stenholm, Charles W. -> 1467
2026-01-08 04:14:30,345 [INFO] Created politician Shuster, Bud -> 1468
2026-01-08 04:14:31,006 [INFO] Created politician Sarasin, Ronald A. -> 1469
2026-01-08 04:14:31,669 [INFO] Created politician Bafalis, L. A. (Skip) -> 1470
2026-01-08 04:14:32,345 [INFO] Created politician Jenrette, John W., Jr. -> 1471
2026-01-08 04:14:33,003 [INFO] Created politician Schroeder, Patricia -> 1472
2026-01-08 04:14:33,755 [INFO] Created politician Donnelly, Brian J. -> 1473
2026-01-08 04:14:34,407 [INFO] Created politician Broyhill, James T. -> 1474
2026-01-08 04:14:35,068 [INFO] Created politician Olver, John W. -> 1475
2026-01-08 04:14:35,707 [INFO] Created politician Abourezk, James -> 1476
2026-01-08 04:14:36,368 [INFO] Created politician Newman, Marie -> 1477
2026-01-08 04:14:37,009 [INFO] Created politician Meijer, Peter -> 1478
2026-01-08 04:14:37,670 [INFO] Created politician Kahele, Kaiali'i -> 1479
2026-01-08 04:14:38,312 [INFO] Created politician Jones, Mondaire -> 1480
2026-01-08 04:14:38,948 [INFO] Created politician Herrell, Yvette -> 1481
2026-01-08 04:14:39,587 [INFO] Created politician Cawthorn, Madison -> 1482
2026-01-08 04:14:40,249 [INFO] Created politician Bourdeaux, Carolyn -> 1483
2026-01-08 04:14:40,909 [INFO] Created politician Jacobs, Chris -> 1484
2026-01-08 04:14:41,570 [INFO] Created politician Keller, Fred -> 1485
2026-01-08 04:14:42,228 [INFO] Created politician Luria, Elaine G. -> 1486
2026-01-08 04:14:42,867 [INFO] Created politician Taylor, Van -> 1487
2026-01-08 04:14:43,528 [INFO] Created politician Gonzalez, Anthony -> 1488
2026-01-08 04:14:44,184 [INFO] Created politician Malinowski, Tom -> 1489
2026-01-08 04:14:44,828 [INFO] Created politician Axne, Cynthia -> 1490
2026-01-08 04:14:45,476 [ERROR] Failed to ingest member S001204: new row for relation "politicians" violates check constraint "chk_politicians_state_code_valid"
DETAIL:  Failing row contains (1491, San Nicolas, Michael F. Q., Democrat, GU, null, Representative, null, null, 2026-01-08 09:14:21.624505+00, 2026-01-08 09:14:21.624505+00).

2026-01-08 04:14:46,333 [INFO] Updated politician Lamb, Conor (1097)
2026-01-08 04:14:46,851 [INFO] Updated politician Cheney, Liz (1098)
2026-01-08 04:14:47,353 [INFO] Updated politician Brown, Anthony G. (1099)
2026-01-08 04:14:47,828 [INFO] Updated politician Hollingsworth, Trey (1100)
2026-01-08 04:14:48,309 [INFO] Updated politician Demings, Val Butler (1101)
2026-01-08 04:14:48,788 [INFO] Updated politician Murphy, Stephanie N. (1102)
2026-01-08 04:14:49,269 [INFO] Updated politician Lawson, Al, Jr. (1103)
2026-01-08 04:14:49,747 [INFO] Updated politician O'Halleran, Tom (1104)
2026-01-08 04:14:50,394 [INFO] Updated politician Katko, John (1105)
2026-01-08 04:14:50,889 [INFO] Updated politician Rice, Kathleen M. (1106)
2026-01-08 04:14:51,387 [INFO] Updated politician Zeldin, Lee M. (1107)
2026-01-08 04:14:51,866 [INFO] Updated politician Lawrence, Brenda L. (1108)
2026-01-08 04:14:52,351 [INFO] Updated politician Hice, Jody B. (1109)
2026-01-08 04:14:52,867 [INFO] Updated politician Rice, Tom (1110)
2026-01-08 04:14:53,347 [INFO] Updated politician Maloney, Sean Patrick (1111)
2026-01-08 04:14:53,845 [INFO] Updated politician Walorski, Jackie (1112)
2026-01-08 04:14:54,008 [INFO] Progress: 750/5200 members ingested
2026-01-08 04:14:54,669 [INFO] Updated politician Bustos, Cheri (1113)
2026-01-08 04:14:55,154 [INFO] Updated politician Davis, Rodney (1114)
2026-01-08 04:14:55,645 [INFO] Updated politician Lowenthal, Alan S. (1115)
2026-01-08 04:14:56,175 [INFO] Updated politician Speier, Jackie (1116)
2026-01-08 04:14:56,650 [INFO] Updated politician Sires, Albio (1117)
2026-01-08 04:14:57,131 [INFO] Updated politician Reed, Tom (1118)
2026-01-08 04:14:57,627 [INFO] Updated politician McKinley, David B. (1119)
2026-01-08 04:14:58,108 [INFO] Updated politician Herrera Beutler, Jaime (1120)
2026-01-08 04:14:58,589 [INFO] Updated politician Gibbs, Bob (1121)
2026-01-08 04:14:59,065 [INFO] Updated politician Palazzo, Steven M. (1122)
2026-01-08 04:14:59,551 [INFO] Updated politician Long, Billy (1123)
2026-01-08 04:15:00,032 [INFO] Updated politician Hartzler, Vicky (1124)
2026-01-08 04:15:00,531 [INFO] Updated politician Kinzinger, Adam (1125)
2026-01-08 04:15:01,049 [INFO] Updated politician Bass, Karen (1126)
2026-01-08 04:15:01,530 [INFO] Updated politician Brooks, Mo (1127)
2026-01-08 04:15:02,027 [INFO] Updated politician Yarmuth, John A. (1128)
2026-01-08 04:15:02,507 [INFO] Updated politician Perlmutter, Ed (1129)
2026-01-08 04:15:03,010 [INFO] Updated politician McNerney, Jerry (1130)
2026-01-08 04:15:03,510 [INFO] Updated politician Schrader, Kurt (1131)
2026-01-08 04:15:03,988 [INFO] Updated politician Kirkpatrick, Ann (1132)
2026-01-08 04:15:04,495 [INFO] Updated politician Ravenel, Arthur, Jr. (1133)
2026-01-08 04:15:05,014 [INFO] Updated politician Price, David E. (1134)
2026-01-08 04:15:05,489 [INFO] Updated politician Portman, Rob (1135)
2026-01-08 04:15:05,990 [INFO] Updated politician Toomey, Patrick (1136)
2026-01-08 04:15:06,471 [INFO] Updated politician Kind, Ron (1137)
2026-01-08 04:15:06,968 [INFO] Updated politician Brady, Kevin (1138)
2026-01-08 04:15:07,538 [INFO] Updated politician Blunt, Roy (1139)
2026-01-08 04:15:08,087 [INFO] Updated politician Young, Don (1140)
2026-01-08 04:15:08,570 [INFO] Updated politician Upton, Fred (1141)
2026-01-08 04:15:09,048 [INFO] Updated politician Shumway, Norman D. (1142)
2026-01-08 04:15:09,532 [INFO] Updated politician Shelby, Richard C. (1143)
2026-01-08 04:15:10,041 [INFO] Updated politician Rush, Bobby L. (1144)
2026-01-08 04:15:10,528 [INFO] Updated politician Roybal-Allard, Lucille (1145)
2026-01-08 04:15:11,009 [INFO] Updated politician Maloney, Carolyn B. (1146)
2026-01-08 04:15:11,509 [INFO] Updated politician Leahy, Patrick J. (1147)
2026-01-08 04:15:11,991 [INFO] Updated politician Cotton, Norris (1148)
2026-01-08 04:15:12,487 [INFO] Updated politician Cook, Marlow W. (1149)
2026-01-08 04:15:12,968 [INFO] Updated politician Gohmert, Louie (1150)
2026-01-08 04:15:13,450 [INFO] Updated politician Butterfield, G. K. (1151)
2026-01-08 04:15:13,988 [INFO] Updated politician Ryan, Tim (1152)
2026-01-08 04:15:14,830 [INFO] Updated politician Langevin, James R. (1153)
2026-01-08 04:15:15,306 [INFO] Updated politician Cooper, Jim (1154)
2026-01-08 04:15:15,948 [INFO] Updated politician Chabot, Steve (1155)
2026-01-08 04:15:16,430 [INFO] Updated politician Burr, Richard (1156)
2026-01-08 04:15:16,918 [INFO] Updated politician Doyle, Michael F. (1157)
2026-01-08 04:15:17,414 [INFO] Updated politician DeFazio, Peter A. (1158)
2026-01-08 04:15:17,931 [INFO] Updated politician Levitas, Elliott H. (1159)
2026-01-08 04:15:18,429 [INFO] Updated politician Kolbe, Jim (1160)
2026-01-08 04:15:18,909 [INFO] Updated politician Hubbard, Carroll, Jr. (1161)
2026-01-08 04:15:19,389 [INFO] Updated politician Hillis, Elwood H. (1162)
2026-01-08 04:15:19,550 [INFO] Progress: 800/5200 members ingested
2026-01-08 04:15:20,349 [INFO] Created politician Levin, Andy -> 1492
2026-01-08 04:15:21,012 [INFO] Created politician Sempolinski, Joseph -> 1493
2026-01-08 04:15:21,713 [INFO] Created politician Flores, Mayra -> 1494
2026-01-08 04:15:22,369 [INFO] Created politician Conway, Connie -> 1495
2026-01-08 04:15:23,071 [INFO] Created politician Loeffler, Kelly -> 1496
2026-01-08 04:15:23,731 [INFO] Created politician Wright, Ron -> 1497
2026-01-08 04:15:24,369 [INFO] Created politician Delgado, Antonio -> 1498
2026-01-08 04:15:25,010 [INFO] Created politician Haaland, Debra A. -> 1499
2026-01-08 04:15:25,685 [INFO] Created politician Hagedorn, Jim -> 1500
2026-01-08 04:15:26,331 [INFO] Created politician Crist, Charlie -> 1501
2026-01-08 04:15:26,989 [INFO] Created politician Harris, Kamala D. -> 1502
2026-01-08 04:15:27,630 [INFO] Created politician Vela, Filemon -> 1503
2026-01-08 04:15:28,297 [INFO] Created politician Deutch, Theodore E. -> 1504
2026-01-08 04:15:28,928 [INFO] Created politician Stivers, Steve -> 1505
2026-01-08 04:15:29,614 [INFO] Created politician Richmond, Cedric L. -> 1506
2026-01-08 04:15:30,291 [INFO] Created politician Fudge, Marcia L. -> 1507
2026-01-08 04:15:30,955 [INFO] Created politician Fortenberry, Jeff -> 1508
2026-01-08 04:15:31,622 [INFO] Created politician Nunes, Devin -> 1509
2026-01-08 04:15:32,289 [INFO] Created politician Hastings, Alcee L. -> 1510
2026-01-08 04:15:32,931 [INFO] Created politician Hall, Kwanza -> 1511
2026-01-08 04:15:33,591 [INFO] Created politician Goodling, George A. -> 1512
2026-01-08 04:15:34,252 [INFO] Created politician Riggleman, Denver -> 1513
2026-01-08 04:15:34,909 [INFO] Created politician McAdams, Ben -> 1514
2026-01-08 04:15:35,570 [INFO] Created politician Cunningham, Joe -> 1515
2026-01-08 04:15:36,318 [INFO] Created politician Horn, Kendra S. -> 1516
2026-01-08 04:15:37,056 [INFO] Created politician Brindisi, Anthony -> 1517
2026-01-08 04:15:37,749 [INFO] Created politician Rose, Max -> 1518
2026-01-08 04:15:38,390 [INFO] Created politician Torres Small, Xochitl -> 1519
2026-01-08 04:15:39,049 [INFO] Created politician Watkins, Steve -> 1520
2026-01-08 04:15:39,716 [INFO] Created politician Finkenauer, Abby -> 1521
2026-01-08 04:15:40,392 [INFO] Created politician Shalala, Donna E. -> 1522
2026-01-08 04:15:41,068 [INFO] Created politician Mucarsel-Powell, Debbie -> 1523
2026-01-08 04:15:41,741 [INFO] Created politician Spano, Ross -> 1524
2026-01-08 04:15:42,430 [INFO] Created politician Rouda, Harley -> 1525
2026-01-08 04:15:43,081 [INFO] Created politician Hill, Katie -> 1526
2026-01-08 04:15:43,730 [INFO] Created politician Cox, TJ -> 1527
2026-01-08 04:15:44,371 [INFO] Created politician Jones, Brenda -> 1528
2026-01-08 04:15:45,028 [INFO] Created politician Jones, Doug -> 1529
2026-01-08 04:15:45,675 [INFO] Created politician Handel, Karen C. -> 1530
2026-01-08 04:15:46,334 [INFO] Created politician Gianforte, Greg -> 1531
2026-01-08 04:15:46,990 [INFO] Created politician Strange, Luther -> 1532
2026-01-08 04:15:47,629 [INFO] Created politician Garrett, Thomas A., Jr. -> 1533
2026-01-08 04:15:48,435 [INFO] Created politician Taylor, Scott -> 1534
2026-01-08 04:15:49,068 [INFO] Created politician Faso, John J. -> 1535
2026-01-08 04:15:49,727 [INFO] Created politician Kihuen, Ruben J. -> 1536
2026-01-08 04:15:50,416 [INFO] Created politician Lewis, Jason -> 1537
2026-01-08 04:15:51,048 [INFO] Created politician Mitchell, Paul -> 1538
2026-01-08 04:15:51,691 [INFO] Created politician Rooney, Francis -> 1539
2026-01-08 04:15:52,350 [INFO] Created politician Donovan, Daniel M., Jr. -> 1540
2026-01-08 04:15:53,011 [INFO] Created politician Perdue, David -> 1541
2026-01-08 04:15:53,170 [INFO] Progress: 850/5200 members ingested
2026-01-08 04:15:53,968 [INFO] Created politician Jenkins, Evan H. -> 1542
2026-01-08 04:15:54,648 [INFO] Created politician Comstock, Barbara -> 1543
2026-01-08 04:15:55,310 [INFO] Created politician Hurd, Will -> 1544
2026-01-08 04:15:55,952 [INFO] Created politician Ratcliffe, John -> 1545
2026-01-08 04:15:56,606 [INFO] Created politician Costello, Ryan A. -> 1546
2026-01-08 04:15:57,250 [INFO] Created politician Russell, Steve -> 1547
2026-01-08 04:15:57,912 [INFO] Created politician Hardy, Cresent -> 1548
2026-01-08 04:15:58,575 [INFO] Created politician MacArthur, Thomas -> 1549
2026-01-08 04:15:59,230 [INFO] Created politician Ashford, Brad -> 1550
2026-01-08 04:15:59,889 [INFO] Created politician Walker, Mark -> 1551
2026-01-08 04:16:00,531 [INFO] Created politician Trott, David A. -> 1552
2026-01-08 04:16:01,191 [INFO] Created politician Bishop, Mike -> 1553
2026-01-08 04:16:01,849 [INFO] Created politician Poliquin, Bruce -> 1554
2026-01-08 04:16:02,511 [INFO] Created politician Abraham, Ralph Lee -> 1555
2026-01-08 04:16:03,150 [INFO] Created politician Young, David -> 1556
2026-01-08 04:16:03,789 [INFO] Created politician Blum, Rod -> 1557
2026-01-08 04:16:04,433 [INFO] Created politician Takai, Mark -> 1558
2026-01-08 04:16:05,117 [INFO] Created politician Curbelo, Carlos -> 1559
2026-01-08 04:16:05,791 [INFO] Created politician Graham, Gwen -> 1560
2026-01-08 04:16:06,449 [INFO] Created politician Walters, Mimi -> 1561
2026-01-08 04:16:07,096 [INFO] Created politician Knight, Stephen -> 1562
2026-01-08 04:16:07,753 [INFO] Created politician McSally, Martha -> 1563
2026-01-08 04:16:08,412 [INFO] Created politician Brat, Dave -> 1564
2026-01-08 04:16:09,075 [INFO] Created politician Clawson, Curt -> 1565
2026-01-08 04:16:09,751 [INFO] Created politician Jolly, David W. -> 1566
2026-01-08 04:16:10,391 [INFO] Created politician Walsh, John E. -> 1567
2026-01-08 04:16:11,052 [INFO] Created politician Byrne, Bradley -> 1568
2026-01-08 04:16:11,731 [INFO] Created politician McAllister, Vance M. -> 1569
2026-01-08 04:16:12,372 [INFO] Created politician Chiesa, Jeff -> 1570
2026-01-08 04:16:13,056 [INFO] Created politician Kennedy, Joseph P., III -> 1571
2026-01-08 04:16:13,712 [INFO] Created politician Heck, Denny -> 1572
2026-01-08 04:16:14,372 [INFO] Created politician Gallego, Pete P. -> 1573
2026-01-08 04:16:15,009 [INFO] Created politician O'Rourke, Beto -> 1574
2026-01-08 04:16:15,672 [INFO] Created politician Rothfus, Keith J. -> 1575
2026-01-08 04:16:16,330 [INFO] Created politician Bridenstine, Jim -> 1576
2026-01-08 04:16:16,975 [INFO] Created politician Collins, Chris -> 1577
2026-01-08 04:16:17,652 [INFO] Created politician Lujan Grisham, Michelle -> 1578
2026-01-08 04:16:18,332 [INFO] Created politician Holding, George -> 1579
2026-01-08 04:16:18,991 [INFO] Created politician Meadows, Mark -> 1580
2026-01-08 04:16:19,631 [INFO] Created politician Pittenger, Robert -> 1581
2026-01-08 04:16:20,296 [INFO] Created politician Cowan, William M. -> 1582
2026-01-08 04:16:20,931 [INFO] Created politician Heitkamp, Heidi -> 1583
2026-01-08 04:16:21,731 [INFO] Created politician Bentivolio, Kerry L. -> 1584
2026-01-08 04:16:22,392 [INFO] Created politician Delaney, John K. -> 1585
2026-01-08 04:16:23,031 [INFO] Created politician Messer, Luke -> 1586
2026-01-08 04:16:23,716 [INFO] Created politician Brooks, Susan W. -> 1587
2026-01-08 04:16:24,370 [INFO] Created politician Enyart, William L. -> 1588
2026-01-08 04:16:25,031 [INFO] Created politician Gabbard, Tulsi -> 1589
2026-01-08 04:16:25,673 [INFO] Created politician Collins, Doug -> 1590
2026-01-08 04:16:26,332 [INFO] Created politician Garcia, Joe -> 1591
2026-01-08 04:16:26,495 [INFO] Progress: 900/5200 members ingested
2026-01-08 04:16:27,297 [INFO] Created politician Radel, Trey -> 1592
2026-01-08 04:16:27,973 [INFO] Created politician Murphy, Patrick -> 1593
2026-01-08 04:16:28,611 [INFO] Created politician DeSantis, Ron -> 1594
2026-01-08 04:16:29,272 [INFO] Created politician Yoho, Ted S. -> 1595
2026-01-08 04:16:29,933 [INFO] Created politician Esty, Elizabeth H. -> 1596
2026-01-08 04:16:30,632 [INFO] Created politician Negrete McLeod, Gloria -> 1597
2026-01-08 04:16:31,290 [INFO] Created politician Cook, Paul -> 1598
2026-01-08 04:16:31,952 [INFO] Created politician Barber, Ron -> 1599
2026-01-08 04:16:32,595 [INFO] Created politician Harman, Jane -> 1600
2026-01-08 04:16:33,269 [INFO] Created politician Kirk, Mark Steven -> 1601
2026-01-08 04:16:33,949 [INFO] Created politician Rehberg, Denny -> 1602
2026-01-08 04:16:34,592 [INFO] Created politician Obama, Barack -> 1603
2026-01-08 04:16:35,324 [INFO] Created politician Cazayoux, Donald J., Jr. -> 1604
2026-01-08 04:16:35,975 [INFO] Created politician Corker, Bob -> 1605
2026-01-08 04:16:36,633 [INFO] Created politician Jindal, Bobby -> 1606
2026-01-08 04:16:37,308 [INFO] Created politician Webb, Jim -> 1607
2026-01-08 04:16:37,953 [INFO] Created politician McCaskill, Claire -> 1608
2026-01-08 04:16:38,664 [INFO] Created politician Sekula Gibbs, Shelley -> 1609
2026-01-08 04:16:39,330 [INFO] Created politician Weiner, Anthony D. -> 1610
2026-01-08 04:16:39,977 [INFO] Created politician Lee, Christopher J. -> 1611
2026-01-08 04:16:40,631 [INFO] Created politician Thurmond, Strom -> 1612
2026-01-08 04:16:41,292 [INFO] Created politician Ayotte, Kelly -> 1613
2026-01-08 04:16:41,950 [INFO] Created politician Owens, William L. -> 1614
2026-01-08 04:16:42,592 [INFO] Created politician Turner, Robert L. -> 1615
2026-01-08 04:16:43,254 [INFO] Created politician Hahn, Janice -> 1616
2026-01-08 04:16:43,896 [INFO] Created politician Goodwin, Carte Patrick -> 1617
2026-01-08 04:16:44,577 [INFO] Created politician Graves, Tom -> 1618
2026-01-08 04:16:45,231 [INFO] Created politician Djou, Charles K. -> 1619
2026-01-08 04:16:45,873 [INFO] Created politician Critz, Mark S. -> 1620
2026-01-08 04:16:46,517 [INFO] Created politician Murtha, John P. -> 1621
2026-01-08 04:16:47,178 [INFO] Created politician Brown, Scott P. -> 1622
2026-01-08 04:16:47,830 [INFO] Created politician Wexler, Robert -> 1623
2026-01-08 04:16:48,513 [INFO] Created politician LeMieux, George S. -> 1624
2026-01-08 04:16:49,229 [INFO] Created politician Hochul, Kathleen C. -> 1625
2026-01-08 04:16:49,922 [INFO] Created politician Martinez, Mel -> 1626
2026-01-08 04:16:50,575 [INFO] Created politician Franken, Al -> 1627
2026-01-08 04:16:51,260 [INFO] Created politician Tauscher, Ellen O. -> 1628
2026-01-08 04:16:51,921 [INFO] Created politician McHugh, John M. -> 1629
2026-01-08 04:16:52,642 [INFO] Created politician Wu, David -> 1630
2026-01-08 04:16:53,296 [INFO] Created politician Carson, Julia -> 1631
2026-01-08 04:16:53,953 [INFO] Created politician Ribble, Reid J. -> 1632
2026-01-08 04:16:54,590 [INFO] Created politician Duffy, Sean P. -> 1633
2026-01-08 04:16:55,411 [INFO] Created politician Hurt, Robert -> 1634
2026-01-08 04:16:56,093 [INFO] Created politician Rigell, E. Scott -> 1635
2026-01-08 04:16:56,773 [INFO] Created politician Canseco, Francisco "Quico" -> 1636
2026-01-08 04:16:57,411 [INFO] Created politician Flores, Bill -> 1637
2026-01-08 04:16:58,070 [INFO] Created politician Fincher, Stephen Lee -> 1638
2026-01-08 04:16:58,735 [INFO] Created politician Black, Diane -> 1639
2026-01-08 04:16:59,390 [INFO] Created politician Noem, Kristi L. -> 1640
2026-01-08 04:17:00,039 [INFO] Created politician Mulvaney, Mick -> 1641
2026-01-08 04:17:00,192 [INFO] Progress: 950/5200 members ingested
2026-01-08 04:17:01,012 [INFO] Created politician Gowdy, Trey -> 1642
2026-01-08 04:17:01,672 [INFO] Created politician Barletta, Lou -> 1643
2026-01-08 04:17:02,355 [INFO] Created politician Marino, Tom -> 1644
2026-01-08 04:17:02,992 [INFO] Created politician Meehan, Patrick -> 1645
2026-01-08 04:17:03,629 [INFO] Created politician Renacci, James B. -> 1646
2026-01-08 04:17:04,280 [INFO] Created politician Buerkle, Ann Marie -> 1647
2026-01-08 04:17:04,954 [INFO] Created politician Hanna, Richard L. -> 1648
2026-01-08 04:17:05,591 [INFO] Created politician Gibson, Christopher P. -> 1649
2026-01-08 04:17:06,233 [INFO] Created politician Hayworth, Nan A. S. -> 1650
2026-01-08 04:17:06,872 [INFO] Created politician Grimm, Michael G. -> 1651
2026-01-08 04:17:07,530 [INFO] Created politician Heck, Joseph J. -> 1652
2026-01-08 04:17:08,175 [INFO] Created politician Runyan, Jon -> 1653
2026-01-08 04:17:08,893 [INFO] Created politician Guinta, Frank C. -> 1654
2026-01-08 04:17:09,598 [INFO] Created politician Berg, Rick -> 1655
2026-01-08 04:17:10,253 [INFO] Created politician Ellmers, Renee L. -> 1656
2026-01-08 04:17:10,897 [INFO] Created politician Nunnelee, Alan -> 1657
2026-01-08 04:17:11,555 [INFO] Created politician Cravaack, Chip -> 1658
2026-01-08 04:17:12,236 [INFO] Created politician Clarke, Hansen -> 1659
2026-01-08 04:17:12,900 [INFO] Created politician Amash, Justin -> 1660
2026-01-08 04:17:13,573 [INFO] Created politician Benishek, Dan -> 1661
2026-01-08 04:17:14,211 [INFO] Created politician Landry, Jeffrey M. -> 1662
2026-01-08 04:17:14,876 [INFO] Created politician Pompeo, Mike -> 1663
2026-01-08 04:17:15,533 [INFO] Created politician Yoder, Kevin -> 1664
2026-01-08 04:17:16,195 [INFO] Created politician Huelskamp, Tim -> 1665
2026-01-08 04:17:16,836 [INFO] Created politician Rokita, Todd -> 1666
2026-01-08 04:17:17,499 [INFO] Created politician Schilling, Robert T. -> 1667
2026-01-08 04:17:18,153 [INFO] Created politician Hultgren, Randy -> 1668
2026-01-08 04:17:18,794 [INFO] Created politician Dold, Robert J. -> 1669
2026-01-08 04:17:19,475 [INFO] Created politician Walsh, Joe -> 1670
2026-01-08 04:17:20,162 [INFO] Created politician Labrador, Raul R. -> 1671
2026-01-08 04:17:20,855 [INFO] Created politician Hanabusa, Colleen -> 1672
2026-01-08 04:17:21,533 [INFO] Created politician Woodall, Rob -> 1673
2026-01-08 04:17:22,185 [INFO] Created politician Rivera, David -> 1674
2026-01-08 04:17:22,875 [INFO] Created politician Adams, Sandy -> 1675
2026-01-08 04:17:23,549 [INFO] Created politician West, Allen B. -> 1676
2026-01-08 04:17:24,242 [INFO] Created politician Ross, Dennis A. -> 1677
2026-01-08 04:17:24,933 [INFO] Created politician Nugent, Richard B. -> 1678
2026-01-08 04:17:25,618 [INFO] Created politician Southerland, Steve II -> 1679
2026-01-08 04:17:26,281 [INFO] Created politician Carney, John C., Jr. -> 1680
2026-01-08 04:17:26,955 [INFO] Created politician Gardner, Cory -> 1681
2026-01-08 04:17:27,614 [INFO] Created politician Tipton, Scott  R. -> 1682
2026-01-08 04:17:28,277 [INFO] Created politician Denham, Jeff -> 1683
2026-01-08 04:17:29,096 [INFO] Created politician Quayle, Benjamin -> 1684
2026-01-08 04:17:29,756 [INFO] Created politician Griffin, Tim -> 1685
2026-01-08 04:17:30,454 [INFO] Created politician Roby, Martha -> 1686
2026-01-08 04:17:31,098 [INFO] Created politician Kirk, Paul Grattan, Jr. -> 1687
2026-01-08 04:17:31,786 [INFO] Created politician Salazar, Ken -> 1688
2026-01-08 04:17:32,435 [INFO] Created politician Clinton, Hillary Rodham -> 1689
2026-01-08 04:17:33,114 [INFO] Created politician Richardson, Laura -> 1690
2026-01-08 04:17:33,796 [INFO] Created politician Broun, Paul C. -> 1691
2026-01-08 04:17:33,957 [INFO] Progress: 1000/5200 members ingested
2026-01-08 04:17:34,796 [INFO] Created politician Meehan, Martin T. -> 1692
2026-01-08 04:17:35,482 [INFO] Created politician Kagen, Steve -> 1693
2026-01-08 04:17:36,136 [INFO] Created politician Davis, David -> 1694
2026-01-08 04:17:36,775 [INFO] Created politician Carney, Christopher P. -> 1695
2026-01-08 04:17:37,435 [INFO] Created politician Murphy, Patrick J. -> 1696
2026-01-08 04:17:38,097 [INFO] Created politician Sestak, Joe -> 1697
2026-01-08 04:17:38,782 [INFO] Created politician Altmire, Jason -> 1698
2026-01-08 04:17:39,438 [INFO] Created politician Fallin, Mary -> 1699
2026-01-08 04:17:40,094 [INFO] Created politician Space, Zachary T. -> 1700
2026-01-08 04:17:40,759 [INFO] Created politician Sutton, Betty -> 1701
2026-01-08 04:17:41,441 [INFO] Created politician Wilson, Charles A. -> 1702
2026-01-08 04:17:42,134 [INFO] Created politician Arcuri, Michael A. -> 1703
2026-01-08 04:17:42,928 [INFO] Created politician Hall, John J. -> 1704
2026-01-08 04:17:43,623 [INFO] Created politician Heller, Dean -> 1705
2026-01-08 04:17:44,305 [INFO] Created politician Hodes, Paul W. -> 1706
2026-01-08 04:17:44,984 [INFO] Created politician Shea-Porter, Carol -> 1707
2026-01-08 04:17:45,656 [INFO] Created politician Shuler, Heath -> 1708
2026-01-08 04:17:46,397 [INFO] Created politician Bachmann, Michele -> 1709
2026-01-08 04:17:47,101 [INFO] Created politician Ellison, Keith -> 1710
2026-01-08 04:17:47,777 [INFO] Created politician Walz, Timothy J. -> 1711
2026-01-08 04:17:48,441 [INFO] Created politician Boyda, Nancy E. -> 1712
2026-01-08 04:17:49,076 [INFO] Created politician Ellsworth, Brad -> 1713
2026-01-08 04:17:49,721 [INFO] Created politician Donnelly, Joe -> 1714
2026-01-08 04:17:50,407 [INFO] Created politician Hare, Phil -> 1715
2026-01-08 04:17:51,057 [INFO] Created politician Roskam, Peter J. -> 1716
2026-01-08 04:17:51,701 [INFO] Created politician Sali, Bill -> 1717
2026-01-08 04:17:52,362 [INFO] Created politician Loebsack, David -> 1718
2026-01-08 04:17:53,033 [INFO] Created politician Braley, Bruce L. -> 1719
2026-01-08 04:17:53,756 [INFO] Created politician Klein, Ron -> 1720
2026-01-08 04:17:54,396 [INFO] Created politician Mahoney, Tim -> 1721
2026-01-08 04:17:55,037 [INFO] Created politician Giffords, Gabrielle -> 1722
2026-01-08 04:17:55,676 [INFO] Created politician Mitchell, Harry E. -> 1723
2026-01-08 04:17:56,337 [INFO] Created politician Solis, Hilda L. -> 1724
2026-01-08 04:17:56,983 [INFO] Created politician Murphy, Scott -> 1725
2026-01-08 04:17:57,792 [INFO] Created politician Perriello, Thomas S.P. -> 1726
2026-01-08 04:17:58,558 [ERROR] Transaction rolled back due to error
